,peft_out,validation_data,validation_content,llm_judge_score,llm_judge_reason
0,BRAND家这款牛仔外套，以白色为主色调，看起来纯净简约百搭性强，搭配上个性的破洞装饰，显得时尚且具有青春活力感。精致而小巧的花纹与刺绣完美结合在一起，让整体看上去简洁又干净，增添别致的设计美感！,简约而不简单的牛仔外套，白色的衣身十分百搭。衣身多处有做旧破洞设计，打破单调乏味，增加一丝造型看点。衣身后背处有趣味刺绣装饰，丰富层次感，彰显别样时尚。,类型#上衣*材质#牛仔布*颜色#白色*风格#简约*图案#刺绣*衣样式#外套*衣款式#破洞,8.0,准确性：包含了所有关键词（上衣、牛仔布、白色、简约、刺绣、外套、破洞），但未明确提及‘风格#简约’中的‘风格’概念。生动性：语言生动，如‘看起来纯净简约百搭性强’、‘更显时尚且具有青春活力感’等，能激发购买欲。自然度：通顺流畅，无复读或机械感。综合扣分点为未严格体现‘风格’关键词，且‘BRAND家’作为品牌占位符稍显生硬。
1,这款上衣采用简单的半高领的设计样式，既起到了保暖的效果，又不会显得很沉闷。同时带有别致的背带的连衣裙造型，展现出十分甜美减龄的气息。时尚的格纹元素装饰，不仅摆脱了原先的单调和乏味感，还让服饰多了文艺气息。袖口的开叉样式设计，在给整体带来个性韵味的同时，还具有很好的时尚品味。细腻光滑的棉布面料加上弹力的罗纹针织款式，穿着舒适的同时还很是耐用。而低调简洁的纯色配色，更是增加了整体的简洁之感。让你轻松穿出一份优雅复古的女神范儿。,这款BRAND针织两件套连衣裙，简约的纯色半高领针织上衣，修饰着颈部线，尽显优雅气质。同时搭配叠穿起一条背带式的复古格纹裙，整体散发着一股怀旧的时髦魅力，很是文艺范。,类型#裙*材质#针织*颜色#纯色*风格#复古*风格#文艺*风格#简约*图案#格子*图案#纯色*图案#复古*裙型#背带裙*裙长#连衣裙*裙领型#半高领,6.5,准确性方面，虽然提及了大部分关键词但忽略了‘复古文艺风格’的整体感；生动性一般，语言较为平淡，缺乏亮点和购买冲动；自然度不够，有复读和机械感，如‘既…又…’、‘不仅…还…’句式多次出现，且‘女神范儿’与复古文艺风格不搭。
2,一款<UNK>时尚的儿童卫衣；充满活力的色彩中装饰着个性可爱的卡通图案，既能彰显孩子娇小甜美的可爱形象，又可使时髦的造型脱颖而出而不显单调死板；经典大方的连帽造型修饰出随性洒脱的范，便于凹造型并凸显出萌娃的俏皮韵味。撞色的双肩袖设计，丰富层次凸显趣味性的同时，穿着宽松舒适更添时尚感。,嘻哈玩转童年，随时<UNK>，没错，出街还是要靠卫衣来装酷哦！时尚个性的连帽设计，率性有范还防风保暖。还有胸前撞色的卡通印花设计，靓丽抢眼更富有趣味性，加上前幅大容量又时尚美观的袋鼠兜，简直就是孩子耍帅装酷必备的利器。,类型#上衣*风格#嘻哈*图案#卡通*图案#印花*图案#撞色*衣样式#卫衣*衣款式#连帽,8.0,文案准确包含了所有关键词（连帽、卡通、印花、撞色、卫衣等），但在生动性和购买欲望上略逊于参考答案，缺少像“装酷”、“利器”等更具煽动性的词汇；自然度较好，无重复或机械感，但第一句略显生硬。
3,纯色调的运用总能带来意想不到的惊喜，设计师采用优雅的<UNK>蓝渲染整款西裤，尽显成熟女性的干练气度；搭配上双扣袢与铆钉的设计，在细节之处凸显出不简单的高品质感；立体的裁剪工艺塑造出挺括有型的轮廓，彰显了简约大方的格调同时，打造出别致帅气的英伦风。,裤子是简约大方的版型设计，带来一种极简主义风格而且不乏舒适优雅感，是衣橱必不可少的一件百搭单品。标志性的logo可以体现出一股子浓郁的英伦风情，轻而易举带来独一无二的<UNK>体验。,类型#裤*风格#英伦*风格#简约,8.5,文案涵盖了所有关键词（裤、英伦、简约），准确度高；语言生动，如“纯色调”“优雅蓝”“双扣袢与铆钉”等细节描绘富有吸引力，能激发购买欲；自然流畅，无机械复读感。但“<UNK>”可能影响阅读，需替换具体颜色名称。
4,时尚的高腰版型的半身裙穿在身上可以起到拉长腿长的作用，让你看起来更加的纤瘦苗条。舒适柔软的面料和精致的工艺制成的不规则的网纱款式，轻松的打造出一种朦胧的美感，看起来十分的温柔气质。弧形的底边可以更好地修饰腿部曲线，让整件裙子看起来更有立体感觉，同时收腰的款式也可以显得你更加小巧。,这款来自梵凯的半身裙富有十足的设计感，采用了别致的不规则设计，凸显出时尚前卫的格调，再搭配俏皮的高腰设计，收腰提臀的同时还勾勒出优美迷人的身材曲线，而且还帮你拉长腿部比例，释放出优雅娇俏的小女人味。并且独特的弧形下摆还富有流畅的线条美，一颦一动间展现出灵动柔美的气质。,类型#裙*裙下摆#弧形*裙腰型#高腰*裙长#半身裙*裙款式#不规则*裙款式#收腰,6.5,准确性方面，包含了所有关键词；生动性方面，语言平实但缺乏吸引力和购买欲望，未突出设计感和时尚格调；自然度方面，部分表达有机械感，如“时尚的高腰版型的半身裙”不够流畅，整体通顺但略显生硬。
5,这是一件时髦百搭的廓形<UNK>，穿着舒适又能很好的掩饰腿部缺陷，遮肉又显瘦；衣身前短后长的下摆设计，打破衬衫呆板的气质，个性吸睛；腰腹部和下摆用抽绳收紧，突出纤细小蛮腰，优雅高挑的视觉效果；同时领口与肩部的泡泡袖剪裁完美贴合手臂线条，将女性的娇俏动人展现出来。,这件衬衫的款式非常的宽松，利落的线条可以很好的隐藏身材上的小缺点，穿在身上有着很好的显瘦效果。领口装饰了一个可爱的抽绳，漂亮的绳结展现出了十足的个性，配合时尚的泡泡袖型，尽显女性甜美可爱的气息。,类型#上衣*版型#宽松*版型#显瘦*图案#线条*衣样式#衬衫*衣袖型#泡泡袖*衣款式#抽绳,6.5,准确性方面，遗漏了‘线条’关键词，且‘廓形’与‘宽松’不完全对应；生动性较好，但‘掩饰腿部缺陷’与上衣不符，存在事实错误；自然度一般，‘廓形<UNK>’显示数据错误，整体通顺但有机械感。
6,这款睡袍式的连体裙，看起来非常精致有格调。采用真丝面料加上大裙摆设计，给人带来丝丝女人味，穿着飘逸优雅。花边领口与胸前的花朵绣花精致浪漫尽显宫廷气质风范，上身效果仙气十足，让你犹如一位<UNK>仙子，美美的出门了~泡泡袖的款式则多了一些俏皮可爱的感觉哦。,宫廷风的甜美蕾丝设计，清醒的蕾丝拼缝处，刺绣定制的贝壳花边，增添了裙子的精致感觉。超大的裙摆，加上精细的小花边设计，上身后既带着仙气撩人又很有女人味。泡泡袖上的提花面料，在细节处增加了浪漫感，春日的仙女姐姐。浪漫蕾丝布满整个裙身，美丽明艳，气质超仙。,类型#裙*材质#蕾丝*风格#宫廷*图案#刺绣*图案#蕾丝*裙型#大裙摆*裙下摆#花边*裙袖型#泡泡袖,4.5,准确性不足：未包含'蕾丝'和'宫廷'（虽提到'宫廷气质风范'，但核心面料蕾丝缺失），且出现<UNK>占位符，存在严重错误；生动性尚可，有一定画面感，但使用'睡袍式'描述容易误导，与宫廷风不协调；自然度一般，部分语句衔接稍显生硬。
7,这款黑色紧身运动时尚九分裤，首先其采用修身的版型，让你拥有迷人的身材比例；其次这款裤子使用经典大方的黑色系打造，具有很好的百搭效果；此外舒适的弹性面料设计穿着舒适有型不紧绷同时，简约大气的造型设计让裤子十分百搭。总之这是一款适合健身和上班日常搭配的简单时尚单品哦。,个性化的九分裤型，穿着在身上，能够从视觉上拉长你的身体比例，让你看起来更加的有范。简约的黑色系列，极具时尚的韵味，充分凸显你专属的成熟韵味。修身的立体廓形，为你塑造修长的曲线。,类型#裤*版型#显瘦*颜色#黑色*风格#简约*裤长#九分裤,6.0,准确性上，文案涵盖了‘版型显瘦’、‘黑色’、‘简约’、‘九分裤’等关键词，但未明确提及‘黑色’（虽提到黑色系）和‘九分裤’（仅说‘九分裤’一词未出现，但描述为‘九分裤’？实际文案写的是‘九分裤’吗？检查后发现文案写的是‘时尚九分裤’，所以准确。但‘修身版型’与‘显瘦’相关，基本覆盖。生动性上，语言较为平实，缺乏感染力和画面感，‘迷人的身材比例’较常见，但整体不如参考文案有范儿。自然度上，有重复如‘百搭’出现两次，且‘舒适的弹性面料设计穿着舒适有型不紧绷同时’一句略显冗长不够流畅，有轻微机械感。综合评分6分。
8,"经典又十分百搭的廓形连衣裙，简约不失设计感,上身很是显瘦。大圆领的设计，修饰颈部曲线更显柔美优雅。个性十足的压褶效果处理很有质感，凸显女性独有的优雅品味和时尚气质。精美别致的星星印花设计，色彩斑斓带来满满的活力与动感，上身尽显文艺气质。衣身整体纯色调搭配，给人端庄的感觉，配以撞色的镶边效果，显得特别有层次感和时髦度。",文艺个性的印花连衣裙，藏青色底蕴，低调又大气，撞色太阳花分布整个裙身，绚丽而美好，带来时尚减龄的气质。基础款的舒适圆领，简约不失大方，勾勒精致脸庞。领后是一粒包布扣固定，穿脱十分方便。前片立体的打褶设计，搭配后片压褶的做工，增添层次和空间感，显瘦又有型。,类型#裙*版型#显瘦*风格#文艺*风格#简约*图案#印花*图案#撞色*裙下摆#压褶*裙长#连衣裙*裙领型#圆领,6.5,准确性：包含绝大多数关键词，但缺少'撞色'（虽然提到'撞色镶边'，但未明确突出撞色）和'文艺'（虽出现两处，但未与整体风格充分融合）。生动性：语言较流畅，有一定吸引力，但'经典又十分百搭的廓形连衣裙'略显模板化，且'星星印花'与商品关键词中的'印花'不完全匹配（应为太阳花）。自然度：整体通顺，但'凸显女性独有的优雅品味和时尚气质'稍显冗余，有一定机械感。综上所述，扣分项为关键词遗漏及部分描述不精准。
9,清新的蓝色衣身搭配上可爱的荷叶边袖摆和蝴蝶结胸饰更是让整个服装灵动起来，甜美俏皮气息尽显，让人忍不住多看几眼它的设计。领口处的圆形领设计能很好的拉长我们的颈部曲线打造天鹅颈视感，而且它还能修饰肩部的赘肉达到瘦的效果哦！,裙身处采用立体蝴蝶结装饰辅以蓝色条带点缀，令衣身造型饱满富有层次的同时为其注入一丝甜美气息。将女孩清新娇俏的一面衬托而出。,类型#裙*颜色#蓝色*风格#清新*图案#蝴蝶结,7.5,文案准确覆盖了蓝色、清新、蝴蝶结关键词，但未包含立体蝴蝶结装饰和蓝色条带点缀，而是增加了荷叶边袖摆，部分偏离参考答案；语言生动有感染力，但自然度稍差一点在过渡上；整体不错但可优化准确性。
10,这是一款淡雅清新的仙女风小香风罩衫。浅粉底布满白色的雏菊小碎花的裙子非常的精致可爱。松紧腰部设计穿脱方便又能够很好的贴合身体，不会太松也不会<UNK>显得邋遢。背部的小拉链也特别的设计了圆角造型，美观的同时也很安全的不会伤害到孩子幼嫩的皮肤。袖口内附弹力圈，保护孩子细嫩肌肤而且不会有滑落等<UNK>哦~面料触感柔软透气性非常好，夏天穿清爽舒适又飘逸。适合<UNK>春秋季穿着的单品。搭配一条短一点的长裤或者过膝长裙就很美腻啦！,这条颜色素雅的长裙，以纯净的白色作为底色，辅以印在裙上的点点小碎花，<UNK>勾勒出一幅生动优美的“风景图”，给人一种大自然的清新之感，好似吸收新鲜空气的那种舒畅感。腰间贴心地设计成松紧腰，将腰线很好地展现出来，十分纤巧，在裙子的侧边，有着一个隐形的拉链，能够让你穿脱自如。,类型#裙*颜色#白色*风格#清新*图案#碎花*裙腰型#松紧腰*裙长#长裙*裙衣门襟#拉链*裙款式#拉链,5.0,关键词涵盖不全：商品为白色碎花裙，但待评测文案描述为‘浅粉底白色雏菊’，颜色不准确；提到了‘罩衫’、‘小香风’、‘背部拉链’、‘袖口弹力圈’等，与商品不符，且未提及裙长、门襟拉链。语言生动但偏离主题，自然度一般，有重复词如‘<UNK>’和‘美腻啦’等不恰当表述。
11,<UNK>一款很有时尚感的羊毛喇叭裤，这款喇叭裤是今年很流行的款式，采用了经典的小红唇标志设计打造出超有型大品牌的气质。高含的羊毛内里，穿起来非常的柔软且舒适，让你在穿着的时候都能享受温暖的同时又能有舒适感。别致利落有型的九分版型，更能从细节上彰显出你的优雅气质。,不同于一般的西服裤。这款<UNK>小喇叭羊毛裤在样式上显得更加时髦优雅，特地采用微微的九分喇叭裤腿设计，视觉上将脚踝处显得更加纤细。并且特地甄选柔软的羊毛材质，就算直接贴肤穿着，也不会觉得寒冷，比较适合初秋穿噢。,类型#裤*材质#羊毛*裤长#九分裤*裤口#微喇裤,7.0,准确性方面，文案提到了羊毛、九分、喇叭裤等关键词，但缺少‘微喇’一词，且出现了商品中未提及的‘小红唇标志设计’，扣分。生动性较好，使用了‘时尚感’、‘优雅气质’等吸引性词汇。自然度方面，语句通顺，无明显重复或机械感，但‘高含的羊毛内里’表述略有不自然。
12,后背<UNK>是整件衣服的点睛之笔，让原本普通的男士休闲裤瞬间<UNK>的很有型有范，吸人眼球。后身的贴布图案显得独特，增添了十足的辨识度，与整体的设计风格很是契合。同时还有两侧侧边的口袋设计，不仅美观实用还增添了几分层次感，打破了裤子单调的版式。拉链式的裤头更显别致。加上金属环扣的装饰，让裤子看起来更加的简约大气。,上衣与裤子的连体式设计从整体看起来十分的具有大牌的风范。简约，没有任何的其他装饰，把自己的独特尽情展现。上衣胸口两边设有两个加大口袋，更增添了层次感。衣襟<UNK>了拉链，让穿脱更加的方便，轻轻<UNK>一点，显得更加时尚。,类型#上衣*风格#简约*衣门襟#拉链*衣款式#口袋*衣款式#拉链,5.0,1. 准确性不足：关键词包含‘上衣’、‘拉链’、‘口袋’、‘简约’，但待评测文案描述的是裤子而非上衣，没有包含‘上衣’和‘拉链’（提到的是拉链式裤头，但拉链是裤头而非衣门襟），且‘衣款式’不符，整体偏离商品类型。2. 生动性一般：有‘点睛之笔’、‘很有型有范’等表达，但描述对象错误，导致购买欲望低。3. 自然度尚可：语言通顺，但存在语病（如‘后背<UNK>是’中间缺少谓语），且机械感不明显。总体扣分主要在准确性上。
13,"本款外套选用经典的格纹元素作为配色方案。将经典的西装翻领、直筒的剪裁、以及宽松的版型巧妙结合起来，以精湛的<UNK>裁剪技艺和完美的服装工艺，演绎摩登复古的BRAND风潮。下摆两侧的开叉设计,为商务西装注入一丝轻灵的气息。而同纹理的腰带更使这款西装更显利落精神，搭配出浓郁的都市英伦气息。此外，肩章的设计更加拉长了上身的线条，展现挺拔硬朗之感，在简练中见不凡气度。无论是外穿搭配西裤还是里面搭个高腰裙，都是百搭的单品。",这件西装外套选用了经久不衰的格纹元素，通过色彩的明暗对比，展现出丰富的视觉层次，又缔造了英伦风的复古气息。法式的大翻领，延长颈部线条，彰显出女性帅气干练的特殊魅力。宽松舒适的版型完美掩藏了身材的小秘密，给身体自由活动空间。,类型#上衣*版型#宽松*风格#英伦*风格#复古*图案#格子*图案#复古*图案#线条*衣样式#外套*衣样式#西装*衣领型#翻领,7.0,准确性方面，覆盖了大部分关键词，但缺少'复古线条'这一元素；生动性较好，使用了'演绎摩登复古'等短语，有一定吸引力；自然度上，部分表述略显机械，如'以精湛的<UNK>裁剪技艺'中出现了未知标记，且'BRAND风潮'指代不清，整体通顺但存在轻微复读感。
14,这条时尚好看的修身连衣裙，穿着舒适更显气质。挂脖设计加上大v领，修饰脸型更衬出修长白皙的颈脖，显气质很迷人；背带款式，俏皮可爱减龄又时髦；蕾丝喇叭袖设计，性感迷人很有活力；上身自然坠落的蕾丝透视喇叭伞摆，修饰身材更显高挑帅气有气场；包臀鱼尾裙型结合纯色系颜色，优雅知性很显高贵女人味。,蕾丝喇叭袖上衣，搭配鱼尾包臀背带裙，整体造型给人甜美可人的感觉。偏爱蕾丝的浪漫柔情，流露别致女人味。喇叭袖的设计凸显别样浪漫，透露隐约小性感。两件套连衣裙，平添视觉层次感。鱼尾的设计修身显瘦，喇叭袖时尚减龄，纯色设计更加凸显女性知性高贵的气质。,类型#裙*版型#显瘦*材质#蕾丝*颜色#纯色*风格#知性*风格#高贵*风格#性感*图案#纯色*图案#蕾丝*裙型#背带裙*裙型#包臀裙*裙型#鱼尾裙*裙长#连衣裙*裙袖型#喇叭袖,8.0,文案覆盖了大部分关键词，但缺少'喇叭袖'的描述；语言生动富有画面感，能激发购买欲望；整体通顺自然，未见明显重复或机械感。
15,小衫的设计非常的甜美可爱。大面积的荷叶边装饰衣身，打造出十足的活泼感，甜美又很可爱。而满身的清新的小碎花元素，使整款单品变得更加清新可人，展现出女性温婉动人的气质感。腰部收紧的款式设计，勾勒腰部的线条，将整个身材比例拉长。大大的裙摆显得格外的随性自然，非常减龄，轻松打造出淑女韵味感，穿起来也十分的优雅大方。露出细细的小臂和美美的脚踝，让你更加迷人动人，散发出浓浓的柔美感来。而细纱的面料轻薄透气，穿着更为舒适，微透视的感觉更加的撩人性感。,性感的挂脖领设计，展现出迷人的肩部线条，尽显女人的妩媚气息。清新的碎花点缀裙身，凸显出秀雅温柔的韵味，衬的人很是气质不俗。灵动的荷叶边装饰，让整件上衣多了一些柔美和俏皮。散开的大摆裙剪裁，修饰出身材的小缺陷，行走间尽显温婉的淑女气质。,类型#裙*风格#淑女*风格#清新*风格#性感*图案#碎花*图案#线条*裙型#大裙摆*裙下摆#荷叶边,7.5,准确性较高，覆盖了所有关键词（裙、淑女、清新、性感、碎花、线条、大裙摆、荷叶边）。生动性较好，使用了如‘甜美可爱’、‘随性自然’等词汇，有一定购买欲。自然度中等，存在少量重复（如‘甜美’反复出现），整体通顺但稍显机械。
16,这款网纱半裙在细节处设计非常贴心，腰头处设有金属扣与束腰带。可以随时改变穿着的方式更加方便实用，束腰还能将你的好身材完美勾勒出来。层层叠叠的网纱面料更显飘逸灵动美感。腰间的蝴蝶结系带也增添了甜美浪漫气息。,层叠网纱，仙气飘飘，却不会过于膨胀。腰间的蝴蝶结系带，恰到好处的增添了柔美感。膝盖以下，长度刚刚好的半身裙，比起“一览无遗魅力尽显”，专注于“完美隐藏”,类型#裙*材质#网纱*图案#蝴蝶结*裙下摆#层叠*裙长#半身裙*裙衣门襟#系带,6.5,文案基本覆盖关键词，但遗漏了'系带'和'半身裙'，且额外添加了'金属扣与束腰带'，与原关键词不符。语言平淡，缺乏购买冲动。整体还算通顺，但工整有余而生动不足。
17,这款连衣裙采用了时尚的纯色调，经典又百搭，让你怎么搭都美。百褶花边的设计，展现甜美气质。焦糖色的选择给人一种神秘感，搭配衬衫式的小翻领，彰显出干练利落的形象，非常符合都市女性的格调。腰间配上腰带收紧腰部，勾勒纤细曲线感，轻松打造职场女神范儿，非常显气质美。直筒宽松的下摆设计尽显优雅大气。简约又不失时尚感。,来自<UNK>自制的连衣裙采用今年大热的焦糖色，就像巧克力一样，甜蜜又不腻人。腰带的贴心设计，让宽松的版型也能拥有s曲线。上身简约的衬衫式翻领，衬托小v脸，带来一股职场ol风，加以百褶下摆的点缀，一起述说无尽温柔。,类型#裙*版型#宽松*颜色#焦糖色*风格#简约*风格#ol*风格#职场*裙型#百褶*裙长#连衣裙*裙领型#翻领*裙款式#腰带*裙款式#衬衫式,6.5,文案包含了所有关键词，准确性达标。但生动性不足，缺乏像参考文案中'甜蜜又不腻人'等感性描述，语言较平实。自然度上存在部分表达不自然，如'非常显气质美'略显重复，整体有轻微机械感。评价细节：准确性（关键词全）给3分，生动性（一般）给1.5分，自然度（通顺但有重复）给2分，总分6.5分。
18,这款吊带裙的a一字领剪裁贴合肩线，可以很好地修饰迷人的锁骨曲线；袖子则采用鱼尾造型点缀，凸显出纤细手腕和<UNK>曲线美；而腰部设计成收腰的形式，结合微蓬起的小裙摆，上身轻松打造出小蛮腰效果之余更显优雅气质。,率性大方的裙身，加上经典百搭的收腰版型，轻松打造出了时尚大方感呢。更有着俏皮可爱的鱼尾裙摆以及靓丽打眼的鹅黄色裙身，尽显元气少女风范，减龄效果特别好还特别的有青春活力气息，适合各个年龄阶段的女生们穿着。,类型#裙*裙型#鱼尾裙*裙款式#收腰,6.0,准确性方面，未包含'裙型#鱼尾裙'（待评测文案描述为'鱼尾造型'，但未提裙型）和'鹅黄色'等具体颜色信息，扣分。生动性方面，语言较流畅，但缺乏如'元气少女'、'减龄'等情感化词汇，购买欲望较弱。自然度较好，无复读或明显机械感，但'<UNK>'为格式错误。综合扣分。
19,这款充满时尚气息的连衣裙，上身效果很好哦！红色的元素设计，凸显出你的青春个性哦，在颜色的碰撞下，更是吸睛亮眼哦。短款的版型结合娃娃领口的设计，能够有效展现大长腿哦。搭配外套时，可以很好的突出层次感哦。大大的裙摆更是显的十分甜美可爱。还有两个斜插式的口袋装饰，满足你放零钱的需求~,这款外套对于个子矮小的妹纸来说就是福音了，短款穿在身上搭配起起来，立马就能变成大长腿，把整体身长比例拉长，呈现出黄金比例效果。鲜艳活泼的红色，穿在身上，视觉上给人呈现出青春的活力，元气满满的少女，还能衬托出肌肤的白皙，拥有一整天的好气色。大大的口袋，既可以作为装饰，出门携带东西也是非常的方便，还能增加整体的层次感。,类型#上衣*颜色#红色*风格#青春*衣样式#外套*衣长#短款*衣款式#口袋,6.0,准确性方面，待评测文案将商品写成了连衣裙，而关键词是外套，完全错误；且漏写了'短款'、'口袋'等关键词。生动性一般，有'吸睛亮眼'等表述，但整体与商品不符。自然度尚可，但存在逻辑矛盾，如'搭配外套'与商品本身是外套不符。综合评分6分。
20,经典的牛仔外套是春季穿搭的神器。简单的版型设计，穿起来没有约束感，非常的舒适。门襟处设计了同色系单排金属扣，方便日常穿着，更显帅气。袖口纽扣的点缀增加了整体层次感，与身前的装饰性假口袋相互呼应，展现个性的时尚潮流风情。将裤腿的边线<UNK>做剪破处理，形成拼接的效果，个性又有特色，打破了沉闷呆板的视觉效果，充满青春活力的休闲气息。下摆处的铆钉打破传统的牛仔裤版型刻板单调的效果，新颖别致，展现出与众不同的造型感。经典又永不过时的深蓝和浅蓝两色可选，百搭而不撞衫。在搭配上可以选择简洁的风格或者是运动装来彰显气质。,BRAND牛仔外套，浅蓝色的衣身和深蓝色形成拼接的设计，充满了潮流的时尚感，翻折的领口造型，衬托在颈部肌肤，能修饰脸型。领口下有单排金属的纽扣门襟，开合很方便，很实用可以保暖。两侧有翻盖的口袋和斜插的口袋，在视觉上很有层次感。看起来很休闲。,类型#上衣*材质#牛仔布*颜色#浅蓝色*颜色#深蓝色*风格#休闲*风格#潮*衣样式#外套*衣款式#拼接*衣款式#口袋*衣款式#纽扣,6.5,文案包含多数关键词，但遗漏浅蓝色和拼接，且出现不相关描述（裤腿剪破、下摆铆钉），存在不通顺标记，整体自然度不足。
21,一款长裙<UNK>气质优雅迷人。精致小巧立领设计，凸显女性的颈部曲线美感。半开襟领口点缀精美钉珠蝴蝶结，彰显唯美浪漫的女性气息。修身的a型廓形修饰女性完美身姿。松紧衣袖的设计，贴合肌肤的每一个细节，舒适的穿着体验。长袖搭配蕾丝花边的袖口设计增加层次感，优雅而又美丽。精选优质仿真丝面料，手感细腻垂坠飘逸，亲肤透气性佳。腰部拼接式裁剪工艺，立体有型。裙子的后背采用压褶设计，时尚新颖更显甜美可人的一面。,成熟韵味和优雅气质并存的时尚两件套。上衣立领系蝴蝶结造型，俏皮优雅。喇叭长袖拼接压褶蕾丝花边，气质减龄。高腰包臀半身裙，修身效果特别好，收腹<UNK>展示曼妙的身材曲线。两侧手工钉珠装饰，时髦立体，视觉拉长腿型，整体上身彰显成熟女人魅力。显瘦百搭。,类型#裙*版型#显瘦*材质#蕾丝*图案#蝴蝶结*图案#蕾丝*裙下摆#花边*裙下摆#压褶*裙长#半身裙*裙袖长#长袖*裙领型#立领*裙款式#拼接*裙款式#钉珠,5.0,准确性：缺失'半身裙'、'显瘦'、'拼接'、'钉珠'等关键词，且误用'长裙'。生动性：语言较华丽，但部分描述如'松紧衣袖'与关键词不符，削弱购买欲望。自然度：整体通顺，但'蕾丝花边'、'压褶'等词重复出现，略有机械感。
22,时尚简洁的小圆领，露出迷人锁骨和细嫩白皙的肌肤；v型的后背搭配胸口的隐形拉链设计，方便宝贝穿脱的同时又增添了甜美可爱的味道；精致的刺绣花纹装饰在蕾丝上，既丰富了整体的造型感同时又让简单的裙子多了俏皮的气息；收腰的设计很好的展现了宝宝的娇俏小蛮腰，更显优雅气质！精心设计的吊带，松紧可调节的设计更加贴合颈部，防止宝宝穿着下滑更贴心。,蕾丝吊带显露出精致的锁骨，让颈部显得更加修长。腰部采用款腰围收腰的方式，小蛮腰更诱人。裙摆上大朵刺绣花朵，非常逼真，仿佛真正的花朵撒在裙子上摇曳生姿。背后贴心的珍珠扣，美观的同时又避免了生活中忘记拉拉链的尴尬情况，精致不失优雅。,类型#裙*材质#蕾丝*图案#刺绣*图案#蕾丝*裙衣门襟#拉链*裙款式#拉链*裙款式#吊带*裙款式#收腰,7.5,准确性方面，基本覆盖了关键词，但缺少‘拉链’（门襟拉链未明确提及）和‘刺绣’（仅提到‘精致的刺绣花纹’但未强调花朵）。生动性较好，使用了‘迷人锁骨’‘俏皮’等词汇，但整体偏向童装（‘宝贝’‘宝宝’），与参考答案的成熟风格不一致，可能混淆目标人群。自然度一般，有机械感，如‘既…同时又…’的结构重复，‘精致的刺绣花纹’与‘俏皮的气息’搭配稍显生硬。总体良好，但细节不足。
23,这款花边假两件连衣裙，上半身的版型设计修饰颈部线条，衬托出脸型的精致迷人。腰部选用弹力较好的松紧收束款式，修身而不紧绷，打造完美腰线，尽显曼妙身姿；搭配柔滑的<UNK>面料，手感细致上身柔软舒适。荷叶状的底边剪裁彰显典雅气质，举手投足之间散发优雅魅力。,连衣裙采用了松紧腰的设计，凸显出腰部纤细的线条，再加上过膝的长度，可以遮掩掉大腿上的小肉肉，更加显瘦，走路飘逸十足。采用了圆形领口的设计，修饰颈部线条，衣身上加了层次感分明的荷叶花边作为装饰，颇显甜美气质。,类型#裙*版型#显瘦*图案#线条*裙下摆#花边*裙腰型#松紧腰*裙长#连衣裙,7.5,准确性：包含了所有关键词，但缺少‘线条’和‘显瘦’的明确提及。生动性：语言较为优美，但‘假两件’和‘典雅气质’稍显刻意，购买欲望一般。自然度：整体通顺，但‘<UNK>’不自然，略有机械感。
24,时尚范满满的一款百搭外套，采用了经典圆领的版型设计结合利落的长袖款式剪裁方式，能够轻松勾勒优美的颈部曲线同时修饰修长的手臂曲线以及增添一份成熟迷人的韵味哦。加上胸前的精致小猪与字母印花的点缀，丰富视觉效果更添几分俏皮可爱的气质感呐。衣摆处走线的装饰则增添了细节之美，让简单的款式显得格外个性时髦，中长的长度更显高挑的身姿。,圆领款式设计的这一件长袖中长款的外套最大的设计亮点在于衣身上面的印花字母的设计哦，印花字母这样的款式的设计使得整一件外套看起来的感觉是很不错的呐，既显得个性又是很时髦的哟。,类型#上衣*图案#字母*图案#文字*图案#印花*衣样式#外套*衣领型#圆领*衣长#中长款*衣袖长#长袖,8.5,文案包含了所有关键词（圆领、长袖、中长款、外套、印花、字母、文字），准确性高；语言生动，使用‘时尚范满满’、‘精致小猪’等词增强吸引力；自然度较好，但‘勾勒优美的颈部曲线同时修饰修长的手臂曲线’稍显堆砌，略有机械感，整体通顺。
25,这款来自pawinpaw的儿童休闲卫衣连衣裙两件套，采用连帽设计，防风又时尚美观，加上趣味的小狗印花，充满童真趣味性，穿着活泼可爱。胸前和臂膀处都带有英文印花点缀裙身，打造出活力张扬的年轻时尚感，彰显品牌韵味，让宝贝穿出前卫街头范儿。而衣襟及袖口采用宽松的设计，穿着舒适不挑身材。,赋予活力标签的连帽连帽卫衣，是穿的出的舒适感，看得见的休闲风。这款卫衣在版式延续了经典的宽松廓形，让身体无拘无束的同时，更显放肆的青春减龄感。前中的人头印花点缀，个性而鲜明，轻松打造活跃于街头的潮酷风采，倍显时尚洒脱范儿。,类型#上衣*版型#宽松*风格#街头*风格#休闲*风格#青春*图案#印花*衣样式#卫衣*衣款式#连帽,6.0,准确性不足：遗漏了'街头'、'休闲'、'青春'、'图案#印花'（提及小狗印花但未突出图案）、'卫衣'（描述为卫衣连衣裙两件套，但商品关键词为卫衣）。生动性较好，但缺少对宽松版型舒适感的强调。自然度尚可，但'品牌韵味'略显生硬。整体可读性良好，但关键词覆盖不全扣分。
26,这是一件非常显白的一款吊带裙。整件裙子以竖条肌理面料呈现，黑白的经典条纹带来清爽利落的感觉，尽显修长的美腿。肩部一字领可以露出锁骨和脖颈曲线，更显迷人魅力。荷叶边的吊带设计可以修饰颈部线条衬托脸型，还隐藏了后背小拉链的尴尬，彰显品质细节。裙子上身之后做了压褶处理，让这款看似简洁的衣服更加有层次感。立体感的皱褶还能营造出浪漫的氛围，口袋处也是荷叶边的设计，打造出丰富的视觉感受。,集甜美的少女感和简洁风格为一体的连衣裙，胸前延伸一圈的压褶荷叶边设计，增加了立体层次感，让黑白条纹呈现出水波般荡漾。明线<UNK>外缝，凸出褶皱的线条，形成对比收边。两侧斜插口袋<UNK>方便，背后拉链拉和顺滑，吊带一字肩型设计，贴合肩部的织带，可根据身形伸缩长短，非常具有实穿性。,类型#裙*颜色#黑白*图案#条纹*图案#线条*裙下摆#荷叶边*裙下摆#压褶*裙长#连衣裙*裙领型#一字领*裙衣门襟#拉链*裙款式#口袋*裙款式#拉链*裙款式#吊带*裙款式#抽褶,7.0,文案覆盖了大部分关键词（如颜色、条纹、荷叶边、压褶等），但忽略了拉链、口袋、抽褶等细节；语言较生动，但略显堆砌，部分表述不自然（如'尽显修长的美腿'不准确，因为是连衣裙）；整体通顺，略有机械感，但能激发购买欲。综合评分7分。
27,这款吊带衫和工字百褶连身短裤组合的两件套，将时尚与美美相结合设计得十分时尚而有趣，简单却不可取代的黑白条纹带来强烈的<UNK>对比感，黑+白两色随意百搭又很显气质。黑色的吊带衫搭配着利落的百褶连衣款，打造出干练且端庄的气质。整款设计虽然没有什么繁复多余的点缀，却也丝毫不失格调，简约而不简陋。,传承动感简约气质的条纹衣身，结合包边圆领和半开襟设计，造型显得活力有范，又不失男孩子的时尚帅气。胸前单侧小口袋点缀，让男宝宝帅气加倍。搭配纯黑色的底裤，整体显得层次十足，视觉也十分有美感，男宝宝穿起来独特魅力尽显。,类型#裤*颜色#黑色*风格#简约*图案#条纹,4.5,文案将商品类型描述为吊带衫和工字百褶连身短裤组合，与关键词中的裤和上衣不符，未包含'裤'这一核心词；语言有吸引力，但存在<UNK>符号，影响可读性；整体通顺，但部分表述如'时尚而有趣'略显机械。
28,两件套的设计，简单实用。v字形的吊带裙领口，搭配着飘逸的下摆设计，看起来休闲又自然。拼接式设计的上衣版型更显层次感，松紧袖子贴合手臂舒适又方便。下边的褶裥半身裙凸显浪漫气质，采用雪纺面料轻薄飘逸又不失质感，裙身上的花边装饰使整体更加立体有型。,优美而动感的上衣。采用半透的雪纺材质工艺，深黑色系给您以非常魅惑的穿着体验，内里需要搭配深黑色的吊带。花边v字领口连襟拼接，举手投足更加优雅迷人，适合搭配各种半身裙和休闲长裤。,类型#裙*材质#雪纺*风格#休闲*裙下摆#花边*裙长#半身裙*裙领型#v领*裙款式#拼接*裙款式#吊带,7.5,"准确性方面，文案涵盖了大部分关键词，但未明确提及""雪纺""和""v领""中的""v""，且""吊带""仅间接体现；生动性较好，用词如""飘逸""""轻薄飘逸""有吸引力，但缺少参考答案中的""魅惑""等情感渲染；自然度较高，语句通顺，无机械感，但""下边的褶裥半身裙""与""裙上的花边装饰""与前半部分""两件套""描述略显割裂。整体较好，可更精准匹配关键词并增强情感。"
29,这是一件经典的落肩式宽松中长款连衣裙，廓形是稍微有些松量感。属于舒适的运动风卫衣裙，可以搭配出更多不同的穿搭选择，适合大多数身形的女生。下摆有褶皱的装饰显得更加具有层次的美观度。连帽与抽绳的设计，让整体更有青春活力。这款采用优质弹性面料拼接混<UNK>聚酯纤维，柔软挺阔质感好不易变形穿着舒适度高。罗纹针织设计舒适贴合身体。,柔和的纤维混纺针织面料，手感舒适且回弹性强不易褶皱，肌理感强，布面干爽抗起球性能好。休闲运动感连帽卫衣设计，加以流苏感织带抽绳点缀，品质感尽显。宽松舒适落肩拼接长袖，袖口罗纹窄口处理，打造立闲适运动廓形。,类型#上衣*版型#宽松*材质#针织*材质#混纺*材质#纤维*风格#运动*风格#休闲*衣样式#卫衣*衣袖长#长袖*衣袖型#落肩袖*衣款式#拼接*衣款式#抽绳*衣款式#抽褶*衣款式#连帽*衣款式#罗纹,7.0,准确性方面，待评测文案基本包含所有关键词，但缺少对混纺和纤维的具体描述，且未提及抗起球等性能。生动性上，语言有一定吸引力，如“青春活力”“层次的美观度”，但整体平实，未突出品质感。自然度较好，通顺流畅，但“稍微有些松量感”略显冗余，<UNK>标记影响阅读。综合评分7分。
30,这款裙子选用高端的苎麻材质，触感细腻顺滑，垂感好，柔软舒适，带来舒适的穿着体验，同时展现高雅气质。深宝蓝色调给人一种优雅、神秘的感觉，凸显出女性成熟干练的风格。裙身采用小立领设计，与复古的收褶交相辉映，展现出满满的优雅女人味。半身高腰剪裁勾勒女性的优美曲线。开衩的下摆设计个性大气，行走间透露出丝丝魅惑气息。短款的版型上身显气场又减龄。,闭眼入的一款裙子，选用了光色感饱满的面料，营造出轻盈欢快的愉悦感。宝蓝与复古绿，轻熟风不二之色。侧开叉的设计，行走起来步履之间尽显女性柔美。高腰的版型设计，拉长身形比例，搭配任何短款上衣都会让你高挑吸睛~,类型#裙*颜色#宝蓝色*风格#复古*图案#复古*裙下摆#开叉*裙腰型#高腰*裙衣长#短款,7.5,准确性：完整覆盖了所有关键词（裙、宝蓝色、复古、开叉、高腰、短款），但增加了原关键词未涉及的‘苎麻材质’和‘小立领’，可能偏离商品实际描述。生动性：使用了‘优雅、神秘’‘魅惑’等词汇，但整体偏沉稳，缺乏参考答案的轻快感和购买冲动。自然度：语言通顺，无明显机械感，但‘半身高腰剪裁’表述稍显冗余。综合评分7.5分。
31,经典的纯白色衬衫结合优质棉面料穿着舒适透气。精致的剪裁搭配简约的设计凸显时尚与潮流范儿。袖子的拼接设计加上松紧收紧的做工，增添层次感的同时突出纤细手臂。后背个性的交叉荷叶边造型加上小v领修饰身形拉伸曲线，宽松舒适的版型设计可以很好的内搭一件连衣裙。,这款来自massimodutti的衬衫，精选高品质棉质混纤，轻薄质地，吸湿透气，结实耐穿。整体的版型简约大方，在宽松的廓形下感受随性的时尚格调。v领领口的设计，简约之中展现干练硬朗的气场，潮味十足。袖口处双层荷叶边的拼接，低调吸睛，富有层次感。,类型#上衣*版型#宽松*材质#棉*风格#简约*风格#潮*衣样式#衬衫*衣领型#v领*衣款式#拼接*衣款式#荷叶边,7.5,准确性方面，文案覆盖了大部分关键词，但缺少'荷叶边'（荷叶边出现在描述中但未明确提及'荷叶边'本身）、'风格#潮'（未直接体现潮感）和'衣款式#拼接'（袖子拼接提及但不够突出）。生动性较好，如'修饰身形拉伸曲线'等表述有吸引力，但'松紧收紧的做工'略显生硬。自然度较高，但起句稍显平淡，整体无明显机械感。综合扣分项为部分关键词遗漏和表述不够精准。
32,这款来自louisvuitton的男士针织短袖t<UNK>织<UNK>纹路独特，柔软顺滑富有光泽度，亲肤舒适穿着清爽。胸前设计精致logo徽章彰显品牌做工精湛。落肩版型配合长袖设计更显身姿挺拔显气质。搭配一件单件毛衣或半身裙都能穿出不同风格。,"长袖的基础设计,活动舒适自在。微微落肩袖的设计,上身更修饰身形。这款毛衣有两个款式,一件是套头毛衣的款,斜下摆的设计。又让整体更具特色了一些;另一件是短袖针织连衣裙的款式。",类型#上衣*材质#针织*衣样式#毛衣*衣袖长#短袖*衣袖长#长袖*衣袖型#落肩袖,5.5,准确性差：遗漏了'短袖'和'长袖'并存的关键信息，且错误地使用了'短袖T恤'与'长袖'矛盾；未提及'斜下摆'和'套头款'。生动性中等：'柔软顺滑富有光泽度'等描述可吸引人，但'搭配一件单件毛衣或半身裙'搭配混乱。自然度低：存在'<UNK>'占位符，语句不通顺；同时出现'落肩版型配合长袖设计'与前半句'短袖'矛盾，机械感强。
33,这是一款很有设计细节的宽松长款风衣。淡雅自然的素净米卡其色，结合利落挺括<UNK>面料，尽显低调复古风情，经典又不失时尚感。简洁大方的版型剪裁贴合身线，修饰身材更显柔美气息。宽松直筒廓形，包容各种身材搭配不同的内搭皆能自如驾驭，适合多种场合穿着。可拆卸腰带自由调节腰际，丰富视觉层次美感。,<UNK>的风衣，没有之一，灵感来源于复古的欧洲军装，肩章排扣和腰带这些细节设计就能展现，然后搭配长款版型，上身自带气场。而且整体采用宽松直筒版型，穿着舒适不显臃肿，还能起到修饰身形的作用。而配色采用经典又时髦的卡其色，可搭性颇高，轻松穿出独特气场。,类型#上衣*版型#宽松*颜色#卡其色*风格#复古*图案#复古*衣样式#风衣*衣款式#腰带,7.7,文案准确包含了宽松、卡其色、复古、风衣、腰带等关键词，但缺少‘版型#宽松’的明确提及。语言较生动，使用了‘利落挺括’等词汇，但整体略显平淡，购买欲望不强。表达通顺自然，无复读或机械感。综合扣分因缺少部分关键词描述和生动性不足。
34,此款来自mikahc的女士白色绣花百褶裙<UNK>为设计主体，设计师采用v字领口加白线装饰手法凸显气质，搭配上肩部花边的设计以及胸前的刺绣工艺。展现女性甜美清新的形象！这款连衣裙特别适合年轻的都市女性穿着，不仅舒适时尚，且能够体现出浪漫优雅的小女子的独特美丽。,简单大气纯白色连衣裙，是开春季节最美好的穿搭单品。简单的小v领点缀领部，加以独特的花边绣花点缀，满满的清新活力悠然散发。加以纯粹的白色选料，上身亲肤透气，自带自然的褶皱肌理。同时，中长款式，修饰好身材，十分美腻。,类型#裙*颜色#白色*风格#清新*图案#刺绣*裙下摆#花边*裙长#连衣裙*裙领型#v领*裙款式#抽褶,5.5,缺少关键词'抽褶'，且'百褶裙'与'抽褶'不同；'绣花'未提及，仅说'刺绣'；语言较生动但部分表述生硬（如'以...为设计主体'），且存在'<UNK>'乱码，整体自然度不足。
35,这件甜美气质的衬衫以经典的蓝白竖条纹设计，让原本单调无趣的色调变得活力十足起来，充满了小清新的学院气息，彰显出少女的清爽与纯净。宽宽松松的造型，包容性极强适合各种身材的女生穿搭。修身的腰带设计，轻松勾勒出身型的完美曲线。领口的撞色小翻领则修饰了脖颈柔美的线条感，上身效果也是十分出彩。让你在人群中更加亮眼吸睛。,非常清新百搭的一款衬衫，蓝白撞色的条纹设计青春又减龄。经典的翻领造型暗藏小心机，领型是故意往后穿的设计，上身自然随性，不经意间展露迷人肩颈线条。下摆的开叉细节也是一大亮点，搭配腰间配置的腰带装饰，形成自然收紧的伞状效果，修饰腰身更加显瘦。腰带是可拆卸的设计，采用本布包扣装饰更显精致细节。将腰带去除时就是比较宽松的bf风款式，自带慵懒随意的感觉。,类型#上衣*版型#宽松*版型#显瘦*风格#青春*风格#清新*图案#条纹*图案#线条*图案#撞色*衣样式#衬衫*衣领型#翻领*衣款式#腰带,7.5,优点：文案包含了所有关键词（衬衫、翻领、宽松、显瘦、腰带、条纹、撞色、青春、清新），语言较生动，使用了“甜美气质”、“活力十足”、“小清新学院气息”等表达。缺点：准确性方面，将条纹描述为“竖条纹”，但参考答案未强调竖条纹，且未提及“线条”关键词。生动性上，“修身的腰带设计”与参考答案中“可拆卸腰带”不一致，可能误导。“让你在人群中更加亮眼吸睛”稍显俗套。自然度较好，无明显复读或机械感。
36,这款裤子最大的亮点之一就是它的灯笼袖口设计，在袖子上做了松紧收紧的方式，让袖口形成一种喇叭状的造型感，不仅丰富了整体造型的层次感。看起来还很有复古的文艺气息哦诺家的裤子除了灯笼袖设计的独特设计之外，还有另外一个吸睛的地方那就是它鲜艳而又独特的红色搭配上木耳花边的点缀呢。这样的款很衬肤色又宽松有范儿的设计,轻盈有垂感的面料，上身舒适亲肤，甩腿的裤摆设计，行走画风干净利落。复古文艺的木耳边元素，细碎褶束腰，凸显腰身。显瘦高腰的宽松裤腿能够整体拉长腰身，使得摩登BRAND少女气质凸显。红色米色温柔色系，百搭时尚。,类型#裤*版型#宽松*颜色#红色*风格#复古*风格#文艺*图案#复古*裤款式#木耳边,5.5,准确性方面，文案包含了“宽松”“红色”“复古”“文艺”“木耳边”等关键词，但遗漏了“版型#宽松”中的“版型”和“裤款式#木耳边”中的“裤款式”，且出现了“灯笼袖口”“袖子”等与裤装无关的描述，存在张冠李戴。生动性上，使用了“喇叭状的造型感”“个性又复古”等表达，有一定吸引力，但重复较多，如“灯笼袖设计”出现两次，且整体表达稍显啰嗦。自然度方面，有些语句不通顺，如“看起来还很有复古的文艺气息哦诺家的裤子”，存在机械感。综上所述，文案虽有一定卖点，但关键信息不准确且语言不够流畅，综合评分5.5分。
37,这款采用优质桑蚕丝面料制作的真丝连衣裙，柔软舒适穿着亲肤不扎人；结合腰部拼接收紧的裁剪设计，打造出纤细迷人的小蛮腰；性感的v字版式裁剪而成的领口上点缀有飘逸感十足的细长飘带，带来灵动感的同时还起到良好的点缀效果；同时精美的精美印花装饰让整体更加立体大气，时尚又具视觉冲击力；搭配自然垂顺的裙摆处理，尽显女性优雅时尚气质风度。,精选优质飘逸桑蚕丝面料，质感垂顺柔软，手感舒适细腻；优雅时尚的v领拼接飘带领口设计，展现完美颈部曲线，性感迷人；透视印花罩衫款式设计，给你更多的搭配选择。,类型#裙*材质#蚕丝*风格#性感*图案#印花*裙下摆#垂坠*裙领型#v领*裙款式#拼接*裙款式#飘带,7.5,准确性较好，涵盖了蚕丝、v领、飘带、垂坠、印花、拼接等关键词，但缺少'性感'和'罩衫'，且重复'精美'。生动性不错，但有些表述不够精炼。自然度较好，但'裁剪'重复出现，略有机械感。
38,这款连衣裙前半段采用轻透视的细纱面料，呈现出朦胧的感觉，显得整个人若隐若现的。后背采用了黑色的假两件拼接设计，搭配肩部的针织小细节，露出迷人锁骨与背部曲线，显的更加性感柔美。结合裙身大片的荷叶边装饰，更添甜美的公主风气息，休闲又时尚。,这款经典的黑色连衣裙，整体采用针织和冰丝两种材料拼接而成，使裙子在休闲中又透着些许法式优雅感。领口采用v形设计，修饰脸型，同时凸出性感又不过分的气质。肩部的荷叶边拼接，显得飘逸灵动，衬托出了女性活泼浪漫的魅力。,类型#裙*材质#针织*颜色#黑色*风格#休闲*风格#性感*裙下摆#荷叶边*裙长#连衣裙*裙款式#拼接,6.5,【准确性】部分关键词未覆盖：遗漏了'冰丝'、'V形领口'、'修饰脸型'等；同时出现了参考答案中未提及的'细纱面料'，与商品关键词'针织'、'拼接'部分偏离。【生动性】语言较有画面感，'朦胧'、'若隐若现'、'迷人锁骨'等词有吸引力，能激发购买欲望。【自然度】整体通顺，但'前半段'、'后背'描述略机械，'假两件拼接'与关键词'拼接'部分相符但表述稍显生硬。总分6.5，主要扣分点在关键词覆盖不全。
39,这款衬衫选用真丝面料制成，上身非常柔顺亲肤，打造出舒适穿着体验；设计简洁干练的小翻领造型，巧妙修饰颈部纤细线条；宽松的灯笼廓形剪裁，有效遮<UNK>小腹、臀部等区域，更加显瘦；结合甜美的伞状喇叭袖，为整款衬衫平添许多温柔气息。,气质翻领设计，衬托出脖子优雅的线条，桑蚕丝面料，适合敏感肌穿着，穿着清凉透气。很显气质的一件衬衫，完美符合亚洲女性身材，扬长避短，版型很正。修身塑形效果尤为出众，小喇叭袖更是十分具有艺术感，小翻领挺括更显气质，怎么搭配都好看，系上丝巾更有女人味。宽松的版型更能衬托女性的娇小，慵懒和帅气的完美结合。,类型#上衣*版型#宽松*版型#显瘦*材质#蚕丝*图案#线条*衣样式#衬衫*衣领型#翻领*衣袖型#喇叭袖,7.0,准确性上，关键词基本覆盖（蚕丝为真丝，可接受；线条、衬衫、翻领、喇叭袖均体现），但缺少显瘦（仅提到遮肉未直接说显瘦）。生动性较好，使用了柔顺、亲肤、甜美等形容词，但缺乏参考答案中的气质、艺术感等升华。自然度较高，语句通顺，但'遮<UNK>'显示有缺失字，扣分。综合7分。
40,裤子选用牛仔的面料，具有柔软的手感及防皱效果，穿上去十分舒适且挺括有型；而直筒的版型设计，让休闲气质更加浓郁。金属圆形拉链装饰，个性时尚潮流气质，增添整体美观的同时又提升了服装的档次，简约不失大方。采用裤脚开叉的设计，结合微喇的效果点缀，更显腿部纤细且复古文艺气息浓厚。彰显出女性独特的大气感，打造十足的街头格调儿。,牛仔裤本身多添了复古文艺，简约直筒休闲款式，修饰腿型尽显挺拔俊朗，出街搭配更有范。时尚猫须磨白做旧处理，复古文艺更具街头潮流风尚。金属拉链暗门襟设计，推拉顺滑更富有质感。,类型#裤*材质#牛仔布*风格#街头*风格#复古*风格#文艺*风格#简约*风格#休闲*风格#潮*图案#复古*裤型#直筒裤*裤款式#拉链,6.5,准确性：基本覆盖关键词，但缺少“复古”、“街头”、“磨白”等元素；生动性：有一定吸引力，但“彰显女性独特大气感”与直筒裤多偏中性风格不符；自然度：通顺，但“裤脚开叉+微喇”与文案本身“直筒”矛盾，存在机械感。
41,这款来自BRAND的背心连衣裙，选用舒适透气纯棉麻面料的制作，上身舒适亲肤。直筒廓形剪裁设计，配合后幅大v字开衩设计，彰显女性个性魅力。小尖角大翻领结合胸口精致字母刺绣点缀，为简约的造型增添一抹时髦细节感，两侧斜插假口袋装饰，实用美观。简洁下摆与袖口相结合，呼应上宽下窄的廓形感，营造一种立体剪影感觉。,BRAND棉麻西装采用别致的翻领设计，立体修饰脖型，挺括有精神，彰显优雅与品味。两侧翻盖口袋设计，可方便插手的同时，还可放置随身携带的物品，美观又实用。后背清新的字母刺绣，穿着利落精干，彰显女性优雅英气。简约的格调，舒适的h版型，打破对身体的束缚，让你穿得更轻松自在。,类型#上衣*版型#h*材质#棉麻*风格#简约*风格#清新*图案#字母*图案#文字*图案#刺绣*衣样式#西装*衣领型#翻领*衣款式#口袋,5.5,准确性不足：未覆盖关键词'版型#h'、'风格#简约'、'图案#字母'、'文字'、'图案#刺绣'、'衣样式#西装'、'口袋'（提到假口袋但非所需类型），且商品为背心连衣裙而非西装上衣。生动性一般：描述较平实，但未突出西装特有卖点如翻领、挺括感。自然度较差：出现'使用...的制作'语病，整体明显有AI重复感，与参考文案相比缺乏连贯与说服力。
42,很有层次感的两用背带裙设计，能作为裙子和短裤搭配不同的服饰做叠加穿搭也很时尚又好看，侧边做了假两件造型设计。可以随意解开当罩衫也能单穿做外套，两侧对称的侧插袋很实用美观。采用经典时尚的彩色宽窄条纹织带装饰，让整件单品摆脱纯色的单一简约。裤腿两侧缝线装饰，视觉更显立体美观有特点。,来自巴拉巴拉的女童长款外套，设计师采用直筒式衣袖裁剪，并在袖口加饰有纯色条纹，在打破了整体的单一性的同时，还增添了一丝简约时尚气息。再加上对称的斜插口袋，既能给予娇嫩双手温暖，同时还可放置孩子的随身物品，暖心又很实用呢。,类型#上衣*颜色#纯色*风格#简约*图案#条纹*图案#纯色*衣样式#外套*衣款式#口袋*衣款式#对称,4.5,待评测文案未包含‘外套’、‘口袋’、‘对称’等关键词，且描述的是背带裙而非上衣外套，准确性较低；语言较生动但部分表述机械（如‘很时尚又好看’）；存在与商品类型不符的问题。
43,这款甜美而不失优雅的连衣裙是女神衣柜必备之选，采用时尚清新的格纹设计，展现出女性端庄的气息。在腰部添加同色系的双层腰带，显瘦显高挑的同时也增加了整条裙子的丰富感。荷叶边下摆的设计，增加层次又能凸显气质，彰显着女性的优雅与温婉柔美的样子。,这款连衣裙采用清新的格子元素，干净大方，视觉上给人十分舒服的体验。甜美的荷叶边从上延伸到下面，给人丰富的层次感，十分的淑女，一抹浪漫的气息油然而生，女神气质爆表。腰带的设计既起到装饰作用又显瘦。,类型#裙*版型#显瘦*风格#淑女*风格#清新*图案#格子*裙下摆#荷叶边*裙长#连衣裙*裙款式#腰带,8.7,文案准确覆盖了所有关键词，语言生动有感染力，自然流畅，但略有无意识的重复（如‘凸显气质’与‘彰显…气质’），整体优秀。
44,设计师运用了经典的喇叭状宽大衣袖设计，带出轻柔灵动的优雅美感。配合着略微宽松的廓形感，将小腹部的赘肉巧妙地遮挡了起来，营造出更加干练高挑的气质姿态来，让你在任何场合下都可以释放自己十足的魅力。点缀在衣面上散落的彩色织线，凸显其精湛精致的剪裁与做工工艺，彰显出高端大气的非凡品质。轻松带出一股浓浓的欧式风情格调美姿。结合灯笼袖型的造型别致雅观，演绎浓郁的法式复古情怀。,袖子有灯笼袖的既视感，中世纪的复古韵味轻松展现，版型宽松舒适，上身贴合身材，不会显胖。超级百搭，秋季单穿，搭配裙子裤子都ok！冬天也能做打底，外搭毛呢大衣，气质满满。,类型#裙*版型#宽松*风格#复古*图案#复古*裙袖型#灯笼袖,7.5,【准确性】关键词基本覆盖，但'复古'涉及两次（中式复古和法式复古），而参考答案更强调中世纪复古，略有偏差；'宽松'和'灯笼袖'均有体现。【生动性】语言较吸引人，使用了'轻柔灵动''优雅美感'等，但部分词汇（如'美姿'）偏书面，可能降低购买欲望；整体氛围感强。【自然度】部分句子较长，如'轻松带出一股浓浓的欧式风情格调美姿'稍显拗口，有轻微机械拼接感；整体通顺但不够口语化。综上评分7.5。
45,连体裤一直都是夏季搭配的一大重头戏，既可遮掩身体上的赘肉，又能凸显身材的高挑纤细之处。这款设计在衣身中加入性感的v型领设计，不仅将优雅的锁骨裸露出来，更将修长的颈部线条一览无余地展示出来，瞬间将你的气场提升了一个等级！下身穿超短三角短裤让肌肤自由呼吸，又增添了活泼青春活力气息。微透的白麻纱面料设计，让你轻松凹出造型感！采用优质的雪纺面料打造，舒适亲肤且极具垂感，飘逸的同时自带轻盈的美感，整体非常浪漫唯美！,非常少女感的连体裤，做工非常的细致，面料是雪纺的面料，手感非常好，上身舒适，非常的亲肤。一字领加上吊带的设计，展现了迷人的锁骨，突出了颈部线条，非常的性感。腰间的系带飘逸灵动。荷叶边的袖口浪漫梦幻，非常的有女人味，优雅十足。,类型#裤*材质#雪纺*风格#性感*图案#线条*裤长#连体裤,8.0,文案覆盖了所有关键词（连体裤、雪纺、性感、线条），语言生动有画面感，如‘浪漫唯美’、‘凹出造型感’，但‘下身穿超短三角短裤’与连体裤描述略有出入，且‘微透的白麻纱’与雪纺材质不符，准确性稍减。整体自然流畅，无机械感。
46,简单大气的气质衬衫是最能凸显女性优雅大气风格的单品之一。这款衬衣使用经典白色的纯色设计，更带来了几分清爽宜人的感觉。而那独特的v字领口配上碎花的设计，瞬间打破了沉闷的气息感让你更显靓丽吸睛。修身的长袖设计更能带来精致的感觉。腰部两侧的褶边点缀也能让裙身拥有更好的收腰效果。,推荐这款来自时尚服装品牌tedbaker的长袖衬衫。这款衬衫采用纯色色调搭载小碎花的点缀设计，同时修身版型，穿起来又显得大气时尚，给人十分成熟的感觉，胸前白色扣子设计更显时尚的气息，束紧的袖口设计是的活动更加自然。排扣设计更有容易穿脱。修身版型设计，收腰，勾勒出纤细的腰线。适合25岁到30岁的年轻男性穿着，彰显气质。,类型#上衣*版型#显瘦*颜色#白色*颜色#纯色*图案#纯色*图案#碎花*衣样式#衬衫*衣袖长#长袖*衣款式#收腰,6.5,待评测文案准确性不足，商品关键词中有'收腰'，但文案描述为'裙身'，与上衣不符；同时关键词明确有'收腰'、'长袖'、'碎花'等，但文案将收腰归为裙身，且混淆了性别（原文为男性，文案写女性）。生动性较好，但自然度一般，存在机械感（如“瞬间打破了沉闷的气息感”略显生硬）。整体不够准确，需优化。
47,"这款两件套式连体裤在腰部的处理上十分用心，腰部采用一字<UNK>扣设计，修饰腰部曲线，时尚美观又实用；同时金属圆环的选用也是点睛之笔，时尚新潮的同时增添不少亮点。加上个性的后背中缝，使整体造型更加具有线条感，吸晴力十足。还有独特的斜向上门襟拉链设计，更兼具装饰性和实用性,方便穿脱，非常贴心。以及侧边白条点缀,碰撞纯黑色调,时髦的撞色搭配让整个单品更显青春活力与时髦感。",率性的<UNK>一定是喜欢拥有利落线条的服装，不重复不拖沓，这件连体裤便具有这样干练的气质。宽大松垮的廓型给身体自由舒展的空间，慵懒又个性。拉链从领口直通到裤脚，双头的拉链可以从裤脚拉开，解决了去<UNK>的问题。酷酷的高领设计，利落的窄袖，外穿内搭都合适。撞色<UNK>的处理，更加精致、牢固。,类型#裤*图案#线条*图案#撞色*裤长#连体裤*裤款式#拉链,6.5,准确性方面，缺失'裤长#连体裤'（连体裤本身没问题但未强调连体裤特征）、'裤款式#拉链'（虽提到拉链但未突出款式），且'两件套式'与连体裤矛盾；生动性较好，使用了'时尚美观''点睛之笔'等词汇，但部分描述如'一字扣'未具体说明；自然度尚可，但开头'两件套式'与连体裤类型冲突，整体通顺但略有机械感。
48,"当小圆点遇上连肩背心剪裁的连衣裙，时尚感瞬间爆棚；结合了假两件式的潮流元素，使整体的穿搭造型显得更加具有层次感与独特味道,轻松打造出女性的温婉娴静气质；领口上装饰着细腻的金属扣，点缀出一丝高雅浪漫的感觉，既方便穿脱活动，也能衬托出迷人的脖颈和精致的五官，打造知性的柔美风采。腰部则采用了可调系的带来收束腰肢，勾勒曼妙的身姿曲线；结合柔软顺滑的面料，散发出精致文艺的气息。",唯美时髦的连衣裙，充满了文艺的气息，呈现出知性洒脱的风采，随时随地都能显得曼妙别致。配以绚丽精美的系带设计，呈现出了新潮时尚的风采，优雅大气，给人以眼前一亮的视觉惊喜。一抹个性的系带，在领口处精心设计。展现出了潇洒知性的魔力，时刻都能够带来新潮的视觉美感，靓丽十足。,类型#裙*风格#文艺*风格#知性*风格#潮*裙长#连衣裙*裙衣门襟#系带,7.0,准确性高，覆盖了所有关键词；生动性较好，使用了时尚感、层次感、温婉娴静等吸引人的词汇；自然度一般，部分表述如‘既方便...也能...’略生硬，且‘可调系的带来’有笔误。整体通顺但略有机械感。
49,采用精梳毛圈棉结合高密斜纹布面料打造而成的这款儿童风衣，<UNK>挺阔有型，穿着舒适不易变形；胸前搭配上两枚圆扣点缀，别致又不失细节美感，且还能提升层次与质感，凸显品牌的独特意蕴。此外，两侧设置的小兜，更是可以储物又可以暖手，非常贴心实用，而且更显文艺范儿呢！,喜欢这样的风衣，简单又带点文艺气的，在春天的时候<UNK>一穿，很难不让人为她着迷。用了有挺括度和质感很好的面料，有点儿斜纹的样子，手感摸起来有棉的样子，灰常的实在。,类型#上衣*材质#棉*材质#斜纹*风格#文艺*衣样式#风衣,7.0,准确性方面，包含了所有关键词（上衣、棉、斜纹、文艺、风衣），但针对儿童而非通用，略有偏差；生动性较好，描述细致有画面感，能激发购买欲；自然度较高，语言通顺，但“<UNK>”标记和部分句式略显机械。整体评分7分。
50,此款格纹<UNK>真丝两件套采用时尚潮流的polo领，凸显女性脖颈优美曲线的同时衬显脸小精致更甜美。舒适的格子设计，个性独特有型欧美范彰显女人魅力。裙摆设计，显瘦遮肉凸显腿长。,气质的格子设计，复古时尚，polo领的设计，简洁大方时尚，越简单的版型，亮点就越让人惊艳，上身效果很好，款式很时尚有范，面料质感很高档。真丝材质摸起来手感顺滑，很有高级感。欧美范大气经典，修身遮挡腹部赘肉，让你穿上充满自信的魅力。条纹是经久不过时的潮流元素，尽显女性时尚气质。,类型#裙*版型#显瘦*材质#蚕丝*风格#欧美*风格#复古*风格#潮*图案#条纹*图案#格子*图案#复古*裙领型#polo领,5.0,准确性不足：未包含关键词'版型#显瘦'（仅提到显瘦遮肉但未强调版型）、'材质#蚕丝'（仅写真丝但蚕丝更具体）、'图案#条纹'、'图案#格子'（只提到格子，漏掉条纹）和'裙领型#polo领'（正确），但漏掉多个关键词。生动性一般：语言较平实，缺少购买欲望。自然度较差：存在<UNK>标记，且'裙摆设计，显瘦遮肉凸显腿长'语句不够通顺。
51,衬衣采用了舒适的圆领设计，符合孩子对服饰的审美与穿着的舒适度。前襟的小熊胸章做工平整细致更显时尚感，提升了整体的设计感。袖口采用了弹力松紧设计，方便调节不束缚孩子的手腕，穿脱更加的简便易行了。下摆采用韩版立体小裤的设计，更好的展现出男宝修长挺拔的身形的同时显得更为干练有型显气质，打造帅气阳光小王子。,这一款衬衫手工磨边的设计，做工精湛特别考究，精致的韩版设计，符合女性的身材曲线，自然衬托纤美妙身姿。时尚的双贴袋装饰，立体时尚美观实用。精挑细选的天丝棉布料，丝滑垂坠亲肤细腻。,类型#上衣*风格#韩版*衣样式#衬衫,4.0,准确性方面，未包含关键词“衬衫”，且“上衣”和“韩版”虽出现但描述偏离成人口吻；生动性上，描述了童装细节，但对成人衬衫购买者缺乏吸引力；自然度上，语句较通顺，但“小裤的设计”与“衬衫”冲突，逻辑不连贯。
52,以利落的剪裁设计而成的衬衣版型，结合前长后短的下摆设计，上身尽显女性的纤细腰肢以及修饰完美身材比例的作用；简洁的v领设计，有效拉伸颈部线条，彰显干练优雅的气质。衣身带有复古浪漫的格纹元素，洋溢着浓郁的复古韵味，加之小灯笼袖的造型设计，丰富视觉层次效果更显优雅知性风情。可调节的金属扣眼加抽绳的设计，可以随意调节袖管长短。,轻薄舒适的衬衫，质地飘逸，上身后有种轻纱般的朦胧美感，让人爱不释手。淡雅的格纹做点缀，彰显复古的时尚韵味，很好的衬托出白皙的肌肤。流畅的v领，修饰纤细的颈部线条，展现知性的都市风情。袖口处有抽绳收紧的处理，呈现出微蓬的灯笼袖质感，包容手臂的线条。下摆处开衩，体贴又温柔，减少束缚感。,类型#上衣*风格#复古*风格#知性*图案#格子*图案#复古*图案#线条*衣样式#衬衫*衣领型#v领*衣袖型#灯笼袖*衣款式#抽绳,6.5,准确性方面，待评测文案覆盖了所有关键元素（格子、复古、v领、灯笼袖、抽绳），但缺少'知性'和'线条'的明确提及。生动性上，语言较为平实，'利落的剪裁'、'干练优雅'等词吸引力一般，不如参考答案具象且有感染力。自然度较好，语句通顺，无明显机械感，但部分表达（如'拉伸颈部线条'）略显生硬。综合评分6.5分。
53,连体裤是时髦精们一年四季都喜欢的单品之一，这款连体裤在面料上采用了一股弹力较好的梭织料，穿着上身挺括有质感。修身的裁剪，勾勒出纤细曼妙的身形。v领的开口设计，展露纤细脖颈与精致锁骨，展现一丝小女人的性感魅力。同色系的腰带装饰，绑出一副窈窕好身材。高腰的设计，拉长身体线条，轻松打造出大长腿既视感。腰上点缀的两粒扣为衣身增添了时尚亮点，金属亮面的两粒扣显得亮眼吸晴，红色的圆环也具有十足的美观性。直筒的裤脚不会过分束缚腿部的活动，舒适的同时更随行自在的进行全身自由活动,连体裤采用了优质面料，精心剪裁而成，修身的版型，让身材凹凸有致，轻松塑造黄金比例。亮眼的红色系设计，凸显出你张扬的个性，同时让你具有出挑的魅力。精美的吊带领设计，修饰颈部线条，还可以防止滑落，美观又兼具实用性。v字领口，让裸露的锁骨更显性感，个性又时尚。高腰线直筒裤型，让身材更显高挑，无论是单穿还是作为内搭，都是不错的选择。,类型#裤*版型#显瘦*颜色#红色*风格#性感*图案#线条*裤长#连体裤*裤型#直筒裤*裤腰型#高腰,8.5,文案准确包含了所有关键词，如红色、高腰、直筒裤、V领、性感等。语言生动，使用‘时髦精’、‘窈窕好身材’等词增加吸引力。自然度较高，无明显复读或机械感，但‘两粒扣’重复出现稍显冗余。整体优于参考答案，但可微调。
54,简洁的圆领设计贴合颈部肌肤，不会紧勒小耳朵，领口采用珍珠扣点缀，与腰间的腰带相互呼应搭配，起到很好的视觉效果。甜美的粉色衣身，洋溢着无限生机活力气息，将孩子的<UNK>可爱展露无遗。别致俏皮的蓬松泡泡袖与甜美的花瓣袖口相结合，尽显宝贝柔美气质。浪漫大方的蓬松百褶裙摆，让宝宝穿起来俏皮又可爱，加上宽松舒适的袖子设计，行走间灵动飘逸。,<UNK>的这款礼服裙，采用丝质面料，以营造亲肤柔软的穿着体验。泡泡袖娃娃圆领的版型，可爱俏皮。衣身以粉色<UNK>色彩简洁，视觉丰富，展现乖巧甜美的气息，举手投足间，尽显温婉活泼气质。下摆的大百褶设计，宽松无束缚感的同时，还展现孩童的公主风范。,类型#裙*版型#宽松*颜色#粉色*裙型#百褶*裙领型#圆领*裙袖型#泡泡袖,8.0,文案包含了所有关键词，描述生动且富有画面感，如‘蓬松泡泡袖’、‘浪漫百褶裙摆’等，能激发购买欲。语言自然流畅，但‘花瓣袖口’未直接对应关键词中的‘泡泡袖’，稍显冗余。整体质量高，扣分项在于轻微偏离关键词。
55,一件具有东方古典味道的黑色针织衫。经典的刺绣和钉珠设计使得这件衬衫拥有与众不同的格调。圆领的修身立体的剪裁更是恰到好处地修饰了身材比例，打造出修长的纤细美腿。精致的图案不仅增添了开衫的设计元素同时也展现了一个小女人的俏皮灵动的感觉，是春季必备的单品。整体既保留了经典韵味又带有流行气质。,本款的针织衫图案真的太美啦！精美刺绣加手工钉珠，图案俏皮可爱。五角星、流行都是一个个珠子串上去的，纯人工，很费时的，阳光下blingbling，如同黑夜里的星空，多彩欢乐又别致。黑色基础款开衫，百搭的圆领，上身减龄显瘦，总而言之就是一款很美的开衫。,类型#上衣*版型#显瘦*颜色#黑色*风格#青春*图案#刺绣*衣样式#针织衫*衣样式#开衫*衣领型#圆领*衣款式#钉珠,5.0,准确性：部分关键词遗漏，如'青春'、'显瘦'（文案中'修饰身材比例'但未明确说显瘦）和'五角星'、'流行'等图案细节。生动性：语言有一定画面感，但'东方古典味道'与商品关键词'青春'风格不符，'美腿'描述不当。自然度：整体通顺，但'修身立体的剪裁'与开衫版型冲突，有机械拼凑感。
56,来自三彩的女童女式雪纺衫，采用微喇的不规则下摆设计，彰显个性前卫的设计感。在胸口处设计了醒目的logo图标刺绣，凸显出满满的潮流气息。而露肩的设计又能展现出甜美的少女姿态，加上精美的绣花边装点，让小公主成为最迷人的焦点，既甜美又性感。,这件非常精美时尚的雪纺衫，最最别样灵动的设计亮点和设计的曼妙之处就在于。在整体领口的设计上搭配了别样灵动的一字的露肩的搭配，足以轻轻松松的打造了整体的性感优雅的气质，独特灵动的绣花搭配不规则的下摆，完美的彰显了时尚潮流感。,类型#上衣*风格#潮*风格#性感*图案#刺绣*衣样式#雪纺衫*衣款式#露肩*衣款式#不规则,6.5,准确性方面，文案包含了所有关键词，但将女童作为目标人群，与商品关键词未明确限定年龄。生动性较好，使用了“个性前卫”、“潮流气息”等词汇，但“甜美又性感”的表述略显矛盾，降低了购买欲。自然度中等，整体通顺但“logo图标刺绣”表述稍显机械，部分句子较长。
57,这款BRAND的少女风格水洗提花连体背带长裤，面料使用弹力棉质混纺面料，柔软舒适不易起皱。腰部可调节肩带，让穿着更为合身自如；侧缝走线自然流畅，修饰腿部肌肤线条感，拉长了身材比例；宽松的阔腿裤造型，能够有效遮掩臀部和腿部不足之处，适合不同的mm穿搭。,这款BRAND的阔腿连体长裤，精选质量上乘的含棉混纺牛仔布料裁剪缝制而成，经过特殊水洗工艺处理更加柔软亲肤，混纺布料相比纯棉布料更具有弹性不易褶皱变形。阔腿裤的版型宽松自在不挑身材容易驾驭。背带连体裤款式百搭无疑是减龄单品。背后对称贴袋设计修饰臀部线条丰富整体层次感。,类型#裤*版型#宽松*材质#棉*材质#牛仔布*材质#水洗*材质#混纺*图案#线条*裤长#长裤*裤长#连体裤*裤型#阔腿裤*裤款式#抽褶,7.5,文案涵盖了大部分关键词（如宽松、棉、牛仔布、水洗、混纺、长裤、阔腿裤、抽褶），但缺少'线条'（虽提到'线条感'，但不完全对应）和'裤款式'（抽褶未明确体现）。语言生动（如'少女风格'、'修饰腿部线条感'），有一定购买欲，但部分表述较机械（如'适合不同的mm穿搭'）。整体通顺，自然度良好。
58,非常甜美的一款上衣，经典的卫衣裙版型穿起来更加的随性潇洒，加上精致的刺绣工艺制作带来满满的质感，而且更显精致，甜美的粉色调非常的少女。袖子采用的是时尚的透视设计搭配上露肩的设计，增添了不少女人味。下摆处的荷叶边装饰又为整体增加了层次感，凸显气质。,一款刺绣荷叶边露肩粉色卫衣，粉色的设计，甜美而又俏皮，满足了每个女孩心中的少女心。荷叶边的设计，更添几分灵动感。花草刺绣的设计十分的别致，笼罩着浪漫的气息，更显精致的生活品味。,类型#上衣*颜色#粉色*图案#刺绣*衣样式#卫衣*衣款式#露肩*衣款式#荷叶边,7.5,待评测文案包含了所有关键词，准确性高。语言生动，有使用‘精致’、‘少女’等词激发购买欲，但‘透视设计’为额外信息，若商品无此设计则失分。自然度较好，整体通顺，但‘满满的质感’略显口语化。总体优秀，可进一步精炼。
59,时尚的束脚款式设计，搭配宽松版型让这款裤子在穿着方便的同时又不失时髦。弹力适中微弹面料，舒适贴体不易变形，带来更加挺阔自然的穿着体验和更棒的垂感，让你穿起来更加立体有型。优质金属圆环腰带加上同布<UNK>扣，精致美观实用性强；两侧斜插袋实用又好看，而醒目的字母logo点缀后腰部，彰显品质感和品牌感，显得个性十足，非常有活力范儿。松紧束脚收尾，弹性适度不紧绷，让你的穿着更为帅气洒脱。,舒适的松紧裤腰，穿脱十分方便。而且一点也不会勒着孩子的肚子，很受宝妈们青睐。优雅的松紧裤脚收口设计，既可以防止裤腿灌风，又可以展现出酷帅的气质。炫酷的字母印图装饰，挡不住的时尚感，塑造出活力四射的时尚男孩形象。,类型#裤*图案#字母*图案#文字*裤腰型#松紧腰*裤口#小脚,7.5,待评测文案准确包含了所有关键词（松紧腰、小脚、字母、文字），但在自然度和生动性上略逊于参考答案。文案中“同布<UNK>扣”存在词不达意，且部分描述（如金属圆环腰带）与关键词不直接相关，略显冗余。整体通顺，但缺乏参考答案那种对妈妈群体痛点的直接共鸣。
60,这款连衣裙选用优质的面料制作而成，穿着柔软且舒适。别具魅力感的气质v领设计，上身优雅十足。搭配上时尚的斜边前门襟和个性的绑带设计，让整体的造型感更迷人。双排扣的设计简单又不失细节的处理，使穿着的时髦指数up！整体版型凸显出女性高贵的气息展现简约而不简单的格调。穿搭于身上尽显出独特的风格更显女人味儿。百搭有范儿的同时让你轻松成为人群的焦点打造出迷人的淑女即视感、高雅而自然，散发出的味道正是属于你的独特色彩。大方与知性的结合为你增加几丝成熟的韵味增添独特风格气质。,这款适合在明媚动人的温暖季节，张扬你淑女的迷人风情。简单优雅的合身版型，精致细腻的v字领口，凸显柔美颈部，领口的绑带搭配金属装饰的设计，简约中增添细节感，诠释高雅大气。包裙的设计，彰显女性高贵大方，配上经典的双排扣，自然流露知性典雅的气质。,类型#裙*风格#淑女*风格#简约*风格#知性*风格#高贵*裙领型#v领*裙衣门襟#双排扣*裙款式#绑带,8.0,文案包含所有关键词，生动性较好，能激发购买欲望，但部分语句稍显堆砌（如‘百搭有范儿的同时……’），自然度略受影响。
61,此款裤子采用优质面料设计，不仅手感顺滑细腻，穿着更舒适透气；简约的锥形直筒裤型，更好的修饰腿部线条，打造大长腿既视感。裤子还加入撞色的logo字母点缀其中，增添细节美感并彰显独特个性；以及侧边的卷边，富有个性又带来一丝时尚复古感，且能轻松变换造型，休闲风和正式风随意切换。前片的褶皱处理，让腿部活动更加灵活自如。,裤子整体风格样式简约休闲，直筒版型穿起来更添笔直挺拔。裤面褶皱工艺理念渗透，营造复古做旧的质感，穿起来典雅绅士。裤脚自然微微收束，修饰腿部线条更添高挑帅气。腰头撞色字母点缀，协调色调更有范。,类型#裤*风格#复古*风格#简约*风格#休闲*图案#字母*图案#文字*图案#复古*图案#线条*图案#撞色*裤型#直筒裤*裤款式#抽褶,7.0,准确性方面，文案覆盖了大部分关键词（复古、简约、休闲、字母、线条、直筒裤、抽褶），但未明确提及“文字”、“撞色”图案（仅有“撞色”一词，但未描述撞色图案）和“裤款式#抽褶”（褶皱提到了，但未强调抽褶）。生动性较好，语言有感染力，能激发购买欲。自然度较高，但“侧边的卷边”略显突兀，整体通顺。
62,小脚牛仔裤的时尚度一直不减，设计师大胆采用破洞做旧款式，时尚感十足，裤身膝盖和腿部还带有撕裂效果，个性十足，十分吸引眼球。九分长度，穿起来修身而不紧绷，露出纤细的<UNK>线条。,这么一款修身的牛仔裤版型设计，上身遮肉显瘦的同时更显百搭耐看，腰部的裁剪大方迷人。收腰的版型做工巧妙的勾勒出纤细的腰身线条，裤身上的破洞做工精致巧妙，凸显时尚感。而利落干净的九分裤裁剪，视觉上尽显腿部修长。,类型#裤*版型#显瘦*材质#牛仔布*图案#线条*裤长#九分裤*裤款式#破洞,7.0,文案使用了关键词中的'破洞'、'九分'、'修身'，但'显瘦'、'牛仔布'、'线条'、'版型'等关键词未明确呈现，准确性不足；语言生动，有'大胆'、'个性十足'等吸引力强的表述；自然度较好，通顺流畅，但结尾<UNK>占位符影响完整度。
63,精选纯棉面料打造舒适上衣，柔软的面料上身亲肤透气，手感细腻无刺激，给小肚皮带来贴心呵护。经典袋鼠兜设计简洁美观又实用，为整体造型增添层次感，孩子可随时放置随身物品，安全与方便兼具。腰际两侧的斜插式大口袋容量很大，可以满足孩子们日常置物需求，提升使用率，且外观上也十分美观时尚显帅气。休闲宽松的运动裤穿着舒展开阔，活动自由不受拘束，修饰出修长美腿曲线，尽显可爱童真范儿。简约有型的罗纹领口自然贴合颈部皮肤，服帖性好不易变形。门襟按扣开合简约实用，使穿脱更加便捷。,这款宽松休闲裤精选优质纯棉面料，以能够藏肉的宽松剪裁打板，成品在着用感舒适的同时修饰你的身形。此外，简约版型的基础上配以多口袋的细节设计，吸睛度和时髦度满满。更值得一提的是，它简约的配色，能让你成为更好的自己。是一款春夏季节里休闲场合的实用单品。,类型#裤*版型#宽松*材质#棉*风格#简约*风格#休闲*裤款式#口袋,5.5,准确性上，关键词包含不全（漏了“裤”“宽松”“棉”“简约”“休闲”“口袋”部分要点），且偏离了“裤”的主题，误写成“上衣”；生动性较好，有细节描写；自然度上，前后不一致（先写上衣后变裤子），有复读感（多处“美观”）。综合扣分较多。
64,选用优质的马海毛面料作为内里材质，手感顺滑且柔软。保暖性能极佳，舒适温暖更亲肤，优质<UNK>的羊毛，质感紧密，富有弹性，不起球。采用独特的纹路设计，让整个裤子看起来更加富有层次感与立体感。,精纺羊毛面料加入了少量的尼龙，性能得到了改良和发挥既有羊毛的透气亲肤，也有尼龙的抗皱抗起球这种羊毛面料轻薄柔和，做成裤子太合适，穿着舒适又好打理,类型#裤*材质#羊毛,4.5,准确性不足：缺失关键词'尼龙'且出现无效标记<UNK>；错误提及'马海毛'与关键词'羊毛'矛盾；未突出'抗皱抗起球'等核心卖点。生动性较弱：'保暖性能极佳'等表述较平淡，缺乏与用户利益相关的场景化描述。自然度较差：'舒适温暖更亲肤'语义重复，整体逻辑不连贯，存在机械感。
65,羊毛是<UNK>的原料之一，它是一种纤维，触感柔软细腻，保暖性强，且透气，亲肤舒适，对女性肌肤有极好的呵护作用。而且还能满足孕妇不同产期的穿搭需求，穿与不穿皆可适应各种穿着；同时，该款羊毛打底裙的腰间采用加宽设计，更方便生产时妈妈们使用，让孕妈孕期都能美丽自信起来。,<UNK>底衫是以<UNK>的<UNK>美利奴羊毛精制而成。布料极度舒适，排汗力绝佳并且具有天然的透气<UNK>效果。这款女性短袖底衫是依女性身型量身打造，精致的内嵌式v领设计，收边比男性款式更加精巧。其他特点包括内嵌式袖筒和绷缝线织法，确保衣料不会造成擦伤，同时减少因连身<UNK>和背包肩带造成的磨擦。,类型#裤*材质#羊毛,4.0,待评测文案虽然包含了关键词“羊毛”，但缺少“裤”和“材质”等关键要素，准确性不足。语言较为平淡，缺乏生动性，没有突出产品独特卖点。部分语句如“穿与不穿皆可适应各种穿着”显生硬，自然度中等。整体质量一般，需改进。
66,春天到了，可以<UNK>春意，一款超个性的卫衣，可以让你在人群里脱颖而出。这件由三彩出品的卫衣采用修身的版型设计，既凸显身材。又勾勒出纤细的腰身，加上鲜艳活力的配色设计，衬托皮肤更显白皙。经典的棒球服领口设计，方便活动又能修饰脸型。,设计师把整个风格定义为<UNK>，一件卫衣承包了整个秋季。经典又百搭的卫衣绝对是秋季首选。不仅舒适还让人觉得温馨又阳光。最重要的是，它不仅减龄还非常显瘦。,类型#上衣*版型#显瘦*衣样式#卫衣,6.0,准确性一般，缺少'显瘦'关键词，且季节描述与关键词不符；生动性较好，有细节描述；自然度较高，但存在机械感（如'既凸显身材'后的句号使用不当）。
67,这款连衣裙采用x版设计搭配精致的双肩袖，将女性性感的部位很好地呈现出来。而v领和系带的组合让整件连衣裙变得十分美观迷人。独特的印花花纹看起来就像是在星空下开出了花朵一样的美丽浪漫，穿上身后让你拥有迷人的气质。,超长的睡袍系带款式的连衣裙，柔软的材质彰显轻柔的优雅。性感的v领以及围裹式的版型，搭配热带的印花，营造出性感种带有慵懒的度假风情。,类型#裙*风格#性感*图案#印花*裙长#连衣裙*裙领型#v领*裙衣门襟#系带,6.5,准确性方面：待评测文案未提及“睡袍系带款式”“围裹式版型”和“慵懒的度假风情”，但包含了v领、系带、印花等关键词，未完全覆盖所有关键词；生动性方面：“星空下开出了花朵”的比喻有一定想象力，但整体缺乏对材质和氛围的描写，购买欲望激发不足；自然度方面：语言基本通顺，但“双肩袖”与性感风格不匹配，且“十分美观迷人”略显机械。综合评分6.5分。
68,这款文艺时尚的衬衣在整体设计上采用了几种时下流行的元素和细节处理方式来营造整体感觉。前襟的撞色翻领设计是这一特点的重头戏。首先，衬衫本身的颜色选色比较的清爽淡雅，不突兀显老气的同时也不会过于花哨有攻击性，穿着起来显得十分帅气有气场。其次，大翻领的设计在凸显个人气场的风格中可以增加一股成熟的气息。而前摆两侧拼接的流苏口袋设计又为其增加了几分随性与洒脱之感，使其更加个性有潮流魅力。,充满文艺风格的衬衫，在经典的同时，又拥有活泼的设计元素。在右上方点缀了撞色的贴标，不但拥有了立体感，显得青春率性，而且也迎合了当下时尚潮流。采用翻领的领口设计，还可以凸显出干练的男性气质，尽显挺拔身姿。拼接了多个立体的大口袋，还可以凸显出男孩的率性魅力。,类型#上衣*风格#文艺*风格#青春*风格#潮*图案#撞色*衣样式#衬衫*衣领型#翻领*衣款式#拼接*衣款式#口袋,7.0,文案覆盖了大部分关键词，但漏掉了'口袋'（文章提到了'流苏口袋'，但未明确体现'口袋'作为核心关键词），且'翻领'出现两次，略有重复。语言较生动，能激发一定购买欲，但部分表达略显冗长（如'是这一特点的重头戏'）。自然度较好，无严重机械感。
69,这款时尚气质的短外套采用精美的钉珠设计，增添了整体亮点，彰显了品牌质感。高腰<UNK>腰的设计，更好的提升腿部比例。透视网纱的裙摆设计，增添了一丝女性魅惑力，若隐若显之中展现女性的精致性感又不失优雅的一面，穿上它让你变得气场十足呢。,轻盈的网纱裙上绣上树叶和花朵，别致的造型更显甜美，没有大面积的运用，适当留白更有艺术气息，钉珠的加入又为它增加了奢华感，立体精致。大面积的网纱为你营造出浪漫气息，朦胧的的小性感呼之欲出，胸部和裙摆都配上内衬，贴心防走光。高腰线的运用，凸显挺拔，过膝长度更女神范，优雅大气。,类型#裙*材质#网纱*风格#性感*裙型#网纱裙*裙腰型#高腰*裙款式#钉珠,6.0,准确性方面，待评测文案未准确描述商品类型，将裙子写为“短外套”，且遗漏了“网纱裙”和“树叶花朵”等细节，但包含了钉珠、高腰、透视网纱等部分关键词。生动性上，语言有一定吸引力，如“若隐若显展现精致性感”，但整体缺乏画面感，购买欲望中等。自然度上，存在“<UNK>”明显错误，语句基本通顺但略显机械，未达到流畅自然。综合打分6分。
70,<UNK>的这款连衣裤以黑色调出现，具有极简主义色彩，结合收腰的设计显出腰身与腿部曲线，更能在视觉上达到显瘦的效果。而高腰的设计则将整个人的比例拉长，让女性穿起来更加高挑。此外，袖口上的金属钮扣和侧边两根细绳的出现，增加了设计的层次感，同时也给整体增添了些许时髦复古气息。领口处的小v型设计，使颈脖裸露面积增大，有助于修饰颈部线条。还有横竖线条感的竖条纹纹理元素，使得这件裤子更具都市女性的干练气质，十分适合上班族穿搭塑造出优雅职场范。而收省处理后的简约廓形更能凸显利落感及柔美魅力。,经典的纯黑色调，最为基础百搭不易出错，融合入线条干净利落的版型设计之中，衬托出干练气势的职场风范，更有视觉上的显瘦效果。复古的条纹元素的加入，为单调的正装之中增添丝丝时髦气息，配合高腰的设计，提高腰线巧妙的纵向拉长腿部比例。简约的窄腿裤，避免了软塌没精神，上身更加精致有气势。,类型#裤*版型#显瘦*颜色#黑色*风格#复古*风格#简约*风格#职场*图案#条纹*图案#复古*图案#线条*裤腰型#高腰,7.0,待评测文案涵盖了大部分关键词，但遗漏了“复古·图案”和“简约·风格”，且出现了<UNK>标记，准确性略有不足；语言生动，细节丰富，但部分描述（如“侧边两根细绳的出现”）略显啰嗦，自然度尚可，整体有购买欲望。
71,这是一件可以一年四季都能穿的休闲卫衣裙，搭配一款打底衫外套就足够了。它面料厚实柔软亲肤，穿着舒适不束缚，非常棒地适合贴身穿搭。整条裙子的版型是收边设计的，不会显得臃肿肥大反而十分优雅随性。短款的版型轻松隐藏小肚子，又显腿长的功效，让你秒变两米的大长腿。螺纹的腰部松紧设计穿上非常贴合曲线。姜黄色的配色非常抢眼。,利落有型的短款风衣外套，颜色采用了衬托肤色的姜黄色，内搭简洁打底衫，休闲随意，彰显青春活力。衣身做了机器人图案装饰，童趣十足，美观大方，给略显单的衣身<UNK>了几分情趣，穿出孩子独有的青春活力。衣身四周螺纹的收口，松紧度好，服帖舒适，防风保暖。,类型#上衣*颜色#姜黄色*风格#休闲*衣样式#风衣*衣样式#外套*衣样式#打底衫*衣长#短款*衣袖型#收口*衣款式#螺纹,4.0,待评测文案存在严重错误：将上衣描述为'卫衣裙'，与商品关键词中的风衣、外套、打底衫不符，且未提及机器人图案、收口袖型等关键点。准确性低；语言有吸引力，但偏离商品实际；部分句子通顺，但整体不自然，有机械感。
72,看似简单的版型，却处处暗藏心机小细节。面料采用耐磨耐造且手感柔软的棉质 denim 布料，并经过特殊的做旧水洗工艺处理后的牛仔面料具有着独特的光泽感，并且能够展现出细腻的纹理质感。门襟处的不对称设计丰富了造型层次的同时更具设计亮点；开衩的裙摆裁剪更是营造出新颖的设计感，充满潮流复古气息。而腰部内侧缝拼接收紧皮带的处理则带来一种运动感。,精选进口纯棉牛仔面料经过特殊的水洗做旧工艺，弥漫着别样复古的味道，解构式拼接腰头设计极具前卫感，加上不对称裙摆和前后开叉剪裁打破沉闷的造型，都更加有当下潮流个性。,类型#裙*材质#棉*材质#牛仔布*材质#水洗*风格#复古*风格#潮*图案#复古*裙下摆#开叉*裙款式#拼接*裙款式#不对称,7.5,准确性较高，涵盖了大部分关键词，但缺少对‘拼接’的明确描述。生动性较好，使用了细腻的词汇，但部分表述如‘denim’中英夹杂略显突兀。自然度不错，语句通顺，没有明显机械感。
73,这款小裙子全身采用了黑底白条的设计，是经典不过时的条纹元素。裙子的肩带部分，设计成经典的法式小方领设计，能够起到修饰颈线的的效果。腰身部分采用收褶工艺处理细节，让整体更具立体感；袖身则利用荷叶边的点缀设计，让整体造型富有活力，增添一丝女人味。另外腰部两侧设有松紧螺纹，方便调节大小。加上裙摆的宽松鱼尾样式更添少女的灵动感；整体的版型的设计更是恰到好处，不仅上身十分舒适遮肉显瘦，还不失甜美气息。,本品版型宽松，造型独特时尚。竖坑条设计，拉伸黑色条纹，视觉显瘦感好，凸显你的优雅好身材。浪漫荷叶边设计，裙摆蹁跹优雅，螺纹搭配鱼尾，美观又蓬松，给身体预留出足够的空间，穿着的同时，可以尽情展现自己。,类型#裙*版型#宽松*版型#显瘦*颜色#黑色*图案#条纹*裙型#鱼尾裙*裙下摆#荷叶边*裙款式#螺纹,8.0,文案准确包含了所有关键词，如黑色、条纹、鱼尾裙、荷叶边、螺纹、宽松、显瘦等。语言生动，使用了‘法式小方领’、‘少女的灵动感’等吸引人的描述，能激发购买欲望。通顺自然，无明显机械感或重复。扣分点在于‘裙摆的宽松鱼尾样式’表述略显堆砌，整体流畅度可微调。
74,这款纯色的棒球服，采用黑白两种配色，无论你想展示哪种风格的自己，都可以轻松应对不同场合的穿着搭配；精致的灯笼袖设计，很好的凸显了整体的甜美气质美感；经典的收腰收省处理工艺，则很好的拉长整体的身材比例，营造出了修长的身躯曲线美；整体的设计，透露着浓浓的高贵与优雅的气息。演绎出几分温婉含蓄的古典<UNK>情调，上身自带一股浓浓的文艺风格。,这款连衣裙选用黑白两种色彩设计，简单纯色设计带有精致高贵的气质。两件套设计设计可以让下面的纱裙带有朦胧隐约的美感。七分灯笼袖设计与棒球服版型结合，凸显出混搭的别致风格演绎专属的美感。收腰设计可以展现出你的腰身，文艺范下摆张扬你的气质。,类型#上衣*颜色#纯色*颜色#黑白*风格#文艺*风格#高贵*图案#纯色*衣样式#棒球服*衣袖型#灯笼袖*衣款式#收腰,7.5,文案包含了所有关键词，准确性高；语言生动，但“<UNK>”是个错误，且部分表达略显堆砌（如“精致的灯笼袖设计，很好的凸显了整体的甜美气质美感”），但整体仍具购买欲；自然度较好，通顺，略有机械复读感。
75,"BRAND这款牛仔裤采用深色调搭配设计元素点缀设计,在版型和款式都很不错的大背景下。在细节处理上也不逊色,膝盖和臀部加入时尚的水洗做旧的破洞造型,与经典的磨白形成一种对比的感觉,十分有个性。另外整体水洗的工艺也使做工更为细腻精湛。",这款牛仔做了特殊的水洗工艺，呈现出的效果有反穿感，但是不会突兀，可以说是相当有自己个性的裤子啦。跟日常见到中规中矩的牛仔裤不一样，裤脚部分的折叠呈现的内<UNK>浅效果。让裤子的层次感更丰富，破洞效果随性自然。用本身自带的水洗色变化，打造出裤子的与众不同。牛仔裤什么的，只要你喜欢，属于闭眼入不会后悔系列。耐穿耐用，<UNK>起来也非常方便，省心省力，<UNK>一句，喜欢不要错过哦~,类型#裙*材质#牛仔布*材质#水洗*裙型#牛仔裙*裙款式#破洞,6.5,准确性方面，文案包含了牛仔布、水洗、破洞等关键词，但缺少裙型、裙款式的明确表现，且未提及裙装类型。生动性：语言较为平实，缺少感性号召力，如参考答案中的‘闭眼入’‘喜欢不要错过’等话术，购买欲激发不足。自然度：语句通顺，但存在机械感，如‘在版型和款式都很不错的大背景下’略显冗余，整体不够口语化。综合评分6.5分。
76,这件牛仔裙融入了时下非常流行的磨白牛仔元素，配合做旧的水洗工艺，呈现年代感的颜色，让你轻松穿出满满的情怀感。而整件裤身的设计也是非常大胆个性，以大面积的破洞装饰，凸显你的不羁风格。同时裤身的走线也是<UNK>，针脚紧密不易脱落的优点。,这款时尚牛仔裤选用优质的牛仔面料制作而成，质地厚实，纹路清晰，经水洗磨白破洞工艺处理后，增强了设计效果，上身穿着尽现不羁潮感；而半月型前袋，加入牛仔风格小口袋，裁剪贴合手型，穿着舒适更美观。,类型#裙*材质#牛仔布*材质#水洗*裙型#牛仔裙*裙款式#破洞,7.0,准确性方面，待评测文案覆盖了牛仔裙、磨白、水洗、破洞等关键元素，但缺少'牛仔布'材质描述，且将裙装称为'裤身'是不准确的。生动性上，使用了'流行'、'情怀感'、'不羁风格'等词汇，有一定吸引力。自然度方面，存在<UNK>未知符号和少量表述问题（如'整件裤身'），但整体通顺，无明显机械感。综合扣分3分。
77,这款BRAND家春季新款的碎花连衣裙，清新的小碎花点缀在裙子之上。领口处的小系带，修饰颈部的线条更加的美观立体，上身很是减龄呢。腰部微微的高收腰的设计，彰显出优美的身姿线条感。下摆处的镂空白褶处理，带来些许透视的感觉。将女性迷人的曲线展现出来，显得更加的性感魅惑有女人味。,这款连衣裙采用了丰富的碎花图案，一眼就给人清新明媚的视觉体验，而且还衬托出了女性优雅温柔的一面。收腰版型，更加凸显纤细小蛮腰。领口的v形镂空设计，不仅在视觉上拉长了颈部线条，还体现了几分不过分的性感气质。,类型#裙*风格#清新*风格#性感*图案#碎花*图案#线条*裙长#连衣裙*裙款式#勾花镂空*裙款式#收腰,7.0,文案准确涵盖了所有关键词（裙、清新、性感、碎花、线条、连衣裙、勾花镂空、收腰），但未强调‘风格’和‘图案’中的线条，略有遗漏。语言较生动，能激发购买欲望，但‘BRAND家’可能不符合直接使用。自然度较好，没有明显复读或机械感，但‘透视的感觉’与‘性感魅惑’搭配稍显刻意。综合给7分。
78,腰间的可拆卸的皮带让你可以多一种搭配的方式，黑色的色调在腰间看起来更加的亮眼。让裙子增添一股时髦潮流的气息。,以个性张扬的黑色为主打，配以大胆前卫的装饰瞬间提高了裙子的整体形象。炫酷的<UNK>腰带点缀与纤细柔软的<UNK>之上，一股潮流酷感迸发而出。加之舒适合体的版型设计，诠释出女子婀娜多姿的身姿，亦带来几许高级时髦格调。,类型#裙*颜色#黑色*风格#潮*裙款式#腰带,4.5,准确性方面，未提及裙款式#腰带中的'裙款式'元素，风格#潮体现不足；生动性较差，缺乏画面感和感染力，未能激发购买欲；自然度尚可，但表达较为平淡，缺乏亮点。
79,这一款牛仔裤精致的小花亮片的点缀，闪闪动人特别出彩，时尚的直筒的版型设计，对身材有着非常好的包容性，轻松的修饰腰部线条，看起来整体更显高瘦。加上别致的破洞装饰，层次感足个性满满。毛边裤脚，青春活力层次感足。宽松显瘦，随意百搭。,这款短袖牛仔裤两件套，上衣凭着经典圆领设计，轻松显露脖颈线条。修身显瘦的宽松直筒版型，百搭上身显气质。衣面和裤面上点缀的亮片猫咪刺绣，耐看显气质，瞬间提升衣品。破洞和毛边细节，兼具个性与质感，大大丰富上身时尚度。,类型#裤*版型#宽松*版型#显瘦*材质#牛仔布*图案#线条*图案#刺绣*裤型#直筒裤*裤款式#破洞*裤款式#亮片*裤口#毛边,7.0,文案基本涵盖了所有关键词，但缺少'刺绣'和'线条'（仅提到'小花亮片'，未提及线条图案）。语言较生动，使用了‘闪闪动人’、‘别致’等词，有一定吸引力。自然度尚可，但‘层次感足’重复出现，略显机械。整体不错，但细节可优化。
80,这一件连衣裙采用竖向的条纹元素作为主体设计，呈现出鲜明的视觉层次感，在侧边的位置采用了彩色印花的工艺设计，看上去就足够吸引人注意了！配合着鲜艳的玫红与粉红的配色款式，让你的一举一动都显得格外生动有趣！,这款粉红色条纹连衣裙精美大方，充满青春活力气息，十分唯美大气，尽显女性俏丽活泼感。且配以可爱亮眼的印花设计，更显女性甜美气息。,类型#裙*颜色#粉红色*图案#条纹*图案#印花*裙长#连衣裙,8.0,准确性上，文案涵盖了类型（裙）、颜色（粉红色/玫红与粉红）、图案（条纹、印花）、裙长（连衣裙），但未明确提及‘裙长’关键词，不过通常连衣裙已隐含裙长信息，可以接受。生动性较好，‘鲜明视觉层次感’、‘足够吸引人注意’、‘生动有趣’等表达富有吸引力，能激发购买欲。自然度较高，语句通顺，无明显机械感或复读。整体优秀，扣分点在于未严格包含所有关键词以及对粉红色的描述略偏离参考的‘粉红色’（用了‘玫红与粉红’），但创意表达可弥补。
81,这款由<UNK>&<UNK>出品的蝴蝶结撞色连衣裙，衣领处融入的蕾丝花边的点缀和荷叶袖的结合，打破了传统大贴布的常规搭配方式，整体效果既饱满又精美。而优雅的圆领元素，更是将孩子甜美可爱的气质一展无遗。肩部和腰身的拼接设计，更凸显了孩子的迷人身材比例哦！,一款比较甜美精致的连衣裙，裙身多处拼接了撞色蕾丝花边，丰富了视觉层次，带来了几分甜美浪漫气息，激起满满的少女心，上身甜美减龄。小圆领领型，领口还有蝴蝶结点缀，温婉含蓄，增加了细节看点。多层荷叶袖袖型，更显精致甜美，提升了裙子的设计感。,类型#裙*材质#蕾丝*图案#蝴蝶结*图案#撞色*图案#蕾丝*裙下摆#花边*裙长#连衣裙*裙领型#圆领*裙袖型#荷叶袖*裙款式#拼接,6.0,【准确性】缺失关键词：蕾丝（仅出现一次且未体现撞色）、蝴蝶结、花边未明确提及；【生动性】部分描述如“打破传统大贴布”略显生硬，购买欲望一般；【自然度】存在“<UNK>&<UNK>”乱码，语句衔接不够流畅，有机械感。
82,这款卫衣采用橘黄色调渲染衣身，活力十足且吸睛抢眼，展现出年轻女性活力四射的一面；将小雏菊造型贯穿于衣身，打破常规增添浪漫气息与自然美感；经典的连帽款式加以抽绳设计，搭配胸下袋插袋，提升整体层次感又不失实用性能；简约的束腰带可根据腰身自由调节松紧，展现好身材的同时更显个性时尚；胸口的logo印花加持，凸显出品牌魅力与质感；舒适的面料材质与精美的剪裁工艺使得穿着体验倍感柔和亲肤。,如今卫衣已经成功逆袭<UNK>身为自带时髦属性的利器，年轻又减龄。靓丽的黄色调在清冷的季节带来一丝暖意，胸前简约的英文字母印花点缀，丰富层次感，让<UNK>伴随着我们。连帽抽绳系带的版型，为我们带来了无限的青春活力。,类型#上衣*颜色#黄色*风格#简约*图案#印花*衣样式#卫衣*衣门襟#系带*衣款式#抽绳*衣款式#连帽,7.0,准确性方面，文案涵盖了所有关键词（黄色、简约、印花、卫衣、系带、抽绳、连帽），但缺少对【衣门襟#系带】中系带作为门襟方式的明确描述，且误将系带描述为束腰带（门襟系带通常位于衣身前中，而非腰部）。生动性方面，语言有活力但不完全贴合关键词中的‘简约’风格，额外添加了小雏菊、插袋等未体现的关键元素，可能偏离商品核心卖点。自然度较好，通顺无复读，但部分细节（如logo印花）在参考答案中未强调，显得冗余。综合扣分因过度发挥且关键点遗漏，得7分。
83,这款半身裙选用经典的黑色与墨绿两色，展现出成熟干练的时尚气质，而且耐看不挑人。可拆卸的金属扣作为点缀，让裙子增添了些许精致的细节美。裙身的拼接撞色的设计感十足，演绎都市女性优雅浪漫的气息，彰显了职场的魅力风范，也带有几分复古的美感。,衣身以复古的墨绿色为主体，拼接内敛的黑色，既时髦又不乏庄重的气质感。非常适合职场ol一族，与半身裙组合在一起，或者作为大衣的内搭，都不失为吸睛的组合。,类型#裙*颜色#黑色*颜色#墨绿色*风格#复古*风格#ol*风格#职场*图案#复古*裙长#半身裙*裙款式#拼接,8.0,准确包含了所有关键词，语言生动有画面感，整体自然流畅，但部分表述略显冗余（如‘感十足’）。
84,设计师将真丝与印花相互的融合到一起，既凸显女性成熟，又不会显得过于浮夸和沉闷。在春夏季穿着更是清凉舒适，而宽松版型的设计更是非常的修身显瘦，让女生穿出不同的气质。小黑白的搭配方式非常经典耐看，上身也非常的舒服自在，作为衬衣也是不错的选择哦！,来自BRAND，美元印花真丝衬衫。采用真丝材质打造的衣身，穿着亲肤透气。宽松版型穿着舒适显瘦，毫无束缚感。衣身饰有美元印花图案装饰，视觉效果强烈。后背配有彩色的大号标签装饰，辨识<UNK>。,类型#上衣*版型#宽松*版型#显瘦*材质#蚕丝*图案#印花*衣样式#衬衫,6.5,文案遗漏了关键词'蚕丝'和'后背标签'，准确性不足；语言较生动但缺乏具体卖点如透气、显瘦等；通顺自然但部分表述如‘相互的融合’略显冗余。
85,气质淑女的连衣裙采用淡雅的蓝色调设计，展现出女生特有的端庄稳重。时髦的一字肩设计，露出迷人的锁骨曲线与修长的颈部，彰显女性的成熟性感和优雅妩媚。飘逸浪漫的半透明袖子搭配精致的喇叭造型，仙气十足甜美可人儿，灵动飘逸。走起路来带着淡淡的仙气美翻全场。,不管是什么季节连衣裙都是那一抹优雅的存在，就像newlook家的这款连衣裙，深沉的蓝色调，上身不仅衬托出肌肤的白皙。搭配着性感的一字肩，又展现出性感不失优雅的淑女气息。而袖口出精致的喇叭袖，灵动的样子，举手投足间散发出浪漫格调。,类型#裙*颜色#蓝色*风格#淑女*风格#性感*裙长#连衣裙*裙领型#一字领*裙袖型#喇叭袖,7.0,准确性：待评测文案包含了所有关键词，但将'蓝色'误写为'淡雅的蓝色调'，虽无大碍但略有偏差。生动性：语言优美，使用了'仙气十足''美翻全场'等词，具有吸引力，但'端庄稳重'与风格中的'性感'略有冲突。自然度：整体通顺，但'甜美可人儿'中的'儿'可能是输入错误，稍显机械感。
86,设计师在细节设计上花费了不少心思。前片是浪漫的柔美雪纺面料，质地轻薄细腻通透，手感顺滑，垂感十足，结合精美的手工手绘<UNK>点缀其中增添了几分甜美的少女气息，后背采用复古风优雅的法式开襟设计，隐约之间若隐若现的感觉非常别致。腰部的束带加以金线缝制而成，起到画龙点睛的作用，勾勒出修长的腿部线条。再加上蓬松立体的a型下摆和柔美飘逸的网纱材质更显灵动与俏皮的同时也展现出女性的温婉典雅气质。,轻盈透气的双层雪纺面料，手感柔软仙气满满。复古的的双层网纱领口，修饰颈脖线条，勾勒柔美脸型。斜开门襟结合<UNK>开合，新颖独特穿脱便捷。裙身手<UNK>兰花设计浪漫吸睛，优雅女人味十足。过膝的版型微露脚踝，端庄大方。,类型#裙*材质#网纱*材质#雪纺*风格#复古*图案#手绘*图案#复古*图案#线条,6.5,文案包含多数关键词，但缺失'雪纺'和'网纱'（仅提及网纱未作为材质核心），'手绘'以'手工手绘'形式出现，基本准确。语言较生动，但部分描述（如'法式开襟'、'金线缝制'）略显冗余，未直接突出购买点。自然度一般，有机械感（如'设计师在细节设计上花费了不少心思'），且存在未处理标记<UNK>。
87,此款时尚又减龄的连衣裙，经典的圆领设计搭配七分袖口的设计，不但简约舒适，同时又能轻松的修饰手臂曲线。拼接肩带的设计，甜美可人。,典雅圆领设计展露净白脖颈，简约七分袖设计将女性优雅气质完美呈现，裙摆拼接细腻轻纱彰显浪漫唯美气质，表面细致纹理彰显自然纯粹的美感。,类型#裙*风格#简约*裙袖长#七分袖*裙领型#圆领*裙款式#拼接,6.5,待评测文案包含了所有关键词（裙、简约、七分袖、圆领、拼接），但缺少'净白脖颈'、'优雅气质'等生动细节，语言较平淡，购买欲望不足；文案通顺但略显机械，如'时尚又减龄'过于笼统。与参考答案相比，缺乏画面感和情感渲染。
88,一款非常轻便的外套，面料轻薄柔软透气性好，春秋冬外穿很实用。简洁的款式裁剪，宽松舒适的h廓形打造利落自在的视觉效果。袖口领口下摆设计成松紧的设计，方便活动的同时，更能很好的收束腰身曲线。袖子采用叠褶的处理，形成有趣的视觉层次效果，同时又能给手臂一个舒适的空间，随意搭配都透露着轻松闲适的生活乐趣。撞色的条形点缀，打破了整体的单调氛围，更突显女性的年轻活力气息，时尚又有范儿，休闲中带着慵懒的气质。,丰盈厚实的毛呢面料，内里做了加棉加厚处理，提升外套的防风保暖性，让你的春秋季节温暖倍增。撞色的羊羔毛领，带来冲击感的视觉，并为颈部添加柔软与温暖。加长的衣身，h版型宽松不挑身材，慵懒休闲风打造。,类型#上衣*版型#宽松*版型#h*风格#休闲*图案#撞色*衣样式#外套,6.0,准确性方面，缺少关键词'毛呢'（错写为面料轻薄）、'加棉加厚'（未提及保暖性），且衣长未明确'加长'；生动性较好，但仍不如参考答案精准；自然度较通顺但部分描述（如'收束腰身曲线'与宽松版型矛盾）略显机械。综合扣分。
89,重工打造的双层袖设计，让双臂若隐若现间充满诱惑力，搭配上肩带可调节长度处理，潮流有个性。腰间配以蕾丝织带的百褶边，在飘逸的舞动中释放活力与俏皮感。别致而细腻的星星点点镂空绣花工艺，为内衬增添了俏皮的灵动气息；搭配高贵的裸露式的抹胸样式，一展无拘无束、性感撩人的一面。腰间配有系结式的蝴蝶结腰带设计，将女人味体现到极致，衬托出身材的窈窕动人。配合外搭的半透网纱面料，更显女人的魅力四射。,镂空蕾丝结合精美的绣花，奢侈华丽加一点点的小性感，结合里面抹胸的内衬，增加了优雅不失潮流。丝绸的腰带以蝴蝶结的形式，装饰在腰间，凸显腰部纤细。百褶纱网的裙子，呈现出朦胧神秘感，更是增加母女们高贵优雅的气质。,类型#裙*材质#网纱*材质#蕾丝*风格#高贵*风格#潮*风格#性感*图案#蝴蝶结*图案#刺绣*图案#蕾丝*裙型#百褶*裙型#抹胸裙*裙款式#勾花镂空*裙款式#腰带,8.0,文案准确覆盖了所有关键词（类型#裙、材质#网纱、材质#蕾丝等），但将‘潮’理解为‘潮流有个性’稍显生硬。语言生动，通过‘若隐若现’‘释放活力’等描绘提升吸引力；自然度较好，但‘重工打造’‘别致而细腻’略显微机味，整体通顺无明显复读。
90,想要在这个春暖花开的季节里化身花仙子吗？那就快穿上这件长裙，它用繁复精美的印花绽放出春天的生机与活力！<UNK>的剪裁让你无需繁琐的搭配便可美美的出门啦！轻薄的丝质面料赋予整件连衣裙透亮的光泽感~,这条优雅的长裙，简直是春夏季节，每个爱美女生衣柜里不可或缺的单品，连衣裙设计，省却了整体搭配造型的苦恼，穿在身上尽显仙女气质，细节之处精美绝伦，印花设计配合饱满的色彩，让你立刻成为人群中的焦点。不管是旅游还是出街拍照又或者是春游踏青，穿上它都是妥妥的完美。,类型#裙*图案#印花*裙长#长裙*裙长#连衣裙,7.0,待评测文案包含了'裙'、'印花'、'长裙'、'连衣裙'四个关键词，但缺少'图案'关键词，因此准确性不完美。语言生动，使用了'化身花仙子'等比喻，并引发购买欲望，但存在<UNK>未知标记，自然度受到一定影响。
91,将传统中国风元素融入到现代时装的服装设计版型，可以展现出一种典雅的感觉；这款外套的后背有精美的绣花装饰着胸花和飞燕来展现女性柔美与俏皮感。这样的设计不仅新颖别致也能很好的展示设计师的设计手法和新颖的理念，同时体现出服装整体的美观性和潮流性，穿上之后更加洋气吸睛。,这款BRAND的刺绣外套，制作工艺非常的精致立体，并采用了如丝滑般的面料，凸显满满的高级质感，穿着也倍增清爽舒适度；侧面衣袖并设计了logo标志，增添了酷炫个性，可谓在中国风中注入潮流，彰显独特韵味，超有态度款式，出街尽显国潮男子。,类型#上衣*风格#潮*风格#中国风*图案#刺绣*衣样式#外套,5.5,准确性上，遗漏了关键词'刺绣'和'外套'，且未提及'潮'和'中国风'的结合；生动性一般，描述偏设计理念而非产品卖点，缺乏购买驱动力；自然度尚可，但部分表达稍显冗余，如'展现出一种典雅的感觉'和'体现出服装整体的美观性和潮流性'略显机械。
92,来自BRAND的孕妇打底裤，<UNK>型剪裁设计，包容性极好，孕前和孕期都可穿搭，同时修饰腿型。微喇版型结合弹力收腰工艺，遮肚的同时又可轻松驾驭不同身型的mm。此外两侧隐形的后袋造型时尚美观且兼具实用性。加之精致的花朵点缀，洋溢十足的少女气息，尽显女性的青春与活力。同时a字的<UNK><UNK>脚型设计，打造出纤细大长腿形象，展露小女人的迷人身姿。下摆自然开衩造型，露出性感的肌肤，增添了一丝女人味。,这一款弹力窄腿版形的速干休闲裤，设计亮点在于裤子的紧身版形设计。这样的表现手法使得整休裤子看起来非常性感，既充满时尚感又彰显青春动感的气息，动感个性。,类型#裤*风格#青春*风格#性感,6.0,准确性方面，缺少“青春”和“性感”关键词，且出现<UNK>表示未知词；生动性方面，整体描述较丰富，但有些啰嗦，购买欲望一般；自然度方面，部分语句不通顺，如“a字的<UNK><UNK>脚型设计”，且有机械感。
93,这款连衣裙采用了非常具有艺术气质的<UNK>，将经典的牛仔衬衫与裙子很好的结合在一起。裙子表面灰色的花朵刺绣设计精致美丽，显得格外的雅致有型，充满艺术气息。下摆的设计也比较别致，采用微喇型的喇叭袖口，可以修饰手臂曲线，看上去非常的纤细修长，更显优雅气质。此外裙子的正面还有一个口袋装饰，方便实用性又显得个性十足。,如果只是单纯色的灰色未免过于单调，因此，<UNK><UNK>b在胸前加入牛仔衬衫口袋设计，不仅能让衣身更加立体还能提升时尚指数和色彩饱满度。并在口袋上增加小黑熊刺绣，让可爱的孩子穿着萌趣感立显。袖口、领口和下摆的平滑衍缝减少缝边对宝贝肌肤的摩擦感，保护娇嫩肌肤穿着舒适加倍。,类型#上衣*材质#牛仔布*颜色#灰色*图案#刺绣*衣样式#衬衫*衣款式#口袋,3.5,文案存在多处错误：1. 商品为上衣，但文案写成连衣裙；2. 遗漏了灰色和刺绣图案（花朵刺绣虽提到但未明确是灰色，且关键词要求图案刺绣，花朵可能不符）；3. 误将衬衫口袋描述为裙子口袋；4. 增加了未提及的喇叭袖口。整体与关键词严重不符，缺乏准确性，语言虽有一定生动性但错误太多，自然度因关键元素错误而降低。
94,这是一条集复古和时髦的牛仔长裤，采用独特的双面面料打造而成，使得整体造型显得更加别致与众不同，穿出个性非凡的效果。同时，前身的裤缝处融入了本白的斜插袋设计，不仅增加了实用性，还使得整体层次感更加的丰富强烈。再辅以膝盖处明线的拼接装饰，轻松打造干练率性的感觉。而腰头处的铆钉装饰与后<UNK>搭配，又彰显出一丝丝玩味的小趣味。总之，这条经典而又不失腔调的长裤，无论是逛街还是聚会都能让你气场全开。配上一件休闲的小衫就能美不<UNK>啦！,休闲范十足的牛仔长裤，贴布点缀背面矩形贴袋，与做旧裤身营造的复古感觉相契合，裤脚两端巧妙拼接，使裤身造型更为立体饱满，并展现不失率性的休闲少年感。裤脚的设计很有小心机，可以放下，也可以卷起来，怎么穿都很潮。,类型#裤*材质#牛仔布*风格#复古*风格#休闲*图案#复古*裤长#长裤*裤款式#拼接,6.5,准确性方面，未提及'复古'图案、'拼接'裤脚，且出现'<UNK>'和'美不<UNK>'，可能缺失关键词。生动性方面，语言较有画面感，但部分表述如'双面面料'与商品关键词不符，显得不真实。自然度一般，存在'时髦'与'复古'搭配略显刻意，整体略生硬。综合评分6.5分。
95,这款由teenieweenie打造的男士白t，以低调的纯白色调为主基调并结合简洁利落的裁剪勾勒出利落时尚的版型设计。胸前精致的小狗刺绣图案打破白色衣身单调感的同时又增添俏皮活泼韵味；领后处加入单排白色小纽扣装饰更显大方得体和干净利落又不失休闲气息感。内搭一件基础款连帽卫衣或是长袖衬衫都能让整个人显得精神满满。,一款以优雅白色为主打色调的简洁衬衫，以休闲长袖的版型赋予穿搭者舒适的体验。简洁的衣身设计，搭配大方的纽扣门襟，自带满满的青春活力，日常穿搭显得尤为便捷。同时，精致的绣花点缀衣身，烘托出小女生的精致与美腻，倍显少女感。,类型#上衣*颜色#白色*风格#休闲*图案#刺绣*衣样式#衬衫*衣袖长#长袖*衣款式#纽扣,4.5,文案提到了白色、刺绣、休闲、长袖、纽扣、衬衫风格，但未包含'上衣'和'衣款式#纽扣'（实际提到了纽扣但类型不符），且错误地描述为'男士白t'（T恤而非衬衫），与关键词严重不符。语言较生动，但存在不通顺（如'领后处'）和机械感（如'同时'重复）。准确性差，扣除大量分数。
96,在春天这个美丽的季节，一定也不能没有一件这样一条个性独特的裤子！它采用高品质面料制作而成，亲肤又舒适；加上破洞处理，更加彰显青春活力；而裤子整体的贴布水洗图案设计，更体现出你与众不同的品味；而且它的腰部采用收缩束腰的设计，更能展现你的大长腿哦！,要<UNK>人，不做<UNK>！个性磨破破洞，时尚印花设计，街拍潮人必备。舒适耐磨不变形不掉色，走线工整，水洗工艺。年轻<UNK>，要“裤”！,类型#裤*材质#水洗*图案#印花*裤款式#破洞,6.0,准确性不足：缺少关键类型词'裤'，且未提及'水洗'工艺（仅提到'贴布水洗图案'，但水洗图案不是水洗工艺本身）。生动性较好，有购买欲望；自然度较高。综合扣分。
97,这款包臀款式的半裙，能修饰完美的臀部曲线，穿着大方随性，且又凸显女性的优雅气质；独特的包臀款式，让你轻松打造出妩媚又甜美的淑女形象。柔软舒适的针织面料，穿着上身很是舒适自然，质地细腻的毛呢材质，摸起来有光泽，手感极好的纯羊毛质地的衣衫给人非常舒服的享受体验，精选优质的面料，带来更好的保暖性与透气性，适合春天和夏天搭配各种上衣。具有通勤风格的样式，是职场女性必备的选择搭配。,此款<UNK>羊毛针织半裙女采用半身裙设计，半身包臀勾勒出曲线与美腿，展现轻熟优雅的淑女气质。轻松搞定日常通勤打扮，很好的修饰了身材比例，魅力大方诱惑人心。精选优质羊毛面料，穿着舒适自然。,类型#裙*材质#羊毛*材质#针织*风格#通勤*风格#淑女*裙型#包臀裙*裙长#半身裙,7.5,准确性方面，文案包含了所有关键词（裙型包臀裙、材质羊毛、材质针织、风格通勤、风格淑女、裙长半身裙），但将保暖性、透气性与春天夏天搭配描述略有矛盾，且‘毛呢材质’与‘羊毛针织’略有不符。生动性较好，使用了‘妩媚又甜美’、‘魅力大方’等词汇，能激发购买欲。自然度一般，存在轻微重复（如‘穿着舒适自然’和‘很是舒适自然’），整体通顺，但后半部分修饰词稍显堆砌。
98,这款来自奥芝国女童衬衫，清新的小草莓贴布与精美的玫瑰花印花相衬，<UNK>了孩童活泼灵动的小公主形象；经典的翻领设计，修饰脸蛋立体精致有气质，胸前立体的贴袋装饰，美观大方时尚百搭；门襟处精致的纽扣点缀，方便宝贝独立穿衣，同时给衣身带来些许美感，袖口系绳设计，收紧手腕防风更舒适，修身版型不臃肿，宝宝穿起来时尚百搭。,更容易引起关注率的印花元素，添加在衬衫上，穿着既不单调乏味又能很好凸显自我。经典的翻领，凸显气质优雅大方，别致的鹅黄色印花，洋气十足，浪漫更显小清新，还好藏肉显瘦，纽扣的位子添加粗黑条点缀，提升整体的吸睛力，穿着上身更利落更时髦。,类型#上衣*版型#显瘦*风格#清新*图案#印花*衣样式#衬衫*衣领型#翻领*衣款式#纽扣,6.5,准确性方面，关键词‘上衣’、‘显瘦’、‘清新’、‘印花’、‘衬衫’、‘翻领’、‘纽扣’基本覆盖，但‘版型显瘦’未明确体现；生动性一般，描述较平实，缺乏类似参考答案的‘藏肉显瘦’、‘洋气十足’等强吸引力词语；自然度尚可，但‘<UNK>’明显是未识别词，且‘修饰脸蛋立体精致’略显生硬。整体表现中等偏上。
99,这件卫衣采用清新的白色和明亮的黄色作为整体基调，给人带来清爽干净的视觉感受，凸显出孩子天真可爱的气质形象。胸前大大的logo拼色的贴布装饰醒目吸睛，让整体更具时尚度。纯棉的面料柔软细腻，穿着舒适亲肤且不显臃肿。开衩设计细节独特，彰显其设计感的简约时尚感，让孩子在人群中脱颖而出。简洁利落的版型衬托孩子的挺拔身材，展现休闲活力气息。,来自BRAND的这款卫衣，采用柔软透气的纯棉面料，营造出舒适的穿着体验。简约的衣身，白色调，清新干净，融入了拼色的按扣装饰，既可以系上扣子休闲舒适的穿着，也可以将扣子解开，露出诱人的香肩，打造多变得穿着，让你不做平庸女。,类型#上衣*材质#棉*颜色#白色*风格#简约*风格#休闲*风格#清新*图案#拼色*衣样式#卫衣,7.0,准确性良好，包含所有关键词；生动性较好，但部分描述（如‘开衩设计’）与商品特征不符；自然度较高，但‘开衩设计’细节与前述风格略有冲突。
100,BRAND设计师带来的这款卫衣选用了酷帅的纯黑色系渲染，以极简的风格打造出视觉上的高级感；巧妙融入撞色的logo字母织带装饰，增添设计亮点的同时，还丰富了层次感与细节感；结合舒适的圆贴袋插兜设计，实用又方便凹造型；加之精致的翻折高领工艺以及松紧收口的螺纹下摆，穿着挺括有型且显休闲范；袖口的设计为时尚罗纹收口，修饰手臂曲线，起到很好的修身效果。采用不同色彩的梭织面料拼接碰撞，给人视觉冲击，打破沉闷。,精选100%<UNK>绒卫衣面料，舒适透气。<UNK>捏省设计+罗纹收口塑造蝙蝠廓形，还起到点缀衣身的作用，底摆螺纹收口<UNK>腰位勾勒出纤细线头，让廓形版型也显瘦。小高领设计凸显气质，弹力螺纹拼接穿脱方便。原创字母印花有一点点叛逆的<UNK>，凸显自由追求。字母和黑色衣身大胆撞色，时尚感十足。,类型#上衣*版型#显瘦*颜色#黑色*图案#字母*图案#文字*图案#印花*图案#撞色*衣样式#卫衣*衣领型#高领*衣袖型#罗纹袖口*衣袖型#收口*衣款式#拼接*衣款式#螺纹,7.0,准确性方面，缺少了部分关键词如‘捏省设计’‘蝙蝠廓形’‘廓形版型也显瘦’‘弹力螺纹拼接’，但涵盖了主要特征；生动性较好，使用了‘酷帅’‘高级感’‘亮点’等词汇，有一定吸引力；自然度较高，语句通顺，但略微有模板化痕迹，如‘结合…’‘加之…’等句式。整体不错，但细节上不如参考答案精准。
101,此款纱裙选用浪漫甜美的水溶小花点缀整个版面，给视觉带来丰富的画面感层次；后幅的斜式小v领，搭配上层层叠加的荷叶边装饰，让后背的妩媚中不失柔美的一面，尽显优雅迷人的气质！飘逸朦胧的面料结合腰部的皱褶细节设计，在行走间又多了一丝丝动人的俏皮灵动韵味，尽展女性独有的温婉和性感~,袖子的荷叶边与领口<UNK>，很有层次感，尽显甜美优雅的气息。立体褶皱的荷叶边裙摆更显得浪漫与梦幻，v字领口露出锁骨线，尽显性感的情调。,类型#裙*风格#性感*裙下摆#荷叶边*裙领型#v领*裙款式#抽褶,8.5,文案准确包含了所有关键词，描述生动富有画面感，语言自然流畅，有效激发购买欲望。扣分点：未完全对应参考答案的结构，但整体质量很高。
102,这件衬衫看起来很有质感，前门襟一侧使用格纹装饰，和后背拼接的织带相呼应，时髦独特更亮眼。柔软舒适的梭织梭边面料结合了<UNK>的面料，不易起球更舒适亲肤；手感细腻透气，在春季单穿也不会觉得闷热<UNK>；经典的圆弧形下摆随性自由，修身显瘦衬得身材更加纤细高挑。,显型男格调的一款修身衬衫，采用了前后幅拼接的设计款，在肩部通过精致的车缝线连接，呈现出不同与众的独特品位。前幅有致密格纹提花大气装饰，显出些许复古气息，个性的弧形下摆，以及针织贴袋的装饰点缀，带来俊朗帅气的穿衣风格。后幅为平纹肌理，平实而质朴，增添稳重气质。,类型#上衣*版型#显瘦*材质#针织*风格#复古*图案#格子*图案#复古*衣样式#衬衫*衣款式#拼接,6.0,文案包含了大多数关键词，但遗漏了‘复古’和‘拼接’（未强调前后幅拼接），且出现<UNK>符号影响自然度。语言较流畅，有一定吸引力，但部分表述机械，如‘手感细腻透气’。整体得分中等。
103,一件百搭减龄的针织开衫，v领设计经典大方，加上精致的小水滴扣点缀，丰富视觉层次尽显别致典雅之美。采用温柔迷人的浅蓝色调渲染，清新的色调衬托肤色更显柔和白皙，同时还能展现出你的温婉气质与优雅品味。,长款针织开衫为这个春夏而打造，半透明的薄款设计在即能满足搭配，又能略微的保暖，也能作为空调<UNK>的穿着。清新淡雅的浅蓝色衣身有着湖水般的清澈，非常干净美好。v领的领口设计穿着更加舒适，前短后长的开叉下摆更显良好比例的身型。同色纽扣浑然一体。,类型#上衣*材质#针织*颜色#浅蓝色*风格#清新*衣样式#开衫*衣领型#v领*衣款式#纽扣,7.5,优点：涵盖大部分关键词（针织、开衫、浅蓝色、清新、v领、纽扣），语言吸引人，有购买欲望。缺点：缺少“长款”、“半透明”、“前短后长开叉下摆”等细节；未提及“薄款设计”和“空调穿搭”，准确性略逊于参考答案；自然度尚可，但略有套用常见说法之嫌。
104,这款<UNK>的白色调修身衬衣裙，上身采用修身的立体剪裁设计，在视觉上打造出女性的纤细腰身曲线。同时在下摆融入了复古的花鸟印花元素装饰点缀裙身上衣，以经典的黑色为底色，搭配白色的典雅花枝、可爱的樱桃，给人带来了满满的怀旧情怀。而领口还采用了精致的波点修饰，更添活力感，再配以干练的白衬衫领与流畅的弧线斜襟修饰线条，更显女性的精致之美，且显得随性干练。,这款衬衫复古风的黑白波点印花款，非常的时髦百搭！小短款的设计，小个子女生也能轻松驾驭。修身的立体剪裁，对身材包容性更大，上身遮肉显瘦。复古别致的小尖角领面，采用白色的线条包边，系上更显甜美浪漫的法式风。衣身的隐藏式小口袋，和袖口，设计简洁大气，出街实力吸睛！,类型#上衣*版型#显瘦*版型#立体剪裁*颜色#白色*颜色#黑白*风格#复古*图案#复古*图案#波点*图案#线条*图案#印花*衣样式#衬衫*衣长#短款,6.5,准确性方面，文案包含白色、修身、立体剪裁等关键词，但遗漏了'短款'、'版型显瘦'，且将上衣描述为'衬衣裙'与商品关键词'衬衫'不符，出现<UNK>未知词汇。生动性一般，虽有描述但不够吸引人。自然度较低，存在冗余和复读（如'裙身上衣'），整体流畅性不足。
105,简约而经典的抽绳短靴以纯黑的色调呈现出低调内敛的个性品味，与复古摩登的味道完美融合展现大气场。时尚百搭的造型样式适合各种格调混搭，在出街时让你轻松驾驭牛仔裤和长裤，穿出时髦风范，结合中低筒造型更是拉长了腿部的视觉比例。让气质更加高挑出众。加上<UNK>的宽松脚口设计打造舒适穿着体验。尽显闲适慵懒的休闲范。,这款来自ehe的牛仔裤，采用黑色棉感牛仔制成，表层泛着淡淡的白点，复古静谧感十足。宽松的<UNK>裤型，休闲自在，结合松紧式的抽绳腰头设计，上身毫无束缚感，舒适有型。简约的设计搭上利落的剪裁，适合日常多种造型。,类型#裙*版型#宽松*材质#牛仔布*颜色#黑色*风格#复古*风格#简约*风格#休闲*图案#复古*裙型#牛仔裙*裙款式#抽绳,3.0,待评测文案准确性差：遗漏了牛仔布、宽松版型、复古简约休闲风格、牛仔裙、裙款抽绳等核心关键词，反而出现了短靴、长裤等无关内容；生动性不足，描述偏离商品；自然度低，语言生硬且词不达意。
106,这款裤子采用阔腿版型设计理念，能很好的修饰女性的腿部曲线，展现纤瘦迷人魅力。配以简约大方的色系选择，经典不过时，上身更显落落大方。再加上侧边金属链工艺的点缀，不仅让裤装更富有光泽度，也让整体呈现出一股利落的气场风范，轻松彰显出女性干练帅气的气质风范。让你穿出别具一格的特色美感，瞬间撩人<UNK>。,阔腿裤是人手必备一条的百搭单品，这款阔腿裤整体造型简约大方，简单百搭的同时时髦又自然，带了气质的ol感。垂感极佳的麻纱面料光滑亲肤，走起来飘逸显气质，气场自动释放。,类型#裤*风格#简约*风格#ol*裤型#阔腿裤,7.5,准确性：包含所有关键词（阔腿裤、简约、OL、阔腿），但风格关键词'ol'以'ol感'、'ol风范'等形式出现，不够直接。生动性：使用了'修饰腿部曲线'、'纤瘦迷人'、'光泽度'、'气场风范'等词汇，有一定吸引力，但略有堆砌感。自然度：整体通顺，但'展现纤瘦迷人魅力'略显模板化，且结尾'撩人<UNK>'有缺字影响流畅度，整体存在轻微机械感。
107,本款<UNK>春装韩版潮牌男士卫衣采用了优质的进口弹力布制作而成，手感柔软舒适，亲肤又防滑，抗静电效果十分明显！基础的经典套头设计，穿脱特别的方便！配上经典百搭的圆领设计，保暖性能特别好，显得脸小！修身的版型以及下摆处压线工艺，更加修身显瘦，彰显出男性特有的魅力气质！个性潮流的字母印花设计让整体更加的协调耐看！多种颜色可任你选择哟~！,这一款卫衣字母印花，青春活力自然减龄，精致裁剪加上韩版的设计，显瘦的同时拉长身型比例，将整个身材比例拉伸，凸显曲线。套头设计，方便穿脱气质利落。简洁圆领，修饰脖颈落落大方。,类型#上衣*版型#显瘦*风格#韩版*图案#字母*图案#文字*图案#印花*衣样式#卫衣*衣领型#圆领*衣门襟#套头,6.5,准确性较好，覆盖了大部分关键词，但缺少'风格#韩版'和'衣门襟#套头'明确提及；生动性一般，部分描述如'抗静电效果十分明显'略显多余，整体购买欲望一般；自然度中等，'<UNK>'标记影响通顺，部分句式稍显机械。
108,这款裤子采用的是基础款的剪裁设计，非常的别致有个性。宽松的锥形版型，让臀部显得更加的饱满好看。经典的菱形腰身和金属元素点缀的设计更显美观，穿起来也十分的舒适惬意。直筒型的裤腿设计也更是显得时尚大方，是当下非常流行的款。整体看起来不仅舒适还有设计感十足，轻松打造率性潮女风采。时尚好搭百搭款式，打造出摩登酷炫范儿休闲简约。,简约大方，时尚休闲，宽松直筒阔腿裤的版型设计简约却不简单，使得行走间自带清风，随性洒脱的魅力令人无法抵挡，同时，彰显出英姿飒爽的女王范儿。结合立体感的菱形提花面料，使得这条阔腿裤富有肌理感，低调而不失奢华地诠释着精致魅力。,类型#裤*版型#宽松*风格#简约*风格#休闲*图案#菱形*裤型#直筒裤*裤型#阔腿裤,7.5,准确性：缺少关键词'阔腿裤'（文中误写为'直筒型的裤腿设计'，未明确提及阔腿裤）和'菱形提花'（仅提及'菱形腰身'，非面料描述）；同时包含了非关键词如'锥形版型'。生动性：语言较为生动，使用了'别致有个性'、'帅气潮女'等词汇，但部分表述如'让臀部显得更加的饱满好看'略显微妙，可能降低购买欲望。自然度：整体通顺，但'时尚好搭百搭款式'略显重复，稍有机械感。基于此，综合给出7.5分。
109,这款很有质感的刺绣镂空蕾丝衬衫上身效果非常的显气质和范儿！首先设计上采用了经典的衬衣裙版型，让穿着更加的时髦有型；而衣身精致立体的花朵绣花点缀，不但带来了丰富的层次体验同时，还在一定程度上显得你很有气场哦！此外肩部采用的透视薄纱搭配镂空的做工处理，不仅能衬托得你更为的端庄秀雅。而且又很符合现代人的穿着理念呢，让你随时随地穿搭出街都能拥有超高的回头率哦，当然也不缺品质魅力感~,这款衬衣镂空的蕾丝花边领口，装点着梦幻般的唯美视觉感受；衣袖处相同面料的蕾丝装饰，充满了统一感；姿态各异的纯白花朵，以刺绣的工艺<UNK>，仿佛朵朵鲜花绽放在衣摆上，优雅动人。,类型#上衣*材质#蕾丝*图案#刺绣*图案#蕾丝*衣样式#衬衫*衣款式#勾花镂空,6.5,准确性：部分包含关键词（类型上衣、蕾丝、刺绣、衬衫、镂空），但缺少图案#蕾丝、衣款式#勾花镂空，且未体现参考答案中的‘蕾丝花边领口’等细节。生动性：语言较有煽动力（如‘显气质’‘超高的回头率’），但不准确且稍显浮夸，如‘很有气场’与蕾丝、镂空的柔美风格略冲突。自然度：整体通顺，但存在语病（如‘而且又很符合’重复）、口语化较强，略有机械感（如‘哦’、‘当然也不缺程度’表述生硬）。
110,一款淡雅的豆沙粉色的长款礼服，衣身和腰头以素净的颜色做搭配，与肌肤、肤色<UNK>相呼应。腰线以下<UNK>拼接一条深紫色的面料，让整体看上去不至于太过单调，显得时尚又洋气。腰头的褶皱设计，使得版型更立体有质感，还能修饰腰部曲线，打造出了不一般的小妖娆气质。配上鱼尾式蓬松的下摆，上身十分甜美优雅。裙身上没有多余的装饰品，仅配以简约的圆形领口，突显女性的温柔端庄淑女气质。,纯色的过膝裙，有粉色、紫色和棕色三种款式可供选择，全面大幅度的纯色底色能很好地铺陈出一种别样的简约而质朴的视觉美感。而裙子的拼接式褶皱鱼尾裙下摆打破了传统的视觉比例，凸显出优雅的淑女之美。,类型#裙*颜色#紫色*颜色#纯色*颜色#粉色*风格#淑女*风格#简约*图案#纯色*裙型#鱼尾裙*裙款式#拼接*裙款式#抽褶,7.0,准确性较好，包含了大部分关键词如紫色、粉色、纯色、鱼尾裙、拼接、抽褶、淑女、简约，但未提及棕色和‘过膝’属性。生动性不错，使用了‘淡雅’、‘时尚洋气’、‘小妖娆’等词汇，但‘小妖娆’与淑女风格略有冲突。自然度较高，整体通顺，但存在两个‘<UNK>’未知标记，影响流畅度。
111,来自英式时尚品牌BRAND的女士围裹裙，由优质进口真丝面料制造而成，自带丝滑触感舒适度极佳，穿出极致柔软触感；纯色素雅大方极富时尚气息；腰部设有可调节同材质腰带，有效收腹展现性感身姿；简约直筒版型与飘逸裙摆设计十分百搭耐看。,这款BRAND的吊带衫。纯色的衣身，简约又不失大气，还很百搭。直筒的版型，巧妙的挡住赘肉，视觉上更显苗条。腰带的添加，勾勒出女性曼妙的身姿。多了一丝性感的调调。,类型#裙*颜色#纯色*风格#简约*风格#性感*图案#纯色*裙型#直筒裙*裙款式#腰带,7.5,优点：文案包含了所有关键词（裙/纯色/简约/性感/直筒/腰带），语言较生动，使用了‘丝滑触感’、‘极致柔软’等词汇，增强了吸引力。缺点：部分语句略显堆砌，如‘舒适度极佳’与‘穿出极致柔软触感’重复；整体自然度尚可，但不如参考答案简洁流畅。准确忸性8分，生动性7.5分，自然度7分，综合7.5分。
112,这款来自摩纳纳的风衣有着精致的裁剪和考究的做工，采用了经典的风衣式连肩袖设计。修饰了颈项的优美线条，同时彰显出干练和潇洒的气质，而大宽松廓形的下摆又能够容纳更多的身体部位，具有很好的吸湿排汗效果。结合双侧翻盖的大贴边口袋，更营造出优雅别致的造型效果，散发出浓郁的英伦学院风采，让你在休闲日常中更加自由舒适的穿着。,风衣大多为英伦复古风，这款继承了基础版型的风衣，设计成宽松的廓型样式，版型上更偏休闲风格。大气驳领剪裁加上两侧的斜插口袋设计，帅气个性具有独特韵味搭配。两袖袖口的搭扣样式，使其具有修饰手臂线条的作用，并且防止冷风灌入。较长的款式剪裁，能够很好的遮住身型的不完美，打造修长曲线美感。,类型#上衣*版型#宽松*风格#英伦*风格#休闲*图案#线条*衣样式#风衣*衣款式#口袋,7.0,准确性方面，关键词‘衣样式#风衣’’类型#上衣’‘版型#宽松’‘风格#英伦’‘风格#休闲’‘图案#线条’‘衣款式#口袋’均有所体现，但‘线条’未直接提及，仅通过‘修饰颈项线条’间接覆盖；‘英伦’和‘休闲’虽出现，但整体风格描述偏向优雅，略显偏差。生动性较好，使用了‘精致裁剪’‘干练潇洒’等词汇，有一定吸引力，但末尾‘吸湿排汗’功能突兀，与风衣常见卖点不符。自然度尚可，整体通顺，但‘能够容纳更多的身体部位’表述略显机械。综合评分7分。
113,"卫衣采用比较简约的设计，展现时尚大气又富有青春活力的一面，百搭的卫衣也能轻松穿出不一样的感觉。宽大的衣身包容性极佳，能藏住多余赘肉，修饰身材的不足之处。肩部是别致的泡泡风袖设计，宽松舒适而又有个性感，喇叭袖口更是巧妙地融入了可爱范儿的一字领吊带以及<UNK>装饰元素，增添一丝俏皮感。下摆采用前短后长的处理凸显休闲随性的味道,上身穿着慵懒潇洒。",blank的这款一字领卫衣设计贴心简约。一字领展露玲珑锁骨，花边堆褶的衣领围绕在肩部，凸显女性气质。吊带设计轻巧精致，还免除了衣领滑落的可能，增强自信。双层喇叭袖设计甜美可爱，减龄又俏皮。宽松版型适合多种身材，穿着舒适休闲。,类型#上衣*版型#宽松*风格#简约*风格#休闲*衣样式#卫衣*衣领型#一字领*衣袖型#喇叭袖*衣款式#吊带,5.5,准确性（6/10）：包含大部分关键词，但漏掉‘一字领’（描述为‘一字领吊带’但‘一字领’未突出）、‘喇叭袖’（提到‘喇叭袖口’）、‘吊带’（提及但非独立描述），且出现无关的‘泡泡风袖’替换‘喇叭袖’。生动性（5/10）：语言有一定画面感，但‘时尚大气’等较空洞，‘宽大的衣身包容性极佳’等表述较俗套。自然度（5/10）：整体通顺，但‘融入了一字领吊带以及<UNK>装饰元素’有生硬和未识别字符，逻辑稍乱。总分5.5。
114,一条时髦个性又别致的水洗白牛仔裤，浅蓝色的底色上印制着时尚个性小贴布绣花的设计，整体简单又大方。高腰的版设计能很好的拉伸腰部的线条，使腿部看起来更加修长笔直。同时腰部又采用了松紧带的设计，非常的简单易穿脱，还能打造出立体的裤型。随性中又不失休闲感。,别小看基础款牛仔裤的魅力，这款水洗牛仔裤，遵循一贯极简的设计，却更符合大众的口味，可见其亲和力之高。猫抓痕的经典设计，增添几分不浮夸的潮范感。结合浅蓝色的水洗牛仔设计，更是凸显干净休闲的feel。中高腰的版型，展现完美腿部线条。,类型#裙*材质#牛仔布*材质#水洗*颜色#浅蓝色*风格#休闲*图案#线条*裙型#牛仔裙*裙腰型#高腰,6.5,准确性方面，文案包含了大部分关键词，但缺少‘牛仔布’和‘线条’；生动性较好，使用了‘时髦个性’、‘别致’等词吸引人；自然度一般，有些表述略显冗余，如‘简单又大方’和‘随性中又不失休闲感’有重复感。整体评分6.5分。
115,这条休闲裤的侧边设计了红白条纹元素，可以打破大身单一沉闷的感觉。而且与纯色的设计形成对比，又可以在视觉上有延伸拉长的效果，上身显腿长和细。裤子采用的是高腰的款式设计，还可以更好的修饰了身材的比例。裤子是做了九分的设计，可以露出纤细的脚腕肌肤。还有前片的口袋装饰，丰富整体的层次感。同时裤子是微微收的哈伦裤款式，上身后有很好的遮肉和显瘦的效果，整体更显舒适轻松。,高腰的款式设计时尚大气，选用纯色的版型，搭配哈伦裤的样式，简洁利落中不失腔调。九分裤的设计风格，微微露出脚裸不得不分，帅气感爆棚。双侧的口袋和细腻的条纹搭配，呈现出饱满的层次感，唯美大方。,类型#裤*颜色#纯色*图案#条纹*图案#纯色*裤长#九分裤*裤型#哈伦裤*裤款式#口袋*裤腰型#高腰,8.0,文案准确包含了所有关键词，语言生动且有购买欲望，通顺自然，但结尾稍显平淡，略有机械感。
116,卫衣作为一款经久不衰的时尚单品被许多品牌反复设计，这款则采用宽松廓形剪裁融合上松垂感的面料制作而成，辅以落肩袖，穿着舒适无束缚感的同时也更显随性风范；加之连帽抽绳的设计，则使得宝贝更加减龄；搭配上满印的小猪佩奇印花点缀，尽显出俏皮可爱气质；再加上配色上选用淡绿色的玫瑰粉色渲染，使得整体造型更具童真趣味性。,一眼看上去就能吸引住眼光的一款卫衣，荧光绿色在人群中显得特别的显眼，搭配着身前同样很鲜艳的贴布印花，上身满满的个性，粉色的抽绳也与整体卫衣的风格融合起来。整体是不挑人的宽松落肩袖版型，经典的连帽设计穿起来很有活力感。,类型#上衣*版型#宽松*颜色#粉色*颜色#绿色*图案#印花*衣样式#卫衣*衣袖型#落肩袖*衣款式#抽绳*衣款式#连帽,6.0,准确性方面，关键词基本覆盖，但缺少粉色抽绳和经典连帽的准确描述，且错误地使用了‘淡绿色’和‘玫瑰粉色’。生动性上，有‘俏皮可爱’等描述但缺乏冲击力，不如参考答案有画面感。自然度较好，但部分表述略显冗长，整体通顺。
117,个性十足的破洞元素牛仔裤，膝盖处的磨白与水洗效果，使得裤子更添时髦帅气范儿。腰头采用经典抽绳系带的搭配设计，可随意调节松紧以适应你不同场合的需求，穿着舒适贴身不拘束。裤筒处添加白色的条纹拼接装饰，瞬间提升整体时髦度。无论是搭配运动鞋还是板鞋都很显利落有朝气，尽显潮流的街头时尚风！,水洗做旧工艺加上裤身上的磨破破洞元素，营造出饱满的街头气息，同时裤腰加宽裤袢的设计。辅以白色抽绳，以及裤侧的白色条纹拼接，代入轻快灵动的减龄运动款型，区别于传统的牛仔设计。,类型#裙*材质#牛仔布*材质#水洗*颜色#白色*风格#街头*风格#运动*图案#条纹*裙型#牛仔裙*裙款式#拼接*裙款式#破洞*裙款式#抽绳,8.5,【待评测文案】基本准确覆盖了所有关键词（如破洞、水洗、抽绳、条纹拼接、街头风等），但未明确提及‘牛仔布’和‘水洗’工艺，而是用‘磨白’隐含；描述生动，有购买欲，语言自然流畅，无机械感。
118,一款极具法式浪漫情调的连衣裙，将粉色与白色作为基底色调，上身之后凸显好肤色且十分唯美。领口处采用了性感的v字领设计，衬托出优美的颈部曲线和白皙纤长的天鹅颈线条。中长的款型穿在身上更加贴合身形，打造出了更加饱满的直筒版型。门襟处的圆扣起到了装点的作用，让裙子更具趣味性和细节感。,对于一些粉色控的小仙女来说，这款粉色连衣裙绝对是不能错过的存在：大气的直筒版型不挑身材，而且也能让你的身形看着更加的高挑。白色的包边处理不会影响整体淡雅的气质韵味，而且也让衣身的线条更显清爽，交叉的v领剪裁能让你秀出精致的锁骨，无意中也添了几分性感的气息了。,类型#裙*颜色#白色*颜色#粉色*风格#性感*图案#线条*裙型#直筒裙*裙长#连衣裙*裙领型#v领,7.5,准确性较好，包含大部分关键词（粉色、白色、v领、直筒、性感），但缺少'线条'和'裙长连衣裙'的明确提及；生动性佳，描述了法式浪漫、天鹅颈等富有感染力的词汇，但'中长的款型'与'连衣裙'不够精确；自然度较高，语句通顺无明显机械感，但'门襟处的圆扣'与整体风格略有不搭。整体文案吸引力强，略有遗漏，故评7.5分。
119,<UNK>以柔美细腻的镂空蕾丝面料打造的这款吊带系列蕾丝衫两件套，整体采用了半开襟的剪裁设计，带来较为立体且浪漫动人的穿着美感。设计师为这款上衣做了后领的小v型开口设计，配合双排小扣的开合设计，显得更为别致且出彩。结合腰部的褶裥拼接着长款蕾丝袖口的拼接管装饰，打造较为立体的叠穿效果。而腰间的罗纹花边装饰，则提升了年轻化的层次和魅力。,灵动的蕾丝元素给人很青春甜美的感觉，巧妙的将女性的柔美优雅尽情展现。而这款吊带大方的利用蕾丝花边拼接，增添一丝女人味，加上细腻的提花设计，萦绕裙身犹如精灵般动人，瞬间让整个人变得柔和起来，尽显不拘一格的时尚格调。,类型#裙*材质#蕾丝*风格#青春*图案#蕾丝*裙下摆#花边*裙款式#拼接*裙款式#吊带,6.0,准确性: 关键词包含“裙”、“蕾丝”、“吊带”、“拼接”、“花边”，但缺少“青春”、“风格”、“图案”等。生动性: 有一定描述，但语言较冗长，缺乏灵动感和购买冲动。自然度: 较通顺，但有机械感，如“双排小扣的开合设计”等表述不够自然。整体评价：中等。
120,"一款减龄性感的真丝衬衫，上身舒适亲肤又带有一丝飘逸感，让你尽显优雅气质~偏宽松的版型很实穿，不挑身形好驾驭，还彰显几分慵懒随性的味道；而领口与袖子采用精致的荷叶花边的点缀,加上花苞扣的门襟设计，更是增添了一分小俏皮的味道~轻盈挺括的真丝面料透气吸湿效果好,自带的光泽感让整个人看上去都更有精神。略微透视的灯笼袖设计若隐若现着白皙纤细手臂曲线，不经意间流露出别样小小心机。",洋气的荷叶边设计的一款衬衫上衣，不管你是选择单穿，还是选择搭配穿着，都是非常的百搭时尚，还富有个性感。荷叶边的领口设计，修饰脸型，增添服饰的层次，显露甜美感的穿着。灯笼袖的袖口设计，轻松遮挡了腰部的赘肉，显露穿着的个性与独特感。宽松的衣型轮廓，不显身材，不挑人穿，好驾驭。,类型#上衣*版型#宽松*风格#性感*衣样式#衬衫*衣袖型#灯笼袖*衣款式#荷叶边,9.0,文案准确包含了所有关键词（宽松、性感、衬衫、灯笼袖、荷叶边），语言生动有画面感，描述如‘若隐若现’、‘小小心机’增加了吸引力，自然流畅且无机械感。仅有‘减龄性感的真丝衬衫’稍显冗余，但整体优秀。
121,连帽式的棒球服外套，选用棉麻作为主要面料。轻薄而柔软的质感，在夏日里能够给人极好的穿着体验。通体纯黑的色彩配合了黑白波点的装饰造型、胸前可爱的卡通人像印花、还有袖口的褶皱设计细节，与整体的风格相得益彰，轻松打造出时尚个性的潮童形象！,自带吸睛技能的外套，醒目清爽的白色调，加上<UNK>装饰的连帽，以及一身黑色的波点印花，轻松营造出趣味可爱的卡通波点狗形象，让宝宝上身简直不要<UNK>萌活泼；双层棉麻面料的褶皱独特性，使整体看起来恬静文艺，而又有着透气亲肤的特性，赋予宝宝舒适自在的体验。,类型#上衣*材质#棉麻*颜色#白色*颜色#黑色*风格#文艺*图案#卡通*图案#波点*图案#印花*衣样式#外套*衣款式#抽褶*衣款式#连帽,7.0,文案基本通顺生动，但缺失关键词（白色、抽褶、文艺），且情感渲染不足，需补充细节以匹配参考答案的吸引力。
122,这款牛仔裤采用了时尚的直筒设计加上宽松的裤子裁剪方式，更加注重对身形的修饰作用，并且可以起到瘦腿显高的作用。同时经典的高腰裁剪结合腰部拼接的系带设计，突出复古怀旧风情的同时又能轻松营造大长腿的即视感。个性的不规则的破洞点缀在整条裤子上形成一种立体层次美感，使整条裤子更显年轻化的穿搭气质。经典的做旧效果的水洗色调，彰显出满满的怀旧的韵味与个性魅力。而其侧边的<UNK>拼贴装饰，则进一步衬托了整体的休闲范气息。,BRAND带来的这款长裤，后幅采用解构式双腰头设计，加以小心机的高腰处理，能够有效提高腰线；前后拼接结合水洗磨白工艺，带来富有层次感的复古牛仔视效；宽松的直筒裤型，对身材有良好的包容性，打造休闲随性的穿着视效；加以裤身不规则的破洞设计，尽显叛逆不羁的个性。,类型#裤*版型#宽松*材质#牛仔布*材质#水洗*风格#复古*风格#休闲*图案#复古*裤长#长裤*裤型#直筒裤*裤款式#拼接*裤款式#破洞*裤款式#不规则*裤腰型#高腰,7.0,文案包含了大部分商品关键词，但缺少'拼接'（侧面拼贴提及但未明确点出），且出现<UNK>未知符，影响完整性和自然度；语言较为生动，有购买欲望，但部分表述稍显冗长和机械（如'更显年轻化的穿搭气质'），整体通顺但略显刻意。
123,简约不失时髦范的一款衬衣裙。流畅的剪裁，利落的版型，展现出都市女性的时尚气场；个性的挂脖设计打造出时髦的一字肩，露出迷人的锁骨，更将颈部和脸部的线条修饰得更加纤细精致，凸显优雅知性的韵味，而衣身上独特的条纹和镂空的工艺组合在一起，打破单调感，平添了俏皮的气质感~,sitiselected这款条纹一字领衬衫，简约的一字领设计，尽显优雅知性。镂空排扣袖设计，修饰手臂的额线条。下摆两侧开衩裁剪，方便穿着，提升整衣的细节感。,类型#上衣*风格#简约*风格#知性*图案#条纹*图案#线条*衣样式#衬衫*衣领型#一字领*衣款式#勾花镂空,7.5,文案准确包含了所有关键词，如条纹、一字领、镂空等；语言生动，使用了如‘时髦范’、‘俏皮气质’等词汇，能激发购买欲望；但存在机械感，如‘简练的剪裁’与‘线条修饰’略有重复，且将‘一字领’写作‘一字肩’，稍有不准确。
124,经典的衬衫有着不可言喻的魅力，尤其是将优雅和知性与帅气完美结合在一起的白色衬衫，既不张扬又不老气。纯棉的材质质地柔软吸汗穿着体验度特别好。领口的设计是这款衬衫的闪光点，金属质感的圆形小圆环点缀在领口的下方，与黑色的单颗<UNK>纽扣相映成趣。将纤细的颈脖线条衬托出来，轻松穿出复古又带着时髦气息的风格。,这是一款时尚感十足的小上衣，它采用了衬衫的设计款式，具有美观且百搭的穿着效果。袖口处采用纽扣设计，看上去十分大气优雅。它采用了精致的v型领口设计，能够凸显出女性独特的颈部柔美线条。然后再其配合黑色的贴布图案，十分个性且新颖。贴布上有着金属环的装饰设计，无形之中就能够增添许多复古的腔调，尽显你的时髦与大气。,类型#上衣*颜色#黑色*风格#复古*图案#复古*图案#线条*衣样式#衬衫*衣款式#纽扣,5.0,1. 准确性：待评测文案缺少关键词'黑色'和'线条'，且误将'黑色'说成'白色'，未包含所有商品关键词。2. 生动性：语言较流畅，但描述与商品不符，削弱信任感。3. 自然度：通顺，但提及'白色'导致整体不自然。综合扣分较多。
125,这款裤子最大的亮点在于它的腰部设计，采用宽窄设计的方式，加上本布系扣装饰，不仅实用而且起到很好的装饰作用。而裤缝处则采用独特的卷边工艺进行处理，打造出了一种层次感。两侧的明线设计和后双插口袋的设计，凸显了简约大气的设计美感。整体修身的剪裁也能轻松打造纤细大长腿的感觉。,很简约时髦的一款纸袋裤，简约的版型设计，上身修身时髦，穿出优雅的气质。多口袋设计，增添时髦气息，更方便实用。裤脚卷边装饰，更独特时尚。,类型#裤*版型#显瘦*风格#简约*裤款式#口袋*裤口#卷边,6.0,待评测文案准确性不足，未提及显瘦和简约风格关键词，且缺少对口袋和卷边的全面描述；语言生动性尚可，但腰部描述偏离重点；整体通顺但机械感较强。
126,BRAND设计师带来的这款连衣裙，选用极具特色的大花朵提花面料打造，演绎出女性的优雅与华贵格调；收腰设计展现纤细小蛮腰，结合伞形衣袖和喇叭状下摆，尽显优雅气质。此外，运用压褶工艺处理，使裙身造型更加饱满立体，增添整体造型层次感，结合清新温柔的淡紫色调，尽显满满的温婉淑女气质。且别致的<UNK>点缀与古典的旗袍领交相辉映，营造出浓浓的时尚与复古感。,一款汉元素的连衣裙让我们的心瞬间沉静下来，它清新温婉的色系仿佛让时光都<UNK>了，上身真的很显文静淑女。复古的一片式交领设计轻便利落，而收腰的版型又增加了层次感，更加好穿显高。蓬松的下摆自然褶皱，更显气质绰约。,类型#裙*风格#淑女*风格#复古*风格#清新*图案#复古*裙长#连衣裙*裙款式#抽褶*裙款式#收腰,7.5,文案准确包含了所有关键词（裙、淑女、复古、清新、连衣裙、抽褶、收腰），但未突出“汉元素”和“一片式交领”，整体偏向现代旗袍风格。语言生动，使用“优雅华贵”、“纤细小蛮腰”等词，但有堆砌感。自然度一般，“BRAND设计师”显机械感，存在未识别的特殊符号。
127,一款非常减龄的雪纺连衣裙两件套，采用了舒适的v领设计，不仅起到了修饰脸型的效果，同时彰显出你的优雅锁骨。腰间加入可调节的同色系系带，束紧腰部，让你拥有纤细的小蛮腰。浪漫唯美的大提花点缀其中，打造出时尚的层次感。a字的版型很好的遮住大腿赘肉，展现曼妙迷人的身姿曲线。,暗红色的调调，可以完美的胜过所有妩媚的颜色；布满风琴褶的雪纺料，深v系带的a字连衣裙，不如为这件带有法式田园的风格的裙子，挑选几件富有现代感单品来搭配，比如踩上一双芭蕾舞平底鞋，背上天鹅绒<UNK>，来平衡单品的法式田园风的气质。,类型#裙*材质#雪纺*裙型#a字*裙长#连衣裙*裙领型#v领*裙衣门襟#系带,6.5,准确性方面，文案包含了雪纺、v领、系带、a字、连衣裙等关键词，但缺少‘裙型#a字’中的‘裙型’明确提及（虽提及版型）和‘裙衣门襟#系带’的‘门襟’要素，系带描述为腰间系带而非门襟系带，略显偏差；另外‘浪漫唯美的大提花’并非关键词要求。生动性较好，使用了‘减龄’‘优雅锁骨’‘小蛮腰’等吸引眼球的词汇，能激发购买欲，但‘两件套’未经关键词确认，可能不准确。自然度尚可，但‘浪漫唯美的大提花点缀其中，打造出时尚的层次感’稍显堆砌，整体略有套用模板的机械感。
128,简约又不简单的版型，上身很舒服不会紧绷感觉。v领设计露出性感锁骨，凸显女性妩媚迷人的身材，更添几分小女人的气息，减龄又优雅。开衫的毛衣给人一种非常舒适的感觉，宽松不挑人穿着，包容你的粗线条，慵懒随性风满满。,百搭糖果色开衫毛衣，时尚的大v领，彰显性感，简约百搭宽松，这样的设计也很显肤白，质地端庄大气，却可以衬托出你与众不同的气质来，适合<UNK>花开的季节穿。,类型#上衣*版型#宽松*风格#简约*风格#性感*衣样式#开衫*衣样式#毛衣*衣领型#v领,8.0,文案准确覆盖了所有商品关键词（宽松、简约、性感、开衫、毛衣、V领），但未提及‘糖果色’和‘百搭’。语言生动，能用‘性感锁骨’、‘慵懒随性风’等引发联想，自然度较高，但‘不挑人穿着’稍显生硬。整体优秀，但可适当增加色彩描述。
129,此款v领开衫，选用优质的蕾丝面料制作而成，轻盈而透气，穿着舒适无刺激感，展现优雅时尚的穿着品味；整体以简洁的纯色进行演绎，将女性沉稳典雅的气质发挥的淋漓尽致；性感独特的镂空设计，别致的袖口，搭配同色系织带元素，造型别致，个性独特，为整体增加亮点的同时，增添了一种层次美感；采用立体锁边工艺配合剪裁宽松挺括的设计手法，修饰出完美流畅的造型线条和版型，彰显品牌的高级质量做工；在门襟处点缀上金属质感的圆环纽扣，让服装显得更为亮眼吸睛、时髦摩登。如此简约而不简单，轻松打造属于你的时尚魅力！,宽松的开衫版型，采用了单排纽扣，给人一种简约随性的气息。精致的v字领口，衬托颈部的线条，又增加了性感干练的魅力。纯色的衣身，采用了勾花镂空的设计，富余创意性的美感，灵动又欢脱。袖口微收，能够贴合腕部的线条。,类型#上衣*版型#宽松*颜色#纯色*风格#简约*风格#性感*图案#纯色*图案#创意*图案#线条*衣样式#开衫*衣领型#v领*衣款式#勾花镂空*衣款式#纽扣,7.5,文案准确覆盖了大部分关键词，但缺少'图案*线条'和'袖口微收'的对应描述；语言生动有感染力，能激发购买欲；通顺自然，但稍有堆砌感。总体较好，但准确度有提升空间。
130,这款外套采用蓝白色竖条纹的元素设计，充满青春的活力气息，穿起来有十足的元气感。胸前是时尚的logo大身贴布装点着立体的立体口袋，方便插兜同时增加了层次性。喇叭袖子优雅时髦。粉色的配色与精致的做工完美的衬托了孩子的天真烂漫的气质，而且淡雅的颜色还有显白的效果，视觉上修身又很瘦哦，在深蓝色的映衬下更加可爱俏皮，整体凸显了女生独特的活泼魅力。是一款非常出色的女童服饰，非常适合宝贝出门运动。,出自品牌fiveplus的这款棒球外套，充满运动风情。衣身制作采用光泽细腻，触感柔滑的<UNK>纤材质，搭配流畅的剪裁手法，打造出立体修身的立领喇叭袖造型。既能巧妙凸显出白皙肌肤与精致五官，同时还能用飘逸柔美的袖管中和衣型的中性气息，烘托出娇俏少女韵味。深蓝色调与袖管两侧粉色的条纹装饰结合，演绎出了沉静而不失甜美的观感，能助你诠释出活力青春范儿。,类型#上衣*版型#显瘦*颜色#粉色*颜色#深蓝色*风格#运动*风格#青春*图案#条纹*衣样式#外套*衣领型#立领*衣袖型#喇叭袖,6.5,待评测文案覆盖部分关键词但遗漏立领、运动风格，准确性不足；语言生动性中等，但存在语病和不够准确的关键词匹配，自然度一般。综合评分6.5分。
131,很有设计感的一件时尚polo衫，以清新的浅蓝色调诠释整体时尚大方，展现率性慵懒气质。精致的小方领搭配门襟处的三粒扣闭合方式，增添小细节看点，实用性强又不失美感。宽松的廓形剪裁不挑身材穿着显瘦藏肉，轻松勾勒优美身材曲线，上身效果hin好。简约的立体logo印花点缀在胸前，展现男性儒雅品味，更显休闲风范,时尚简约款polo衫，宽松休闲版型以清新浅蓝色为设计，舒缓炎热夏季带来的<UNK>感，给视觉带来清凉舒爽。撞色系印花点缀简约衣身，给衣身增添亮点时尚。宽松衣身，简单修身，凸显男性时尚魅力。,类型#上衣*版型#宽松*版型#显瘦*颜色#浅蓝色*风格#简约*风格#休闲*风格#清新*图案#印花*衣样式#polo,9.0,文案准确覆盖了多数关键词，语言生动形象，自然流畅，仅未显式提及简约和清新但整体风格符合，因此扣减少量分数。
132,这款风衣外套在设计上选用翻领的设计方式，展现颈部曲线美。宽松的廓形搭配简洁的双排扣设计，经典大气又耐看十足，彰显沉稳风范。黑色的衣身尽显神秘<UNK>，袖口处用金属气眼开合的造型，时尚又不失个性。纯色调尽显沉稳优雅风范。简约有型的衣身穿搭随性自由。,一款宽松版型设计的风衣外套，直筒宽松的衣型轮廓，不显身材的设计，不挑人穿的穿着，无论你是高个子，还是小个子，都可以轻松的驾驭。翻领的领口设计，修饰脸型的轮廓，显脸小的视觉效果。黑色的双排扣纽扣点缀，为简约版型的衣身，增加了层次感，让上身穿着没有单调感，显露满满的个性魅力。,类型#上衣*版型#宽松*颜色#黑色*风格#简约*衣样式#风衣*衣样式#外套*衣领型#翻领*衣门襟#双排扣*衣款式#纽扣,8.0,准确性和自然度高，但生动性略逊于参考文案，缺少一些细节描写和情感引导，未完全覆盖所有关键词（如'宽松版型'的直筒特征、'不挑人穿'等）。
133,以纯白色调打造的衬衣没有多余的色彩渲染，给人一种素雅和清新的感觉。但设计师为了让这款衬衫摆脱平庸单调感，在胸口处做了挖空设计，并且加入别致的小鱼元素装饰，尽显女性的可爱俏皮又活泼的感觉。整体上采用单层的造型，带来一种透明又细腻的触感，将小女生的柔美展现出来。胸前的一颗爱心和背后的两个立体心型更是充满创意气息，与胸前的迷你小鱼相呼应，整体效果十分和谐耐看。下摆处做成了自然开叉的处理，凸显时尚个性。而微喇状的袖口则带来了牛仔般的随性不羁气质。<UNK>处的磨毛处理加上大面积的大破洞造型，打造更为酷炫的搭配魅力。,一直很喜欢这个风格，衬衫款又不会太过俏皮的像小女生，适合更多年龄层穿着。个性破洞的效果，打破单调，不像一般<UNK>那样硬朗，更生趣。清新的牛仔蓝，整体的风格清爽干净。前短后长的下摆设计，造型时尚有趣，创意感强，并增添了整衣的层次效果，即便简单一搭，就能让自己很有品位的感觉。,类型#上衣*材质#牛仔布*风格#清新*图案#创意*衣样式#衬衫*衣款式#破洞,6.0,文案未包含全部关键词（如牛仔布、破洞、创意图案未明确对应，且描述与关键词中的破洞、牛仔布风格不符）；语言生动但部分描述与关键词冲突（如纯白、透明触感、迷你小鱼与清新牛仔风格不合）；自然度中等，存在部分重复（如'创意气息'重复）和机械感。
134,这款短裙采用经典的<UNK>元素搭配简单的腰头设计来呈现出性感迷人的魅力，而且非常经典大气，简单却不失优雅的气质，时尚气质的包臀版型设计更加能够展现出你完美动人的动人曲线。后片是隐形拉链，方便穿脱又具有很好的保护性。面料是非常柔软且耐磨的，上身舒适的同时还增加了它的运动感。,来自品牌BRAND的这款一步短裙，设计师采用包臀的设计让这条原本运动学院风的单品多了一份性感，并且可展示出穿着者的好身材。其次，还在背面设计了一个小拉链，这样的装饰设计，不会让裙子显得单调，而且更加的有设计感。,类型#裙*风格#运动*风格#性感*裙型#包臀裙*裙型#一步裙*裙长#短裙*裙衣门襟#拉链*裙款式#拉链,7.0,准确性较高，但缺少'运动'和'性感'关键词；语言较为生动，但存在复读和机械感；自然度一般，不够通顺。
135,这件小脚裤用精致的裁剪和缝制技术打造出h型的廓形，能够隐藏腿部的赘肉，展现笔直大长腿。面料柔软舒适具有高级质感，在炎热的季节里可以单穿，而在寒冷的季节配合西装的毛衣可以抵御秋风瑟瑟。简单的色调搭配白色的鞋子和白色的单肩包，复古优雅的品味瞬间凸现出来。,市面上很少见到肌理感如此顺畅的毛衣，从领口开始一直<UNK>下摆，让整件毛衣的条理感清晰的好似一行诗，随性的故意做长袖口是为了让你可以把袖口<UNK>告别呆板表情。h版型身材包容性高，适合外穿也适合内搭，三种颜色各有各的性格，白色安静温柔，深绿一如既往的内敛，<UNK>则复古显白，总之总有颜色适合你。,类型#上衣*版型#h*颜色#白色*风格#复古*图案#复古*衣样式#毛衣,3.5,准确性：待评测文案提到“h型廓形”、“白色”，但主体描述的是“小脚裤”，与商品关键词“上衣”“毛衣”不符，漏掉“复古”“图案”等关键元素。生动性：语言平淡，没有突出毛衣肌理、版型优势，反而描述裤子，缺乏购买欲望。自然度：开头说“小脚裤”，后面突然转到“西装毛衣”，逻辑混乱，通顺性差。
136,时尚百搭款休闲裤，采用了修身的版型设计，贴合女性的身材曲线，轻松勾勒出纤细腰身与美腿，完美展现女性迷人魅力~裤头搭配了顺滑的金属质感拉链，穿脱方便更舒适，兼具装饰性与实用性；同时，加入收腰处理，凸显苗条身姿，打造窈窕身段；裤子两侧加入了斜插袋，实用之余让整体更加具备潮流感。,立体修身的版型，符合人体工学，藏肉显瘦，修饰美腿，拒绝臃肿，适合大多数体型，更好的修饰身形，根据人体美学打造属于你的黄金比例，隐形的品质拉链，经久耐用，收腰裙头尽显品质。适合潮流爱美女性在休闲的场合穿着。,类型#裙*版型#显瘦*风格#休闲*风格#潮*裙衣门襟#拉链*裙款式#拉链*裙款式#收腰,6.0,准确性稍弱：遗漏了'裙'类型、'显瘦'、'潮'和'拉链'门襟等关键词，且将'裙'误写为'裤'；生动性尚可，但描述偏向裤子，与商品不符；自然度较好，语句通顺，但主体错误损害整体可信度。
137,高腰格纹a字裙采用了柔顺的绸缎面料，光滑垂坠挺阔。上半部分采用撞色的竖条肌理，带来优雅大气的复古时髦感。下半部分是网格格纹设计，若隐若现间透露出女性迷人的线条美。拼接的小心机设计很吸睛，领口和袖口用了双层木耳边设计，俏皮减龄增添知性温婉风范，遮肉又显瘦。,优雅经典的撞色格纹，复古而知性的韵味搭配柔美木耳边，灵动中展现令人窒息的浪漫。修身显瘦的版型搭配绸缎腰部拼接，收腰身的同时大大提升了气场，魅力挡不住。高腰线拉升腿部线条，打造小蛮腰不费力，恰到好处的裙长衬显双腿纤长高挑。,类型#裙*版型#显瘦*材质#绸缎*风格#复古*风格#知性*图案#格子*图案#复古*图案#线条*图案#撞色*裙腰型#高腰*裙款式#拼接*裙款式#木耳边,7.5,文案基本覆盖所有关键词，但'格子'与'网格格纹'表述不够准确；语言生动有感染力，但'遮肉又显瘦'略显口语化；整体通顺自然，但'上半部分'和'下半部分'的拆分稍显机械。
138,BRAND的这款男童衬衫使用优质的面料制造而成，亲肤透气让穿衣变得更爽快自在。个性的英文字母的点缀设计时尚个性吸人眼球，经典的经典水洗磨白的设计让宝贝穿着更有时髦感。简约大方的休闲版型打造出男孩的帅气一面。搭配一条小牛仔裤更显干练利落。加上小翻领彰显男士的成熟气质。,想用简单的单品或者搭配穿出时尚感，牛仔绝对是首要选择。而这个春季刮起的大热复古风，牛仔衬衫是一大热门单品，无论是想穿出帅气，还是休闲的酷感，牛仔衬衫都可以使你成为抢镜的焦点。江南布衣休闲衬衣经典的小翻领，搭载水洗的视觉效果，简约休闲又百搭。,类型#上衣*材质#牛仔布*材质#水洗*风格#简约*风格#休闲*衣样式#衬衫*衣领型#翻领,4.3,准确性方面，待评测文案遗漏了'牛仔布'和'水洗'关键词，且'BRAND'未替换；生动性一般，用词较平实；自然度尚可，但存在'经典的经典'重复，部分表述略显机械。
139,蕾丝裙是一种永远都穿不过时的单品，无论什么时候穿都能展现出优雅的魅力，让你更加柔美气质范儿哦！这款裙子是经典的网眼纱的设计，上身效果非常美丽迷人呢~整个裙子是短款的款式设计，可以很好的拉高腰线比例，衬托出苗条的身材曲线，整个人显得十分动人呢，整体都是经典百搭的颜色选择，很是好看耐看。,蕾丝面料<UNK>哒，女人味达到<UNK>造ji的位置连衣短款裙，优雅时尚范满满，名媛气质仙女时尚风格满满裙身细节部分也是real感人，不低俗，竟然还过分的仙袖子处的若隐若现，撩人到无懈可击polo领，有点禁欲，总体搭配出的效果翻倍！短款剪裁,类型#裙*材质#蕾丝*图案#蕾丝*裙衣长#短款,7.5,准确性：文案包含了类型#裙、材质#蕾丝（提到网眼纱）、图案#蕾丝、裙衣长#短款，但未明确提及蕾丝面料本身。生动性：语言较为流畅，有一定吸引力，但缺乏参考答案中的强烈描述（如‘撩人’、‘仙’），购买欲望中等。自然度：通顺，无明显机械感，但‘很是好看耐看’略显平淡。总体表现良好，但生动性可提升。
140,这款假两件的连衣裙采用了纯黑色系作为主打色，显得沉稳大气，凸显成熟女性的<UNK>风韵。选用优质的羊毛与棉的混合面料，穿起来舒适柔软又保暖，同时还能彰显出高端品质的追求。时尚小翻领的设计给人一种轻松优雅的感觉。自然腰包裹着女性的柔软腰线，修饰身材的比例。下半身的包臀设计让裙子看起来更加精致潮流，上身就是气质通勤款。长度在膝盖附近恰到好处，适合不同场合穿着搭配。整体给人一种别具一格的新颖美。是一款百搭而又休闲的时尚单品。,这是一款设计很别具一格的半裙，是都市女性日常通勤或者休闲时必备的单品。精选混纺的羊毛和棉料面料，有型更有范。沉稳大气的黑色配上包臀半裙的廓形，具有良好的包容性，迷人又俏丽。舒适的自然腰穿脱方便，新潮又时髦。,类型#裙*材质#棉*材质#羊毛*材质#混纺*颜色#黑色*风格#通勤*风格#休闲*风格#潮*裙型#包臀裙*裙腰型#自然腰*裙长#半身裙,5.5,准确性较低，遗漏或错误描述了多个关键词，尤其将半身裙误为连衣裙；生动性尚可但有不通顺之处；自然度一般。综合扣分较多。
141,这是一款很百搭的裙装款式裙子，采用时髦的灰白格纹面料打造而成，很有高级感的视觉感，上身既有着浓郁的法式浪漫气息又带着几分优雅气质。整体上采用了经典的高腰伞形版型加上鱼尾下摆设计，能够修饰腿部的线条又显得人身材比例更加高挑挺拔。是一款极具复古风情的半裙哦。,看到这款别致的棕色系格纹裙，让人忍不住想穿上它，展现自己的复古气质。高腰的版型和立体的剪裁，让这款半身裙勾勒出你婀娜多姿的线条。优雅的鱼尾裙摆，穿上以后更是平添了几分灵动飘逸感，打造自信满满的你。,类型#裙*风格#复古*图案#格子*图案#复古*图案#线条*裙型#鱼尾裙*裙腰型#高腰*裙长#半身裙,7.5,文案涵盖了关键词中的'格子'、'复古'、'鱼尾'、'高腰'、'半身裙'，但缺少'线条'和'裙型#鱼尾裙'的明确提及。语言较为生动，使用了'法式浪漫'、'优雅气质'等词，有一定吸引力。但存在'裙装款式裙子'等冗余表达，通顺度稍受影响，稍显机械。整体不错，但准确性有缺失。
142,这款来自<UNK>的女童两件套家居服，小宝贝穿上会显得很有气质，清新的蓝白双色点缀小猪造型，凸显活力气息，尽显甜美可人的气质。胸前采用纯棉材质剪裁而成的小口袋装饰，不仅为整体增添了层次美感还具有超强的实用性，让孩子放心的收纳属于自己的玩具。衣身选用宽松的款式剪裁而成就了连衣裙的整体视觉感。下摆做工精致，穿起来更显文艺。在材质上也是十分注重环保健康为主，给予孩子贴心呵护。,这一款连衣裙采用了天然环保的苎麻面料，拥有良好的亲肤性和透气性，穿着舒适，带来亲近自然的自由感觉。宽松的廓形设计有种度假的韵味，不挑身材不挑人，可以轻松驾驭。裙身上的花果图案装饰配色文艺清新，营造淡雅的气韵。,类型#裙*版型#宽松*风格#文艺*风格#清新*图案#环保*裙长#连衣裙,4.0,准确性差：关键商品词为连衣裙，但文案描述为家居服，且未提及苎麻、花果图案等词。生动性一般：部分语句有感染力（如‘给予孩子贴心呵护’），但整体不够突出。自然度较低：包含<UNK>占位符，语句略显机械，且逻辑不连贯（如‘宽松款式成就连衣裙视觉感’有歧义）。
143,一款兼具潮流时尚与甜美气质的女童连衣裙，采用了假两件的式样设计加上小圆领的设计，让衣身更具层次感的同时凸显宝宝的可爱俏皮气息。连帽和立体大贴兜的装饰，丰富了整体的造型感更显活力气息。两侧加入了口袋方便收纳随身物品而且也起到实用美观的功能性效果。拼接的下摆后背采用了对襟撞色<UNK>形成一个小高开衩的设计，增加灵动俏皮性且穿脱起来也更轻松便捷。另外还设计了精致细腻的花边袖口修饰手臂，彰显宝宝的淑女气质哦~,连衣裙采用了拼接的撞色设计，在视觉上带来层次感。时髦的连帽款式上身彰显活力十足，引领时尚潮流趋势，胸前的口袋设计更显立体，再加上下摆处的开衩设计，露出拼接的网裙摆，带来新颖的设计感，上身彰显甜美的可爱淑女气质。,类型#裙*风格#淑女*风格#潮*图案#撞色*裙下摆#开叉*裙长#连衣裙*裙款式#拼接*裙款式#口袋*裙款式#连帽,7.5,准确性上，文案包含了所有关键词，但漏了'撞色'（<UNK>处）。生动性较好，描述细致，能激发购买欲。自然度较高，但存在少量不通顺（如'两侧加入了口袋方便收纳随身物品而且也起到实用美观的功能性效果'）和一处<UNK>。整体良好，略逊于参考答案。
144,这款采用优质的面料制作的裙子整体看起来很时尚耐看，修身的设计可以遮掩身上的多余赘肉凸显好身材，袖口开叉的设计很有新意也很个性，给人一种不拘谨的感觉，更显随意和潇洒。背心和裙摆都采用交叉设计显得更加美观大方的同时也能很好地修饰腿部的完美线条，彰显出满满的青春活力。大v领的元素上身之后还能够很好地优化脸型凸显白皙的皮肤。,v字的领型是在背带裙的设计当中经常会出现的领型，其中一个重要原因就是v字领型的修身效果跟背带裙个性相搭，用在背带裙的设计上十分应景。而且v字的领型线条比较利落，它有着视觉上面的拉长感，让女孩子轻松穿出显高显瘦的效果。,类型#裙*版型#显瘦*图案#线条*裙型#背带裙*裙领型#v领,6.0,待评测文案虽然提到了大V领和修身设计，但未完整包含所有关键词（如‘背带裙’‘线条’等），且部分描述（如袖口开叉、交叉设计）与商品关键词不符，准确性不足；语言较为流畅但缺乏购买冲动，生动性一般；整体通顺但存在与商品不相关的描述，自然度尚可。
145,这款女童连体裤采用了个性潮酷的假两件套设计，搭配上时尚可爱的蝴蝶领口，既丰富了整体造型又不失甜美韵味。连衣裤的版型穿着时更加舒适自在没有拖沓感，而裤管采用罗纹收边的方式能够紧贴脚腕防止冷风的吹入。而后幅则是点缀了趣味的趣味图案不仅增添活力与动感，更诠释出了孩童的天真与可爱。,这款连衣裤，柔软面料亲和宝贝每一寸肌肤，同时不起球，<UNK>的开档开合设计，能够方便更换尿布；同时加以品质暗扣，可以带给宝贝零摩擦的舒适体验，穿着更加自在。,类型#裤*裤长#连体裤*裤型#连衣裤,8.0,文案准确包含了'连体裤'、'连衣裤'等关键词，语言生动（如'个性潮酷的假两件套设计'、'时尚可爱的蝴蝶领口'），通顺自然，能激发购买欲，但部分表述（如'后幅则是点缀了趣味的趣味图案'）略显重复，可进一步优化。
146,在侧边用迷彩的竖条纹进行了拼接，让裤子更添几分动感的美感。侧边的明线装饰设计，勾勒出流畅的线条感。别致的字母刺绣元素融入到衣身中，轻松成为焦点吸睛利器。独特的松紧束脚造型，搭配上酷感的黑灰与军事风的迷彩面料的结合能够将硬朗的女性气质显露无疑。为日常的生活带来新意与潮流，轻松打造时髦酷炫的街头风。让你轻松引领个性潮流的气息，展现出不羁的街头摇滚风范。,裤身两侧的条纹拼接，为整体增添潮流元素，精致的字母刺绣搭配，起到很好的点缀作用，让整体看起来美观又大方。裤身迷彩拼接，十分有街头摇滚风的味道，可以尽情展现属于你的风格；松紧裤型，美观而实用修饰出笔直而修长的腿部线条。,类型#裤*颜色#迷彩色*风格#街头*风格#潮*风格#摇滚*图案#字母*图案#条纹*图案#文字*图案#迷彩*图案#音乐*图案#线条*图案#刺绣*裤款式#拼接*裤腰型#松紧腰,8.0,准确性高，覆盖了所有关键词；生动性较好，使用了‘动感的美感’、‘焦点吸睛利器’等吸引眼球的表达；自然度较好，但‘酷感的黑灰与军事风的迷彩面料的结合’略显堆砌，略有机械感。
147,这一款粉色的针织衫，上身很显气质又不失时髦感的设计，让人过目不忘；精致的圆领设计，既衬显出了柔美的颈部线条，又勾勒出了女性精致小巧的脸庞；衣身上的露背设计，不仅打破了视觉上的单调与乏味之感，而且不失俏皮减龄的气息感；配上黑色的织带装饰，更显甜美可爱的韵味。,一件前后风格截然不同而有和谐共处的针织衫。温柔明媚的少女粉色，让人忍不住想捧在手心里好好呵护；大圆领设计，修饰脖颈线条；露背设计，搭配黑色弹力织带，交叉之中隐约露肤，时髦独特，尽显优雅气质；,类型#上衣*颜色#黑色*颜色#粉色*图案#线条*衣样式#针织衫*衣领型#圆领*衣款式#露背,7.5,待评测文案包含了所有关键词（粉色、针织衫、圆领、露背、黑色织带），但缺少了类型#上衣和图案#线条，准确性略有不足。语言较为生动，使用了‘显气质’、‘时髦感’、‘俏皮减龄’等词汇，能激发购买欲，但‘甜美可爱’与露背设计的‘时髦独特’略有冲突。自然度较好，语句通顺，但‘精致的圆领设计’与‘勾勒出女性精致小巧的脸庞’稍显重复，且整体结构略松散。综合评分7.5。
148,镂空蕾丝的袖子设计，不仅增添了设计感还修饰了手部线条，小吊带的选用，贴合肌肤方便穿搭日常衣物，可拆卸的设计使得裙子能够搭配不同的内搭，时尚百搭；后背隐形拉链开合方便穿脱不易扯破衣服，细节之处做到人性化考虑，更便利贴心；腰部是纯色的细绳收束腰身，勾勒出纤细的身材曲线更有魅力，下摆采用多层花边的点缀丰富了层次立体有质感，展现纤细柔美的腿部线条。层层叠叠的小性感韵味十足。,超美的蕾丝裙，优雅的花边领口，贴合肌肤，修饰柔美颈部线条，精致动人。袖口的蕾丝花边彰显几分俏皮感。背部隐形水滴拉链，精巧大气，拉合顺畅，方便穿脱。肩部镂空设计，不但精致，而且很清凉哦。流畅的叠层裙摆，丰富层次感。一体吊带内搭，避免走光。纯色的裙装，有种很圣洁的气质。,类型#裙*材质#蕾丝*颜色#纯色*图案#纯色*图案#线条*图案#蕾丝*裙下摆#层叠*裙下摆#花边*裙衣门襟#拉链*裙款式#勾花镂空*裙款式#拉链*裙款式#吊带,6.5,"准确性较低：未覆盖所有关键词，如蕾丝、层叠、花边、拉链、吊带等有提到，但缺少对整体蕾丝和纯色图案的描述。生动性尚可：语言有一定吸引力，如""层层叠叠的小性感韵味十足""，但部分表述较机械，如""细节之处做到人性化考虑""。自然度一般：通顺但略显啰嗦，如""方便穿搭日常衣物""表述不够自然。"
149,选用淡雅的浅蓝色调呈现出率性的牛仔衣衫设计，配合着挺括的剪裁版型与利落的造型感，打造出舒适轻盈的上身体验，并且赋予了整体造型更多的年轻活力气息感。而其极具时尚感的翻驳领口处理则完美修饰纤细迷人的锁骨曲线的同时流露出一丝优雅大气的姿态气息，加之落肩袖的设计与宽松自在的袖口则营造轻松舒适的氛围，从而赋予休闲风格更出色的展现度。此外，不规则的毛边散落在衣身两侧，为原本简洁随性风格的服饰融入几分潇洒街头风，展现出洒脱自在的气质魅力。,休闲的牛仔裙裤无论在什么时候都不会过时，永远会给人一种时尚前卫的感觉。不规则的毛边裤口，彰显年轻新潮流和不一样的时尚品味，还搭配出满满的街头风格。它宽松舒适的版型可以修饰你笔直的大长腿，牛仔布设计穿起来不仅舒适又有质感。浅蓝色色调，看起来非常彰显年轻活力。,类型#裙*版型#宽松*材质#牛仔布*颜色#浅蓝色*风格#街头*风格#休闲*裙型#牛仔裙*裙下摆#毛边*裙款式#不规则,4.0,准确性不足：关键词包含“牛仔裙”、“毛边”、“宽松”、“不规则”、“街头”、“休闲”、“浅蓝色”，但文案描述的是上衣（牛仔衣衫、翻驳领口、落肩袖），与商品“裙”不符，遗漏关键信息。生动性一般：语言较华丽但描述对象错误，无法激发对裙装的购买欲。自然度较差：称谓“牛仔衣衫”与商品类型冲突，显得不自然。
150,这款衬衣裙的设计亮点在于它的修身版型以及褶皱处理，修身的版型让穿着之后更为舒适，可以很好的修饰身体的曲线和轮廓。而褶皱的处理则带来了些许俏皮的意味，不会显得过于的沉闷，更具时尚的风格。同时它还是一款两件套款式的连衣裙，除了条纹的衬衫之外还内搭了一条露肩的半身裙，层次感十足，彰显出女性的优雅大方的气质。,BRAND以蓝白细条纹打造的这款上衣，通过竖条纹的运用结合相对修身的剪裁，带来较为显瘦且好穿的单品。比较特别的是，设计师为这款衬衫做了露肩的处理效果，变化感鲜明。此外，衬衫通体褶皱的处理，显得非常别致且出彩。,类型#上衣*版型#显瘦*图案#条纹*衣样式#衬衫*衣款式#露肩*衣款式#抽褶,5.5,准确性不足：遗漏了‘露肩’、‘抽褶’等关键词，并误将商品描述为‘衬衣裙’、‘两件套’；生动性一般：语言较平淡，缺乏购买冲动；自然度尚可：通顺但稍显机械。建议紧扣关键词修正描述。
151,这一款连衣裙别致的蛋糕裙摆设计，层次丰富自然出彩。加上唯美的网纱装饰，随风摇曳气质优雅。时尚的抹胸设计看起来个性满满，特别的亮眼吸睛，加上亮片点缀闪闪发光特别出彩。同时每一个细节都彰显品质之选。,这款连衣裙第一眼就美得让人窒息，在温柔的网纱织面上，点缀了炫目晶莹的亮片元素，看起来层次丰富而梦幻，流露出的朦胧感特别美妙，颇具华丽隆重的贵族气息。甜美的抹胸式设计更加有女人味，可以尽情展现女生的曼妙身姿。三层蛋糕裙摆仙气满满，<UNK>着每一位有着少女心的girl，简单一件就能让你秒变小公举。,类型#裙*材质#网纱*裙型#蛋糕*裙型#抹胸裙*裙长#连衣裙*裙款式#亮片,6.5,准确性方面，已包含所有关键词，但顺序和表述稍显生硬。生动性上，语言较为平淡，缺乏感召力，未能有效激发购买欲。自然度上，存在重复用词（如“特别”出现三次）和机械感（如“品质之选”略显模板化）。整体质量一般。
152,这款半身裙采用的是高品质棉质面料，手感柔软细腻，吸湿性与透气性强，具有很好的悬垂感与柔软性能，上身后有很强的舒适度。纯色的半身裙在腰部采用了褶皱设计，能够修饰出纤细的腰部曲线，让整个人的身材比例更为完美。同时裙子还用细小的格纹进行拼色点缀，时尚减龄又显得优雅端庄。而<UNK>的腰部收腰效果非常明显，让身材变得玲珑窈窕。,松紧收腰设计，拼色格纹极具度假情调，纯棉面料具有极好的透气性与亲肤感，下摆褶皱处理少女感十足，纯色极简百搭，日常搭配小脚<UNK>都很好看。,类型#裙*材质#棉*颜色#纯色*图案#格子*图案#纯色*图案#拼色*裙长#半身裙*裙款式#抽褶*裙款式#收腰,7.0,准确性上，文案覆盖了所有关键词，但拼色和纯色部分表述略有混淆。生动性较好，使用柔软细腻、修饰腰部等描述，但缺乏情感共鸣。自然度方面，整体通顺，但存在复读（纯色、腰部褶皱等重复提及），机械感轻微。综合评分7分。
153,裙摆的蕾丝纹理工艺处理，精致而饱满的设计感，让你轻松演绎浪漫梦幻的感觉；配以高腰修身的h廓形剪裁，勾勒出窈窕曼妙的身形曲线，提升整体的气质。袖口处点缀着别具一格的包边设计，融合时髦的喇叭衣袖造型，为裙身增添一份柔美的视觉感受，配合时尚的蝴蝶结绑带的装点，散发出优雅大方的女性魅力，衬托得更为迷人自信；结合衣领处的叠襟设计，丰富造型的层次与美感，带来耳目一新的视觉效果。无论上班或外出，搭配裤装、半身裙或是小短裤，都能穿出都市女性的潮流风采！,优雅气质的花边领口设计，凸显服装的时尚新潮。时尚喇叭袖口搭配绑带蝴蝶结，蕾丝裙摆设计，穿着飘逸大方，彰显女神范。高腰设计，拉长腿部比例，a字裙摆，遮肉显瘦，有范优雅显气质，谁都能hold住的实穿款。,类型#裤*版型#显瘦*版型#h*材质#蕾丝*风格#ol*风格#潮*图案#蝴蝶结*图案#蕾丝*裤款式#绑带*裤腰型#高腰*裤口#微喇裤,9.0,文案准确包含了所有关键词（如蕾丝、高腰、H廓形、蝴蝶结绑带、微喇暗示等），语言生动且富有画面感，自然度较高，无明显重复或机械感，能有效激发购买欲望。
154,一款充满艺术气息的连衣裙，a字的版型剪裁结合立体的剪裁设计可以很好的修饰腰腹线的曲线；胸前立体钉珠装饰，做工精致、细腻彰显品质，为单调增添亮点的同时也使得服装本身更加醒目立体富有潮流感，且显得优雅时尚大方；领口和袖口的木耳边装饰点缀俏皮浪漫的气质。鱼尾裙摆的设计性感典雅。,a字型轮廓的一条连衣裙，不显身材的设计，还不挑人穿，无论你是高个子，还是小个子，都可以轻松的驾驭，让你轻松展现魅惑的女人味。木耳花边的设计，显露穿着甜美感，立领的领口，修饰脸型，显脸小的视觉效果。鱼尾的裙摆，是个性感的设计。钉珠的点缀，增添服装的层次，与潮流感。,类型#裙*风格#潮*风格#性感*裙型#a字*裙型#鱼尾裙*裙长#连衣裙*裙领型#立领*裙款式#钉珠*裙款式#木耳边,8.0,文案准确覆盖了所有关键词，语言生动且富有吸引力，自然度较高，无明显复读或机械感。但部分表述如'立体的剪裁设计'略显冗余，可进一步精炼。
155,当经典的衬衫领和迷彩元素结合起来，呈现出来的感觉是不是让你眼前一亮？衣身布满<UNK>迷彩点缀的图案，富有艺术感，带来一丝硬朗气息的同时又不失潮流范。而右侧口袋上的英文字母绣花元素的设计，提升了整体细节的设计感，复古又时尚；下摆两侧的开衩设计可以修饰身材曲线，前短后长的廓形，更是个性新颖，随性的穿一件简单的<UNK>或小脚裤都能将你的帅气优雅彰显出来！不管你是喜欢中性风还是偏爱女人味儿，这件都可以轻松满足你！春天的时候搭配一件防风的薄款卫衣就可以出门了！,"采用经典美式复古版型，定制的刺绣臂章，彰显品质，方便实用迷彩大口袋设计，增大大提高了储物空间，采用标准版型裁剪工艺，能够容纳多种不同身材。随意搭配卫衣或者衬衫,非常适宜春季各类都市潮流装扮。",类型#上衣*颜色#迷彩色*风格#复古*风格#潮*图案#复古*图案#迷彩*图案#刺绣*衣样式#衬衫*衣样式#卫衣*衣款式#口袋,6.5,准确性：未包含所有关键词，如'口袋'缺失，'衣样式'中的衬衫和卫衣虽有提及但未明确作为样式，'迷彩'和'复古'图案被覆盖但不够全面。生动性：语言较吸引人，有画面感，但存在语气词和未定义标记（<UNK>）降低可信度。自然度：整体通顺，但部分表述稍显机械，如'随性的穿一件简单的...'结构不连贯。综合扣分：关键信息缺失、<UNK>问题、部分搭配不自然。
156,深蓝色的底色搭配细腻的小碎花非常显白衬肤色，穿在身上更是让人如沐春风、浪漫满载。拼接的斜襟设计，视觉上可以很轻松地修饰颈部纤细的线条感同时又给人眼前一亮的感觉。领口处的手工串珠装饰非常精致，细节之处彰显独特的工艺美感。小立领剪裁，让上身效果更加优美雅致，干练自信。修身的立体剪裁加上高腰的设计可以凸显出腿部的完美曲线，裤脚微微收口更带着复古的味道。a字型的阔腿裤可以很好的遮掩腿部赘肉从而优化身材比例。膝盖部分做了撞色的处理，色彩层次感很强。,阔腿裤的设计垂感较好的a字版型，很显瘦呢！复古的深蓝色颜色十分得衬托肤色，深浅不一的小碎花点缀着吊带裤设计，让你看起来更显魅力。拼接撞色花色罗纹领口设计，也带有几分女人味。高腰的立体剪裁更是修饰腰部的线条感，凹凸有致的好身材表露无遗。,类型#裤*版型#显瘦*版型#立体剪裁*颜色#深蓝色*风格#复古*图案#花色*图案#碎花*图案#复古*图案#线条*图案#撞色*裤型#阔腿裤*裤款式#拼接*裤腰型#高腰,8.0,文案准确包含了所有关键词，语言生动有画面感，细节丰富（如手工串珠、小立领），但部分描述（如‘膝蓋部分做了撞色的处理’）与商品关键词‘阔腿裤’不完全匹配，撞色应在裤腿而非膝盖，略有偏差。整体自然度较好，无明显机械感。
157,这一款针织两件套复古条纹的上衣，穿着清新修身更加凸显女性的气质。修身的版式裁剪，尽显女性独有的曲线美。时尚的花边半高领设计，简单有形修饰脖颈落落大方。随意的搭配个短裤或者一条小短裙就能轻松穿出优雅闲适的惬意范儿，上班度假都能让你气质不输给任何一个人哦！而且日常搭配也很出彩，是现代都市丽人的选择，也适合职场装扮，整体散发出休闲的气质美，显得十分得体简约！,花边半高领唤醒了18世纪的浪漫主义风格，凸显气质，焕发复古优雅魅力。细带设计，沿袭宫廷式的至美元素。竖条纹弹力修身，显瘦纹理，贴合女性身材曲线，简约优雅。搭配优雅职场短裙，清新休闲长裙，打造不一样的气质。秋冬内搭不可或缺的打底针织。,类型#裙*版型#显瘦*材质#针织*风格#复古*风格#简约*风格#休闲*风格#清新*风格#职场*图案#条纹*图案#复古*裙下摆#花边*裙长#短裙*裙长#长裙*裙领型#半高领,8.0,文案基本覆盖了所有商品关键词（如针织、复古、条纹、花边半高领等），但缺失了'职场'、'长裙'等关键词；语言较生动，有购买欲望，但部分表达略显冗长；整体通顺自然，但'闲适的惬意范儿'稍显重复。
158,整体设计感特别有特点的一款裤子，无论是裙摆的褶皱，还是侧边的撞色织带都给人一种十分时髦又新潮的感觉。同时搭配精美的印花，让这条裤子在复古风中脱颖而出，展现出十足俏皮可爱感；配合上木耳边的腰头，更添几分减龄甜美的气息感；九分裤的设计能够露出纤细的小腿，增添一丝小性感和时尚感。,领口和袖口的木耳褶皱元素穿上之后凸显女人的性感魅力，这样的设计元素你一定不会拒绝。领口的多层蝴蝶系带，有着少女的减龄可爱，不会显得太过老气。九分的喇叭袖设计迎合了几年来的复古风潮，而且可以修饰胳膊上的赘肉。微微廓形的裙摆不会闷汗束缚，无论是外穿还是内搭都很好看。热烈的撞色印花元素很适合度假穿着。,类型#裤*风格#复古*风格#性感*图案#复古*图案#印花*图案#撞色*裤长#九分裤*裤款式#木耳边*裤款式#抽褶,6.5,准确性上，文案包含了复古、印花、撞色、九分裤、木耳边等关键词，但遗漏了‘抽褶’，且原文是裤子却提到‘裙摆’，存在错误。生动性上，语言较平淡，缺乏感染力。自然度上，描述流畅但有些词重复（如‘感’），且‘整体设计感特别有特点’存在语病。整体一般。
159,此款<UNK>女式连帽运动衫采用纯棉面料制成，触感柔软细腻，舒适亲肤不刺激；红色的<UNK>贴布设计醒目又时尚，同时彰显品牌文化内涵，且吸睛夺目；加上经典抽绳连帽防风效果极佳，穿在身上显得更加温暖和时尚；搭配一款运动风的半身裙可以瞬间变身迷人小可爱，凸显出与众不同的魅力。,红色斜襟抽绳，气场十足，回头率高，长袖连帽，适合早春时节。可以搭配半裙也可单穿，显得活力十足有气质，格调也随之上升，棉质材质，穿着很舒适，手感丝滑有韧性，还在等什么，<UNK>回家吧。,类型#裙*材质#棉*颜色#红色*裙长#半身裙*裙袖长#长袖*裙款式#抽绳*裙款式#连帽,6.5,待评测文案包含了所有关键词（裙、材质棉、颜色红色、半身裙、长袖、抽绳、连帽），准确性高。语言较生动，有描述触感和穿搭效果，但部分表达略显生硬（如“<UNK>贴布设计”），且“运动风”一词与商品关键词中的“半身裙”风格不完全一致，略有偏离。整体自然度尚可，但“吸睛夺目”“瞬间变身”等词汇稍显堆砌，略显机械感。综合评分6.5。
160,BRAND这款连衣裙，淡雅的墨绿配色加上花朵元素的点缀，既甜美灵动又清新鲜明不显沉稳；搭配上宽松剪裁和直筒廓形裙，营造出了几分恬静优雅之感。另外腰部配上同色系纽扣以及口袋点缀，丰富了细节层次感的同时也打破了单调沉闷即视感。,十分秀气的一件气质连衣裙，宽松的直筒裙型一点也不挑身材，墨绿色的基调中给到了清新的小印花装饰，加上小巧的口袋和纽扣装饰，更是大方又端庄实穿。,类型#裙*版型#宽松*颜色#墨绿色*风格#清新*图案#印花*裙型#直筒裙*裙长#连衣裙*裙款式#口袋*裙款式#纽扣,7.0,准确性高，覆盖了所有关键词；生动性较好，用了'甜美灵动'、'恬静优雅'等词汇；自然度尚可，但'BRAND'未明确替换为具体品牌，略显生硬。整体不错，但略逊于参考答案的简洁自然。
161,选用轻薄的雪纺面料制作而成的一款裤子，表面带有复古风格的波点造型铺陈出来，搭配着宽松的裤身廓形，穿着舒适而又轻盈。腰间做了一个可调节的设计，可以根据自己的身材来调节更加服帖舒适。整体衣身上没有过多的装饰设计，打造出简约的风格感，而裙身的剪裁拼接方式让穿搭看起来立体而又美观。,复古俏皮的波点图案装点裙身，色彩亮丽吸睛，洋溢着浪漫甜美气息，拼接雪纺袖子设计，碰撞出别样个性优雅感。简约流畅宽松版型，结合a摆廓形，更好的包容和修饰身材曲线。,类型#裙*版型#宽松*材质#雪纺*风格#复古*风格#简约*图案#复古*图案#波点*裙款式#拼接,4.0,准确性差：商品是裙，但文案描述为裤子，严重错误；部分关键词（如宽松、雪纺、复古、波点、简约、拼接）出现，但漏了版型、图案风格等。生动性不足：语言平实，缺乏吸引力，没有营造购买欲望。自然度一般：无明显复读但描述不准确，逻辑上矛盾（如说裤身又提裙身）。
162,该款拉链<UNK>男童百搭外套，采用的是优质丝滑的pu材质，手感柔软细腻、耐磨损又不易变形，即使经常穿也不会有紧绷感觉；精致小巧的小立领、搭配后肩的织带装饰以及下摆处两侧假盖斗袋口袋等设计，都彰显出品牌品质做工精湛；整体以简洁大方的纯色色调打造而成，不仅好搭配衣物穿着更显时尚大气感。,这款外套采用立体的版型，搭配立领的设计，让外套挺括有型，穿起来更显精神。而光面的设计，让外套表面的色泽会根据<UNK>的变化而产生变化，彰显出低调的奢华感。同时也让外套穿起来温暖舒适，兼具了保暖性和美观性。拉链胸袋的装饰，让纯色的衣身不显单调，丰富了视觉效果，让衣身两侧的口袋点缀，让你的双手能够随时取暖。,类型#上衣*颜色#纯色*图案#纯色*衣样式#外套*衣领型#立领*衣门襟#拉链*衣款式#口袋*衣款式#拉链,3.5,准确性方面，未突出‘立领’‘拉链’及‘口袋设计’，且缺少‘光面’‘色泽变化’等细节；生动性较弱，描述平实，缺乏购买驱动力；自然度较低，存在‘<UNK>’占位符和‘假盖斗袋口袋’等表达不通顺、复读感明显的问题。
163,BRAND的这件套头针织衫选用聚酯纤维面料加工织造而成，具有良好的强度与弹性恢复性能，纯棉<UNK>吸湿透气、穿着亲肤舒适，纯黑色的主体色调凸显男士的成熟稳重又不失干练的气质；袖口、肩部及下摆采用罗纹设计，具有良好的防风保暖作用；同时领部采用了经典的黑色宽版小翻领，在搭配撞色的拉链元素装点点缀出精致的细节感展现硬朗有型的男性颈部线条，令你活力十足的同时不失优雅绅士气质。,BRAND这款针织衫，采用手感细腻的棉和聚酯纤维面料精心制作而成，轻薄且透气性好，给人带来柔软亲肤的穿着体验。设计师以简明的线条勾勒撞色罗纹翻领版型，修饰脸部；并将黑色作为主底色，彰显型男的低调轻熟韵味；门襟拉链的设计，增加了层次，兼具美观性和实用性。,类型#上衣*材质#棉*材质#纤维*颜色#黑色*图案#线条*图案#撞色*衣样式#针织衫*衣领型#翻领*衣门襟#拉链*衣款式#拉链*衣款式#罗纹,7.5,准确性方面，文案缺少关键词'纤维'中的具体类型（聚酯纤维已包含，但应明确为聚酯纤维），且提及了纯棉但商品材质中无棉（实际是棉和纤维，但原文写纯棉<UNK>，可能忽略棉成分）。生动性较好，有'硬朗有型''活力十足'等词汇，但部分描述如'优雅绅士气质'略显俗套。自然度中等，存在用词重复如'彰显''凸显'，且'纯棉<UNK>'不完整，整体通顺但稍有机械感。
164,这款充满夏日清爽感觉的背心连体裤，可以很轻松的穿出满满的都市感呢。它选择了经典的连体版形设计，带来非常优雅的感觉。而v型的领口处，还采用了隐形金属圆环扣的设计来收紧。再加上腰间别致个性的搭扣拉链，瞬间就赋予了时尚的魅力美感。自然翻折的肩袖处理，以及后身贴心的搭扣，更显得利落率性。配合上a型的阔腿版型，让你轻松穿上女神般的气场。,连体裤的版型设计，在一定的条件上可以很好的拉长，女人整体的身材比例。应用的翻领展示出了干练的一面，采用的拉链设计，让你可以随心所欲的变换风格。阔腿的样式，双腿比例更加的完美，女神非你莫属。,类型#裤*裤长#连体裤*裤型#阔腿裤*裤款式#拉链,7.5,准确性方面，关键词‘拉链’和‘连体裤’已体现，但未明确提及‘裤长’和‘阔腿裤’（仅写‘阔腿版型’），且出现了‘背心连体裤’等未要求的关键词，略有偏差；生动性较好，语言有画面感，能激发购买欲；自然度较高，通顺流畅，无明显机械感。综合扣分项：关键词覆盖不够完整，略有冗余信息。
165,BRAND以柔和的浅紫色为主基调打造的这款裙子，整体采用了从上至下渐变的配色设计，呈现出一种轻盈、高贵的穿着美感，是非常出挑的选择。设计师为这款裙子做了多层荷叶褶皱的设计效果，配合蛋糕状的蓬蓬裙摆，显得更为唯美且优雅浪漫。,甜美风格的小公主裙，在外形上融入了渐变的色彩，使得裙子的立体效果增强，突出宝贝的高贵之气。裙子在设计时融合蛋糕裙与洛丽塔的双重风格。在风格的混搭之间，营造出来更多的浪漫之感。蓬蓬的小裙摆，强烈的视觉效果，展示出来宝贝更多的活力，让小公主如同天鹅一般神秘迷人。,类型#裙*风格#高贵*图案#渐变*裙型#蛋糕*裙型#蓬蓬裙*裙型#公主裙,7.5,关键词覆盖完整，但缺少'公主裙'；语言生动，如'轻盈、唯美、优雅浪漫'等词有吸引力；自然流畅，无明显复读或机械感。总体较好但略欠全面。
166,这款雪纺裙自带仙气范儿，柔顺的丝质感飘逸十足，轻薄透气、爽滑顺滑，上身穿着更清凉舒爽。裙身上采用了精美细腻的花朵印花点缀着整条裙子，彰显女性的温柔妩媚和浪漫甜美。加上中长款的版型，对身材没有过多的<UNK>，恰到好处的小性感更显女人味，配合半身裙的设计，带来一丝少女的俏皮感。让你穿起来不仅清爽还十分有活力哦！这样的款式，很适合春夏季穿着~,一款中长款的雪纺半身裙，有种精致的花朵印花点缀，很清新的感觉，甜美减龄又充满浪漫的气息。腰部是松紧的设计，穿着舒适有度<UNK>，更加轻松自在。双层的裙摆，微微透视的效果，层次清晰，裙摆侧边分叉，更加的性感诱惑。,类型#裙*材质#雪纺*风格#清新*风格#性感*图案#印花*裙长#半身裙*裙衣长#中长款,8.5,待评测文案准确包含了所有关键词（雪纺、清新、性感、印花、半身裙、中长款），语言生动具象如“仙气范儿”“柔顺丝质感”，能激发购买欲；但“爽滑顺滑”略有重复，“没有过多的<UNK>”不通顺，扣分项。整体自然度较高，优于参考答案。
167,这款来自BRAND的黑色背带裤整体设计为简单的纯黑色搭配一字肩衣袖的设计打造出经典的港风格，又因为采用舒适的牛仔面料和宽宽松松的直筒版型，因此能够很好地达到显瘦显高的效果。而最大的亮点就是宽肩带的可拆卸式，方便穿脱的同时还能与宽大的袖子相互组合为可爱甜美的小飞袖打造优雅少女感。胸前的丝滑<UNK>点缀也增添了更多俏皮少女风。再结合蝴蝶结元素进行勾勒装饰，增添一丝甜美和优雅气质。最后再选用柔软细腻的高腰阔腿版型雪纺面料修饰身形更显修长和纤细身材。,穿惯挺括的牛仔裤腿裤，在这个春夏不妨试试这款垂坠柔滑的雪纺背带裤。小有厚度能抵挡早春的料峭。黑色直筒裤型，修饰腿型显瘦自在。撞色感的亮银色圆环，暗色调的裤子也变得明快起来，背带穿过扣眼，半扎起蝴蝶结就能随性的调节背带长短。高腰设计，优化身材比例，有秒变大长腿的技能。,类型#裤*版型#显瘦*材质#牛仔布*材质#雪纺*颜色#黑色*图案#蝴蝶结*裤型#直筒裤*裤型#背带裤*裤腰型#高腰,5.5,1. 准确性：未完全包含所有关键词，如缺少“雪纺”材质（实际描述中用了雪纺但未明确提及关键词），且出现了未匹配的关键词“一字肩”“牛仔面料”与关键词中“牛仔布”“雪纺”冲突。2. 生动性：语言较为重复（如“甜美”“优雅”多次出现），部分描述（如“宽肩带可拆卸式”“小飞袖”）与商品关键词不匹配，降低可信度，难以激发购买欲。3. 自然度：存在不通顺之处（如“胸前的丝滑<UNK>点缀”中“<UNK>”为未识别词），且有机械感，如“特点就是”“最后再选用”等结构不自然。
168,优雅气质的淡杏色是春夏必不可少的经典色调，将这件衬衫穿在身上时，可以让人看起来更有活力且更柔美哦，非常衬肤色的。小v翻领加上双开门襟设计，穿脱快速同时更显时髦感。门禁一粒扣装饰，精致耐看。下摆荷叶褶边修饰，让衣身蓬松又飘逸。拼接蕾丝花边袖口设计，精致大方<UNK>哦。,让人一见倾心的粉杏色衬衫，采用了挺括的梭织面料，穿着透气舒适，自在又随性。翻领与v领的完美结合，既能勾勒出迷人的天鹅颈，又能衬托出娇俏的小脸。一粒扣开合，方便穿脱的同时又能起到装饰的作用。拼接的七分蕾丝袖，在婉转中展现一分利落，后幅收褶设计，让美妙得以展现。,类型#上衣*材质#蕾丝*颜色#杏色*图案#蕾丝*衣样式#衬衫*衣领型#v领*衣领型#翻领*衣门襟#一粒扣*衣款式#拼接,7.5,准确性：基本覆盖关键词，但缺少'七分袖'、'后幅收褶'，且'双开门襟'与'一粒扣'矛盾。生动性：语言较优美，但'时髦感'、'蓬松飘逸'略显夸张，购买欲一般。自然度：通顺，但'<UNK>'影响流畅度，整体稍显套路化。
169,设计师在<UNK>牛仔裤原有的基础上，又加以改良创新。融入了经典的美式时尚元素，将浅色的丹宁面料加入进来。设计出的这款裤子，既有着美式休闲裤子的舒适度，也具有传统牛仔裤的简洁版型。<UNK>大口袋更是为整体的设计亮点，尽显利落感。,新款女裤的时尚设计，结合了大众的审美，并注入了别有风格的设计。浅色磨白的图案选择，展现出女生天生具有的恬静优雅的气质。男生看到女生第一眼看到的是腿，这条休闲裤在腿部的设计通过微喇的版型，掩盖了腿型缺陷。还视觉上拉长小腿比例，塑造大长腿。后口袋的盾形设计，将焦点汇聚到臀线中间，打造立体臀型。时尚的裤脚做了三条杠的设计，让这条牛仔裤不显单调。,类型#裤*材质#牛仔布*颜色#浅色*裤款式#口袋,5.5,待评测文案漏掉了'裤款式#口袋'中的关键款式信息（未提及微喇、后口袋盾形设计等），且未提及'浅色磨白'和'腿部修饰'等亮点；存在<UNK>符号显得不自然，整体语言较平淡，缺乏生动性和购买欲望。虽覆盖了大部分关键词，但准确性和自然度不足。
170,这是一件非常经典的百搭衬衫，无论是<UNK>的搭配，还是穿西装或是休闲搭配都可以哦~帅气的立领设计，时尚大气又能很好露出锁骨美，v领的设计也是一大亮点呢~精致的手工真丝的细节处理的也非常到位，做工精细做工好，垂感度也很优秀哦！,假如不能将矜贵的面料做现代风格的设计表达，那么有如此<UNK>的传统桑蚕丝<UNK>面料，光华就永远只在过去时。如<UNK>般下落的小翻折领，<UNK>的态度和<UNK>，呈现出<UNK>的v字领，正如远古神话<UNK><UNK><UNK>的“<UNK>”传统的<UNK>和<UNK>。<UNK>的肩线，下落式样的肩袖处理，与改良式西装立领的<UNK><UNK>，休闲<UNK>懒，又好像穿了<UNK>的老衬衫一般调皮整个廓形为<UNK>的三角形，适宜搭配哈伦裤或者阔腿裤。,类型#上衣*材质#蚕丝*风格#休闲*衣样式#衬衫*衣样式#西装*衣领型#立领*衣领型#v领,3.0,文案未包含立领和V领的具体描述，缺失'类型#上衣'、'衣样式#衬衫'、'衣样式#西装'等关键词，准确性低；语言平淡重复，缺乏生动性和购买欲望；自然度较差，存在复读（如‘做工精细做工好’），整体机械感强。
171,这款BRAND的设计师带来的这款经典v领的连衣裙非常的个性。腰头的抽皱设计更显挺翘与知性气质，而且时尚感满满。<UNK>采用单侧开衩的风格非常显腿长，加上时尚蝴蝶结系带的装饰更是充满了青春阳光的校园范、少女感十足！,这款连衣裙走的是青春时尚的风格路线，尽显出女性的精致细腻的一面，衬托出女性的端庄知性的一面。采用了v领的领口设计，十分利索干净。搭配腰部的蝴蝶结系带，突显出新鲜有趣的一面。裙摆的两侧开叉剪裁，更是体现出你的华丽优雅的气质。,类型#裙*风格#知性*风格#青春*图案#蝴蝶结*裙下摆#开叉*裙长#连衣裙*裙领型#v领*裙衣门襟#系带,5.5,准确性方面缺少'下摆开叉'（描述单一侧开衩而非两侧），'系带'（虽有蝴蝶结但未强调系带方式），'青春'风格被提及但'知性'风格较模糊；生动性不错，使用了'个性'、'时尚感满满'、'校园范'等词汇，但'<UNK>'未通过实体替换影响流畅性；自然度尚可，但'时尚感满满'略显突兀，整体评分中等。
172,衬衫作为必备的单品之一，不仅能够提升女性的时尚气质还能起到很好的衬托作用，让女性变得更加自信大方。这款BRAND的修身套头连衣裙采用了经典的纯黑配色设计，更显大气优雅。采用优质的柔软面料进行打造，亲肤性更好，穿着也十分清凉。而较为宽松的版型，更能带来自由自在的感受，也穿出了时髦感。前短后长的下摆，丰富了层次感的同时还能拉长身形更显瘦。而翻袖口的设计，增添了设计亮点，时尚且可爱满满。,这款衬衫的看似普通实则颇有几分个性，宽松的版型也一样显瘦遮肉，是属于套头式的版型设计，大大的v字形领口，修饰脸型，前短后长的下摆设计，背后更是设有开叉的元素，这样看起来不会很单调。,类型#上衣*版型#宽松*版型#显瘦*衣样式#衬衫*衣门襟#套头,6.5,准确性方面，关键词'上衣'、'宽松'、'显瘦'、'衬衫'、'套头'都有涉及，但'衬衫'被误写成'修身套头连衣裙'，且增加了'翻袖口'等原文没有的特征。生动性一般，语言流畅但部分表述略显平淡，如'时尚气质''大方优雅'等较为通用。自然度尚可，没有明显机械感，但'修身套头连衣裙'与商品信息矛盾，造成混淆。整体上因关键信息错误扣分较多。
173,很特别的一款卫衣，它整体设计有点类似连衣裙的感觉，下摆与袖口是双层网纱的设计，十分耐看；而衣身上用到的<UNK>色，也是近年来比较流行的颜色，很是吸睛哦而且很衬气质；搭配下身的包裙也是很优雅迷人的感觉。如果夏天想要外穿的话也ok的，可以选择里面套件小背心或者单层半透的打底来搭配一款短外套、小皮鞋都很ok的。,此款做了黑、白两色，使用质量偏好的网纱和网眼；网纱飘逸动感，一般会搭配一些卫衣罗马面料，会中和掉网纱的仙；此款将网纱和网眼结合，既不会显得过于轻浮，也不会过于硬朗，吸人眼球，给人视觉冲击。偏薄，透风，可以用作春秋的薄外套。,类型#上衣*材质#网纱*衣样式#卫衣*衣样式#外套,5.0,准确性方面，文案未提及'网纱'作为主要材质，且'衣样式#外套'未明确体现，关键词覆盖不全；生动性方面，语言较平淡，缺乏视觉冲击和吸引力；自然度方面，整体通顺但'<UNK>色'明显为错误生成，影响阅读体验。
174,一件个性的单宁面料制作的半身裙，修身的高腰设计完美的提高了臀部曲线，让整个身材显得更加的大气挺直！前短后长的下摆造型加上不规则的造型设计，更好的修饰腿部的轮廓，同时搭配个性的印花与时髦的细条纹元素装饰，上身显瘦的同时更吸睛抢眼！大a的裙身处具有十足的遮肉效果，让你轻松穿出小个子的感觉！而衣袖部分的打褶工艺处理，可以彰显女性的甜美个性魅力，从而提高整体的精致感！百搭的版型配上各种内搭都不怕不够亮眼！,造型感十足的一款半身裙，经典的过膝长度，尽显矜持优雅。时髦的高腰设计，采用了松紧设计，显瘦又方便穿脱。抢眼的条纹印花，更是充满时尚活力；裙摆处做了不规则的设计，让你的每一步都摇曳生姿，展现与众不同的自己。,类型#裙*版型#显瘦*图案#条纹*图案#印花*裙型#一步裙*裙腰型#高腰*裙长#半身裙*裙款式#不规则,6.5,准确性方面，文案包含了大部分关键词，如'半身裙'、'高腰'、'不规则'、'印花'、'条纹'，但缺少'一步裙'和'显瘦'，且错误地出现了'单宁面料'、'衣袖'等无关内容。生动性较好，使用了'个性'、'时髦'等词汇，但部分描述如'提高臀部曲线'、'穿出小个子的感觉'与显瘦不符，可能引起误解。自然度一般，存在逻辑矛盾，如'大A的裙身'与'一步裙'不符，且'衣袖部分'描述对半身裙不适用，有复读和机械感。
175,<UNK>品牌以浅粉色为主色调的这款衬衣，整体采用了略为宽松且简约的小直筒设计，带来较为舒适且自在的整体穿着美感，是非常实穿的服饰单品。设计师在这款衬衫的上半部分点缀了醒目的logo贴标装饰效果，显得精巧且出彩。偏高的腰线，适合日常休闲风的穿搭需求。,简约到极致的一款长款的宽松结构衬衫，几乎可以做连衣裙穿着，简约中带着些甜美，洒脱里又包含率性。很干净的白，很轻柔的面料，有些薄透的视觉感。很好搭配的款式，休闲还有ol风格。,类型#上衣*版型#宽松*风格#简约*风格#ol*风格#休闲*衣样式#衬衫,3.5,待评测文案未包含所有关键词（如'简洁'、'ol风格'未体现），且出现<UNK>标记，部分描述（如logo贴标、高腰线）不符合原文简约气质；语言平实，缺乏购买冲动；句子略机械，整体不合格。
176,时尚不失优雅的一款纯色短袖连衣裙，气质的立领领结设计，更显干练的气质范儿；腰部抽绳的设计，不仅带来一丝俏皮的灵动韵味，更是勾勒出纤细腰身的诱惑。整体简约却不简单的纯白色调，衬托白皙肌肤的同时，更是非常的显肤白；而衣襟处的打揽褶皱点缀，打破了整体的单一乏味感。,BRAND这款别致大方的纯色连衣裙，时尚又气质的立领设计，穿着美观又气质，更显立体大方美。腰间的抽绳设计，大方的褶皱处理，勾勒纤细的腰部曲线。大方的短袖造型，简约又方便，修饰优美的手臂曲线，时尚又大方。,类型#裙*颜色#纯色*风格#简约*图案#纯色*裙长#连衣裙*裙袖长#短袖*裙领型#立领*裙款式#抽绳*裙款式#抽褶,7.5,文案准确包含了所有关键词，但缺少'抽褶'关键词（打揽褶皱可视为抽褶的一种表述，但未明确提及），且对'简约'强调不足。语言较生动，如'俏皮的灵动韵味'有吸引力，但'衬托白皙肌肤的同时，更是非常的显肤白'略显冗余。自然度较好，无明显机械感。
177,基础经典款式的黑白色竖条纹衬衫版型利落硬朗，能从视觉上加宽身形比例，穿在有肉的地方更加显瘦遮肉。经典不过时的波点元素装饰整件衬衣，小而精致不失俏皮可爱，穿起来减龄效果非常好。略为合身的版型剪裁不挑身材，能够包容更多体型且可以起到微微的瘦身功效，穿着上身效果更加随性自由且又能够彰显出个人的气质美感。,波点一直都是复古风的标配元素，尤其是黑白波点的搭配特别的耐看，看似简简单单，穿上身却特别<UNK>气质。直身的宽松衬衣版型，不挑身材，即使受力也不会觉得紧绷，舒适感上佳。面料的垂性很好，上身利落显瘦，很显精神。,类型#上衣*版型#宽松*版型#显瘦*颜色#黑白*图案#波点*衣样式#衬衫,6.0,待评测文案错误地将波点描述为竖条纹衬衫，与关键词不符，准确性扣分；语言较生动，但存在逻辑矛盾（如合身与宽松版型冲突）；自然度尚可，但部分表述有机械感。
178,一件风衣对身形要求不严格，不论高矮胖瘦都能轻松驾驭！直筒遮肉又显瘦，小个子女生穿也很有气场。下摆前短后长设计，视觉上更显腿长!领口是西装翻驳领的设计，干练利落有精神~袖子做开叉喇叭状，细节很特别~适合日常着装的风格，上身既有商务风的正式感，又带点随性休闲范儿~上身自带气场不单调的纯色，干净清爽让人感觉非常舒服~柔软挺阔的面料，不易皱不起球更耐磨，穿上很有大牌质感。,这款西装裤选用了柔软细腻的西装面料，具有平整透气的上身效果，垂感非常好。整体光洁的布料，缝制有起皱效果，视觉效果上具有很好的显瘦作用。九分裤直筒的版型，休闲慵懒，带有一丝优雅气质，外搭一件纯色的风衣，还能引来不少异性的回头率~,类型#上衣*版型#显瘦*材质#西装面料*颜色#纯色*风格#休闲*图案#纯色*衣样式#风衣,7.5,文案覆盖了所有关键词，但将“西装面料”误写为“西装面料”（应为“西装面料”）且部分描述与商品类型“上衣”略有偏差（聚焦于风衣而非西装裤）。语言生动有细节，但“西装的正式感”与“西装领”部分重复。自然度较好，无明显机械感。
179,白色的细条纹衬衫，简约大方的设计更显时尚干练气息，在袖口处采用了<UNK>的细节设计更是展现出优雅的法式浪漫风情，领口的波点元素则带来一股法式复古的气息。而抽褶的下摆则能够修饰出女性的柔美线条，宽松廓形的剪裁上身穿着更是舒适又随性。,宽松的波点衬衣，散发着浓浓的法式复古风情，系带领的设计显得十分灵动。修饰颈部线条，肩部褶皱设计个性简约，修饰形体。波点面料经典简约，低调的咖色十分的特别雅致。白色的波点一扫沉闷的感觉，白色底色干净利落简约。,类型#上衣*版型#宽松*颜色#白色*风格#复古*风格#简约*图案#复古*图案#波点*图案#线条*衣样式#衬衫*衣款式#抽褶,7.5,准确性较好，但缺少'抽褶'和'波点'的完整描述（波点只出现在领口且未体现复古色系），同时包含了'线条'但未体现'简约'；生动性中等，用词较平实，部分表达如'展现出优雅的法式浪漫风情'略显模板化；自然度较高，但存在'<UNK>'占位符和一定机械感。
180,这款来自BRAND的儿童连衣裙采用了经典大气的纯色调设计，凸显可爱甜美的气息。衣身采用舒适柔软的弹性面料制作而成，穿着没有紧绷感也不担心皮肤出现过敏现象哦。蝴蝶结领口设计个性时尚美观大方，结合下摆别具一格的开叉点缀，更显一丝优雅美感。精致牛仔小裙摆俏皮可爱，增添整体甜美气质。,颜值很高的一款单鞋，中性的帅气与优雅的女人味并存。大小刚好的蝴蝶结装饰在简洁的一字带上，将柔美的气息注入其中。不管是搭配牛仔或连衣裙上身都很显气质。,类型#裙*材质#牛仔布*图案#蝴蝶结*裙型#牛仔裙*裙长#连衣裙,5.5,准确性部分得分：商品关键词包含“牛仔布”、“牛仔裙”、“连衣裙”，但文案中仅出现“牛仔小裙摆”，没有明确提及“牛仔布”且将“连衣裙”与“牛仔裙”混淆，整体关键词覆盖不完整；生动性方面，描述较具体但缺乏场景感和吸引力，购买欲望不强；自然度上，部分表述机械重复（如“精致牛仔小裙摆俏皮可爱，增添整体甜美气质”与前面重复），且有优化空间。
181,<UNK><UNK>的这款裙子首先给人的感觉是温软唯美的气息，它采用了柔软细腻的面料打造而成，穿在身上可以带来非常不错的舒适感呢。衣身上的重工钉珠装饰，更是为整体增添了很多亮点和细节处的精致美感，与传统的绣花造型相结合，给人更加大气磅礴的感受，也带有一点复古的气息。百褶的拼接，又为其更添一份随性文艺范儿。,这款丝绵上衣上有着精致的花朵刺绣装饰着，v型的领口设计看上去别致又显档次，裙摆与袖口处都是百褶样式的，穿在身上格外地飘逸吸睛。复古的钉珠与金线拼接，细节处的设计满满都是品味，让你轻松演绎复古的文艺范儿。,类型#裙*风格#复古*风格#文艺*图案#复古*图案#刺绣*裙型#百褶*裙款式#拼接*裙款式#钉珠,7.5,准确性较好，包含了复古、刺绣、百褶、拼接、钉珠等关键词，但缺少‘文艺’和‘裙型#百褶’中的裙型描述。生动性一般，语言较为平淡，如‘温软唯美’等词汇缺乏新意，购买欲望不强。自然度尚可，但开头有冗余感，‘大气磅礴’用法夸张。整体符合要求但不够精炼。建议增加细节和情感共鸣。
182,小天鹅<UNK>肩设计的法式连衣裙，优雅浪漫又甜美俏皮。前胸重工设计，精致考究的褶皱工艺制作成别致的斜形大摆裙摆，带来轻盈飘逸之感同时勾勒迷人身材；性感的v字领口修饰颈部和锁骨曲线，勾勒柔美脖颈弧度更显脸型娇好立体。内里的翻折袖口让手臂活动也毫无束缚感，还能修饰纤细的手臂线条，袖口处装饰着甜美的荷叶花点缀其上；外层是经典的翻驳领衬衣款，经典配色酒红色的选择，更带来满满时尚感。,这是一款女人味十足的衬衫，线条流畅的v领，修饰颈部曲线，展现性感锁骨。腰部收紧设计，做了层层褶皱，更具层次设计感，同时提高了腰线，形成了自然的荷叶边下摆，优雅十足。而颜色更是选择了神秘而魅惑的酒红色，将女性魅力完全展现。,类型#上衣*颜色#酒红色*风格#性感*图案#线条*衣样式#衬衫*衣领型#v领*衣款式#抽褶*衣款式#荷叶边,6.0,缺失关键属性（抽褶、线条图案），且出现无关属性（法式连衣裙、翻驳领），存在UNK错误；语言虽生动但前后矛盾，结构混乱，自然度低。
183,这款休闲裤采用的是优质聚酯纤维面料，<UNK>舒适穿着感强；侧边织带设计增添服装亮点，个性鲜明；大口袋的装饰，可以放置物品的同时丰富造型感；经典的格纹元素，经典大方，随意百搭，无论内搭还是外穿都能体现出休闲时尚的运动风，而且宽松廓形还可以遮掩修饰腿型，修饰身材比例。,采用的聚酯纤维面料，具有柔软细滑触感和透气散热特性，让你在行走运动的时候舒适<UNK>。宽松的版型，不会影响肢体自由，让伸展灵活自在。格纹的加入，轻盈立体，具有强的层次感。侧边的织带，柔和裤子的硬朗，突显柔情。,类型#裤*版型#宽松*材质#纤维*风格#运动*图案#格子,7.0,文案包含了所有关键词，准确性高。语言较为生动，但部分表达（如‘经典大方，随意百搭’）略显模板化，缺乏细节。整体通顺，无机械感，但可进一步优化亮点描述以增强购买欲。
184,这款<UNK>的短款加绒卫衣采用了舒适的罗纹圆领设计，贴合颈部曲线彰显女性锁骨的魅力。oversize的慵懒的宽松廓形结合落肩式裁剪，包容性好不挑身材，上身更显随性帅气的同时还可以遮住腰间赘肉尽显窈窕好身姿。同时它还采用了彩色的拼贴设计，带来视觉上的冲击效果，让原本普通的款式充满趣味活泼又时尚，在搭配的时候也更加具有个性。整体上展现出女性的率性感满满的同时又有着优雅大方的气质。而它衣前的品牌logo和下摆处独特的英文更是显示出设计师小心机，凸显出品牌特色十分独特抢眼。非常适合喜欢运动风穿搭的女孩子选择，休闲又舒适适合日常穿着展现自身活力气质风采。,以短款宽松直筒廓形剪裁的运动衫，带有卫衣风格，上身舒适自由。休闲圆领设计，上身舒适百搭。加上慵懒落肩袖型，带来轻松休闲范儿，正面配有光亮印字装饰，精致美观而不失设计感。,类型#上衣*版型#宽松*风格#休闲*衣样式#卫衣*衣领型#圆领*衣长#短款*衣袖型#落肩袖,8.0,准确性方面，文案包含了所有关键词（短款、加绒、卫衣、罗纹圆领、oversize宽松廓形、落肩裁剪），且额外添加了‘加绒’这一合理补充。生动性较好，使用了‘彰显锁骨魅力’、‘遮住腰间赘肉’、‘率性感满满’等吸引人的描述，能激发购买欲望。自然度上，整体通顺，但‘它衣前的品牌logo和下摆处独特的英文’稍显冗余，‘女性率性感满满的同时又有着优雅大方’略有堆砌感，不过瑕不掩瑜。扣分原因：存在<UNK>标记，且‘趣味活泼又时尚’稍显啰嗦。
185,非常个性帅气的卫衣裙，经典的卫衣领设计穿着舒适透气，并且还显得利落整洁，彰显出青春帅气的一面，在腰身处做了一个别致的设计，松紧可随意调节，既能够保证舒适度还能够起到一定的修身效果。再加上袖子处的精致字母印花，与背后撞色的时尚图案完美融合，提升整体的美感。<UNK>穿上一件时髦的牛仔裤，出门就能<UNK>回头率！,这款卫衣展现出了青春原有的活泼与生机感。非常醒目的撞色设计，搭配上立体字母印花，带来了非常年轻的学院气息。而在搭配上也非常的简单，一条牛仔裤一双小白鞋，就可以<UNK>青春故事了。整体是修身的款型，能够凸显出好的身材来，彰显十足品味。,类型#上衣*版型#显瘦*材质#牛仔布*风格#青春*图案#字母*图案#文字*图案#印花*图案#撞色*衣样式#卫衣,6.0,待评测文案基本覆盖了所有关键词（类型#上衣、版型#显瘦、材质#牛仔布、风格#青春、图案#字母/文字/印花/撞色、衣样式#卫衣），但缺少'图案#文字'和'图案#印花'中具体文字的描述，且将'卫衣'误写为'卫衣裙'，准确性扣分。生动性上，'回头率'等词有吸引力，但整体描述偏向款式而非青春活力感，购买欲一般。自然度方面，有<UNK>占位符，语句不够流畅，略显机械。总分6分。
186,这款真丝睡衣裤，面料柔软轻盈，舒适透气性好。采用传统中式小立领设计，修饰颈部美感，衬托出女性干练利落气质。采用珍珠扣设计，更显品质优越感及女性温婉典雅的气质。腰带采用优质亮片腰带搭配精致的钩花，尽显摩登与雅致韵味。腰下部分采用复古花纹织带腰带装饰，富有浪漫的艺术氛围，凸显甜美迷人气质。荷叶袖的设计，增添了俏皮可爱的时尚气息。腰部带有橡筋收身更<UNK>型哦，裙口与裙摆均以螺纹收拢，使整体保持垂顺自然流畅的线条美感。,螺纹立领的设计，复古韵味十足，衬托脖颈修长，使你赚足回头率。以串珠与亮片钉制成的花朵图案，点缀在前襟，光影重重散发出璀璨的光芒，巧妙的吸引眼球，衬托出端庄时髦的气场。腰间搭配一条双层的pu腰带，合身的裁剪设计，束出纤细的小蛮腰。蜿蜒的木耳边点缀在裙边，在垂顺流畅的线条里添一些立体挺括的视觉效果，只需微风拂过，更显蹁跹的步伐。,类型#裙*风格#复古*图案#复古*图案#线条*裙下摆#垂坠*裙领型#立领*裙款式#腰带*裙款式#螺纹*裙款式#亮片*裙款式#木耳边,4.0,准确性差：缺少‘复古’、‘线条’、‘垂坠’、‘木耳边’等关键词；且商品为裙，文案却写‘睡衣裤’，严重偏离。生动性一般：有‘摩登’、‘浪漫’等词，但未突出复古、亮片等卖点，购买欲弱。自然度中等：有‘<UNK>’错误，但整体通顺，部分描述机械重复（如‘闪耀’重复出现）。
187,<UNK>的这款女士衬衣是纯色的款，但又不似一般的衬衣那般死板和刻板，而是在袖子的处，运用了别样的设计，用精致的珠子作为点缀，不仅丰富了色彩也凸显了整体的设计感；同时前襟也采用了对褶的处理，打造出小立领的造型，将女性优雅的姿态呈现出来；再结合上直筒的版型，呈现出几分随性又显慵懒格调的魅力。而宽松自在的风格与别致的装饰相结合，则展现出个性时髦范儿。,非常素雅的纯色衬衫，宽松版型，穿在身上<UNK>的，有一种不可比拟的仙气。立领设计，打造立体效果，增加层次感，袖子可以翻起来穿，装点你的成熟气质更加显得干练。,类型#上衣*版型#宽松*颜色#纯色*图案#纯色*衣样式#衬衫*衣领型#立领,7.0,文案包含了所有关键词，且描写生动，使用了“别样设计”、“精致珠子”、“对褶”等细节，能激发购买欲望。但存在“复读”现象，即“呈现出...呈现出来”重复，且部分语句稍显冗长，自然度有待提升。
188,这款衬衣采用了经典的圆领设计，时尚大方显得十分优美，而且还能修饰脖颈的线条感。修身的版型则可以很好的勾勒出挺翘的身姿和纤细的小蛮腰，让你在不知不觉中更加苗条高挑。而单排扣的设计十分简单好看，不仅让穿脱更加方便而且也起到了装点的作用，使整体更加有层次感和立体感。下摆采用了独特的开叉设计，彰显女性成熟知性的魅力。,<UNK>气质干练知性的优雅气质，这款衬衫连衣裙当仁不让，精巧的小圆领，气质有型的衬托出柔美的<UNK>，而合体直筒的裙身廓形，彰显出利落之感，同时能够藏起多余的肉肉。搭配直身线条的提花纹理，显瘦的视觉感更是妥妥的。,类型#上衣*版型#显瘦*风格#知性*图案#线条*衣样式#衬衫*衣领型#圆领,5.5,缺失'知性'和'线条'两个关键词，且未体现'显瘦'效果，整体描述偏重细节但忽略了核心卖点。
189,这款是设计师专门<UNK>打造的男装系列单品，以优雅的浅灰色基调作为底色设计，再融入复古时尚的双排扣元素，简约帅气的造型让人过目不忘！采用优质的毛呢面料制作整体服装，上身效果挺阔有型。经典的西装领和翻驳袖口的设计，修饰出男性干练简洁的线条感；黑色的腰带点缀可随意绑在旁边，丰富整体的层次感和协调感！,两款小众的浅灰和珊瑚灰色调，有别于传统黑色西装的沉闷老气，在正式而严肃的干练商务感中凸显一丝轻盈从容的自在风范，却同时保留了大气利落的女性魅力。简约的版型设计，线条干净利落，完美表达极简主义，上身提升精气神更有气场。精致的西装领型，更显独特气质。复古的双排扣，增添丝丝文静书卷气质。,类型#上衣*颜色#黑色*颜色#灰色*颜色#浅灰色*风格#复古*风格#简约*图案#复古*图案#线条*衣样式#西装*衣领型#西装领*衣门襟#双排扣,5.5,准确性（4/10）：缺少颜色#灰色和#浅灰色，图案#复古和#线条，风格#简约，衣门襟#双排扣未明确提及，且商品为女装但文案写男装，与关键词语义不符。生动性（6/10）：有一定描述但缺乏女性魅力、气场等亮点，吸引力不足。自然度（7/10）：语言基本通顺，但存在<UNK>标记，且“翻驳袖口”表述不准确，部分语句略显机械。
190,"春天就穿这条裙子出门，去<UNK><UNK>吧。这款裙子是<UNK>款改良款式,版型好遮肉显高,气质优雅。采用重工刺绣贴布，手工立体花刺绣设计，做工细密精致，非常好看大方凸显品质,非常特别的一件。纯色的点缀工艺更显独特。穿着尽显淑女甜美气息，非常适合春夏来穿搭,简约百搭,减龄又时尚，非常的美感。",名副其实的淑女裙，缤纷的彩绣图案赋予其几丝民族风情，精致且令人惊艳。绣花灵活而生动的装饰上半身，如百花盛放般绚烂，叫人欣赏不够。裙摆则以纯色来演绎，进行简约的碰撞，视觉感浪漫唯美。,类型#裙*颜色#纯色*风格#淑女*风格#简约*图案#纯色*图案#刺绣,6.5,准确性方面，基本覆盖了所有关键词，但存在<UNK>占位符，部分关键词如'纯色'、'刺绣'有体现但不够突出。生动性方面，语言略显平淡，缺少画面感和情感张力，'非常好看大方凸显品质'等表述较为笼统，不如参考文案的'百花盛放般绚烂'生动。自然度方面，句子较通顺，但'非常的美感'用法不当，整体有轻微机械感，像模板填充。
191,经典polo领式样<UNK>翻驳，别致的压褶<UNK>在v形小立袢上，修饰颈部曲线的同时显得脸型更加小巧精致。袖口处的磨边设计给衬衫注入一丝青春活力气息，让整体不再死板，同时流露出浓郁的日系复古气息，配合着门襟处同色系的碎花装饰，平添几分时尚感和少女感。无论是通勤还是约会，都让你显得格外优雅迷人！,这款衬衫采用极具通勤风的polo领设计，甜美的碎花点缀，就是一份精美的艺术品，偏日系风的颜色，天然纯洁无瑕，让肌肤自由呼吸，自然的色彩和翻领的设计为我们的衣身整体增不少<UNK>，绝对是人群中的焦点。立体廓形简洁干净，复古的花纹图案，衬衫前后线条张弛有度。,类型#上衣*风格#通勤*风格#日系*风格#复古*图案#碎花*图案#复古*图案#线条*衣样式#衬衫*衣领型#polo领*衣领型#翻领,7.5,待评测文案基本覆盖了所有关键词，仅遗漏了'复古'和'线条'，但整体自然生动，富有画面感，能激发购买欲。扣分项在于缺少部分关键词和存在一处生造词'翻驳'。
192,此款外套是专为酷宝量身打造的春季户外百搭系列休闲鞋，采用<UNK>c皮革打造，耐磨耐脏性突出，穿着更干爽舒适；简洁大方的一字搭扣与后跟气眼装饰设计，结合侧边精致的品牌logo图案点缀，彰显品牌魅力与活力色彩，凸显孩子的个性与自信。独特的气孔内里，排潮透气性十足，同时融入了防霉科技技术，保持宝宝脚部时刻的干燥与清爽状态。内衬弹性松紧带结合超弹力布，穿着不累脚腕儿；经典百搭的运动小立领设计，增添宝贝俏丽的清新活力感，塑造帅气帅气的街头小时尚；选用柔软亲肤毛圈内里，吸湿排汗性能好，给予舒适的体验；精选上乘马毛加网布材料，手感舒适细腻，具有很好的柔软度穿在身上不会有任何的不适感，带来非凡的品质体验。适合<UNK>到初春的季节穿着搭配。,有别于传统的防晒衣，这款外套兼具实用性和潮酷感。帅气的立领，内置隐形衣帽，可根据造型需要随心变换。衣身简洁清新的英文字母大大丰富细节看点，同时带出街头玩趣感。可调节性直筒衣袖，兼具实用功能性与高街时髦感。衣摆处收弹力橡筋，轻松勾勒出活力运动风尚。,类型#上衣*风格#街头*风格#运动*风格#清新*衣样式#外套*衣领型#立领*衣款式#松紧带,2.0,待评测文案存在严重错误：1. 将外套描述为‘休闲鞋’，商品类型完全错误。2. 部分关键词未体现，如‘运动’‘清新’‘松紧带’等，且‘立领’虽提及但被错误归为‘鞋子’。3. 语言重复（如‘帅气帅气的’）、有死板罗列感，自然度低。准确性极差，整体不符商品要求。
193,一条时尚而又有文艺范的裙子，腰节出装饰系带，勾勒迷人腰部曲线，更显灵动优雅的气质。修身包臀的设计，不仅能够修饰身材比例，让纤细的腿部线条尽情的展露出来，而且更具知性成熟的女人味。整体选色清新的藏青色，既能够突显白皙肤色，又非常衬气质。,这款长款的裙装，可以是小清新的纯情旖旎，可以是闲适悠然的知性文艺。搭配一条腰带也可以拉长身材比例，长度也刚好包裹住大腿中相对较粗的地方，露出修长大腿，展现优雅迷人的气质。符合人体<UNK>，勾勒身体线条，上身显瘦，显精神！,类型#裙*版型#显瘦*风格#文艺*风格#知性*风格#清新*图案#线条*裙款式#腰带,7.0,准确性方面，文案覆盖类型#裙、风格#文艺#知性#清新、图案#线条、裙款式#腰带，但未明确提及‘显瘦’；生动性较好，但‘灵动优雅’‘知性成熟’等词略显常见；自然度通顺，无机械感。整体良好，但未突出显瘦卖点。
194,这是一款采用流苏配饰设计的时尚两件套，穿着尽显优雅的气质感十足。采用优质混纺面料打造而成的连体短裤，具有手感细腻柔软的感觉，让穿着更舒爽自然。在腰部两侧设计流苏装饰处理，在视觉上修身小腹效果，展现你的完美腰肢身姿。,双色纱线掺入金丝混纺而成的粗花呢面料，无论是从颜色还是质感上看，都透露出满满的优雅气息。腰部以及裤脚处浓密的流苏装点，配合裤身双排珍珠扣，为小香风的短裤更添精细美好的小细节。腰腹部做了收省的版型，自然贴合腰部曲线，平腹显瘦的效果显著，配合逐渐变宽的裤脚，衬得双腿更为纤细，上身轻松穿出大长腿即视感。,类型#裤*版型#显瘦*材质#混纺*裤长#短裤*裤款式#流苏,5.5,准确性：遗漏了'裤长#短裤'、'裤款式#流苏'（未突出短裤和流苏作为裤装款式，而是误说成'连体短裤'和'两侧流苏'），且关键词'版型#显瘦'未充分体现；生动性：语言较平淡，缺乏细节和画面感，购买欲望一般；自然度：基本通顺，但有些表达如'气质感十足'略显生硬。
195,运动风款式的背心连衣裙设计而成，采用清新的粉色条纹点缀，能够完美的展现出女性的甜美可爱气质。选用柔软的面料与轻薄的设计手法，不仅透气排汗而且十分方便穿脱。经典的圆领设计，修饰的颈部肌肤更加优美动人。简洁的白色丝绒腰带打造九分的长度样式，搭配一款休闲的长裤就能够轻松穿搭出来。衣边使用白条进行拼接装饰，细节处的设计能够完美的拉伸腿部线条更显高挑与优雅。,粉色丝绒面料制成的一条运动风格的休闲长裤，不过是九分的裤长设计，上身穿着可以露出纤细的脚踝，而且帮助你拉长腿部线条。因为是丝绒，而且用了清新少女的粉色，散发出好看的光泽感。侧面是白色的竖条纹进行拼接，丰富整体层次感，张扬出穿搭的青春活力。,类型#裤*材质#丝绒*颜色#白色*颜色#粉色*风格#运动*风格#休闲*风格#清新*图案#条纹*图案#线条*裤长#九分裤*裤长#长裤*裤款式#拼接,4.0,准确性差：遗漏了关键词“粉色”、“丝绒”、“拼接”、“九分裤”（提到了九分长度但未明确裤子）、“长裤”（提到休闲长裤但非主要描述对象），并出现了不属于关键词的“背心连衣裙”、“圆领”等。生动性不足：描述重点偏离商品，削弱购买欲望。自然度较低：存在复读（如多次提及拉伸腿部线条）和机械感，前后逻辑不连贯。
196,一款颇具小仙女形象的纱裙，有着轻盈飘逸的质感，不规则的裙摆设计增添了不少随性率真，穿着时腰间和后背上可以系上一个精致的蝴蝶结，甜美中自带满满的趣味感。腰部两侧有收紧处理，打造柔美的小公主形象。,度假味道浓浓的不规则上衣，马上让人想<UNK>夏威夷<UNK>，肩头的蝴蝶结俏皮可爱，两件套的设计弥补了细节单调的缺憾。单穿搭配打底裤，随风流动的飘逸裙摆，自然流露出女人味。,类型#裙*图案#蝴蝶结*裙款式#不规则,8.0,准确性方面，文案涵盖了类型#裙（纱裙）、图案#蝴蝶结（精致的蝴蝶结）和裙款式#不规则（不规则的裙摆），但未明确提及‘不规则上衣’，整体符合关键词要求。生动性较好，使用‘小仙女形象’‘轻盈飘逸’‘随性率真’等词汇，富有画面感和吸引力，能激发购买欲望。自然度高，语句通顺流畅，无机械感。但部分描述（如‘腰间和后背上可以系上’）略显冗余，且‘趣味感’改为‘俏皮感’可能更佳，综合打8分。
197,这款睡衣采用经典的蓝白细条纹图案设计，简单清新，时尚百搭；领口和袖口的甜美可爱的小兔子装饰，俏皮又减龄；不规则的裙摆，优雅大方展现迷人魅力；腰部带有蝴蝶结系带，凸显曼妙身姿；下摆侧边的可拆卸流苏，让你轻松展现随性洒脱的个性气质。,上半身的大蝴蝶结设计，为你的可爱加分，蝴蝶结的可随意性，使你有更多的搭配方式，不再<UNK>一种；3d立体的剪裁方式，保证裙子贴合每个人的曲线，凸显你的小蛮腰；下裙的不规则剪裁，使你不缺乏灵动<UNK>个性十足。,类型#裙*图案#蝴蝶结*裙款式#不规则,3.5,准确性差：缺少关键词'蝴蝶结'（虽有蝴蝶结系带但未强调图案）、'不规则'（虽提到'不规则的裙摆'但未突出核心卖点）且关键词匹配错误（类型为裙而非睡衣，图案为蝴蝶结而非条纹和小兔子）。生动性一般：有一定描述但未突出商品特色。自然度较低：描述与关键词不符，文案整体与商品不匹配。
198,<UNK>，没有一款好的裙子当然也是不行的！这款连衣裙采用了大红色的格调设计，既显得十分的气质，又能很好的衬托皮肤白皙呢！衣身上的波点装点也很是精致，非常的吸睛亮眼！松紧收腰的版型设计，勾勒出女人曼妙身材比例以及性感的曲线，彰显优雅女人味~中长款设计能很好的展现大长腿！,"这款连衣裙本身就有十足的独特风韵。腰部收腰的版型设计,完美修饰<UNK>比例,打造性感的女性风采。独特的波点花纹设计,将衣身的独特魅力演绎的淋漓尽致。中长款的适度衣身，给与足够的舒适度。下摆的廓型设计，自然的流露了一种公主版的古典优雅气质。给您十足的穿衣享受。",类型#裙*风格#性感*图案#波点*裙长#连衣裙*裙衣长#中长款*裙款式#收腰,6.5,准确性方面，未使用“复古”关键词，且“大红色”不在原关键词中；生动性较好，有情绪引导和画面感；自然度一般，部分语句略显生硬，如“没有一款好裙子当然也不行”。整体尚可但不够精准。
199,<UNK>这款圆领沙滩裙采用经典时尚的蓝底白花设计，深蓝色的花朵用浅色线条勾勒出来展现立体层次感尽显优雅格调。裙身采用独特的花卉元素图案印花，在阳光的照耀下熠熠生辉夺人眼球。腰部裁剪成中腰样式，与松紧收束的腰部设计相拼接形成荷叶摆造型褶皱，遮掩腹部赘肉修饰身材轮廓。后背系扣式开合方便日常穿脱又不会影响美观。精致的圆领开口凸显精致锁骨和天鹅颈。简约利落的版型的做工尽显时尚摩登的风采。,精致的植物印花设计，以深蓝色为底，再加上红白的植物印花布满裙身，上身效果非常好，突显出女性的知性美。时尚简约的圆领，修饰纤细柔美的颈部线条，同时衬托的脸型更显娇小，彰显自信优雅的女性气质。舒适的中腰款式，恰到好处的褶皱处理，和不漏痕迹的拼接，呈现出曼妙窈窕的女性身姿。,类型#裙*颜色#深蓝色*风格#简约*图案#植物*图案#线条*图案#印花*裙腰型#中腰*裙领型#圆领*裙款式#拼接*裙款式#抽褶,8.0,1.准确性：缺少'深蓝色'、'线条'和'植物'关键词（仅有'花朵'）；其他关键词完整。2.生动性：使用'熠熠生辉'、'夺人眼球'等词汇，较有吸引力。3.自然度：整体通顺，但'<UNK>'为异常标记，且最后一句'简约利落的版型的做工'有语法问题。综合扣分约2分。
200,这款廓形的呢子外套整体给人一种舒适轻柔的视觉效果。表面光滑细腻质感十足，时尚又具有层次感，看起来很有腔调。运用撞色的设计丰富了细节看点，充满活力气息又不失优雅和帅气的感觉。搭配上拼接的丝绒面料，更添复古的味道，显得时尚百搭。在春季的时候穿可以搭配一条棒球领的上衣或运动风的上衣就非常合适了。出门的时候选择一双小白鞋或<UNK>板鞋就很不错哦。,非常运动的一款丝绒拼接外套，无论是可竖可翻的领口，还是蓝白的撞色，都轻松的打造出青春活力的运动风尚。不仅带来出挑的视觉效果，还可以为你增添时尚的氛围。尤其是拼接的丝绒面料，不仅仅是崇尚复古的情调，更容易彰显出穿衣者的高尚格调，在运动中彰显格调的非凡。,类型#上衣*材质#丝绒*风格#复古*风格#运动*图案#复古*图案#撞色*衣样式#外套*衣款式#拼接,6.5,准确性：未包含全部关键词，缺少'运动'风格，且误用'呢子'面料；生动性：语言较平淡，缺乏购买冲动；自然度：通顺但略显模板化，有'<UNK>'乱码。
201,很有潮流气息的一款短外套，精选优质的面料面料使得穿着更加的舒适和方便，采用短款的修身设计，勾勒出纤细迷人的腰身曲线，轻松打造出高挑健美的身材。条纹的设计，打破沉闷更有设计感，时尚又美观。作为内搭选择性很强，可以搭配半身或者连衣裙，尽显女性的迷人气质更优雅。微微露肩的感觉展现肩部的小性感，彰显别样优雅的女人味儿。,这款连衣裙短款设计，加上修身的款式显瘦显腿长。红白蓝的配色经典时尚，配合条纹更衬潮流气息，腰间结饰装饰，精致俏皮，小小露腰更添小性感。,类型#裙*版型#显瘦*风格#潮*风格#性感*图案#条纹*裙长#连衣裙*裙衣长#短款,6.0,准确性：描述的是‘短外套’，而非商品关键词中的‘连衣裙’，完全偏离商品类型。漏掉‘性感’关键词，且多数关键词未准确体现。生动性：语言有一定生动性，但描述内容与商品不符，难以激发对连衣裙的购买欲。自然度：部分语句通顺，但有轻微重复（如‘面料的面料’），整体机械感不强，但内容错误影响评价。
202,白衬衫的设计是永不过时的经典单品之一。这款白色的衬衫采用了轻薄的落肩袖，结合了直筒的廓形剪裁，呈现出干净利落的质感，能够带来较为优雅清爽的气质感。而领口的v字开口搭配上微透性的蕾丝拼接装饰，则打破了传统衬衫呆板的风格，带来一丝小性感的味道。再加上袖口微微收紧的细节点缀，让手臂的轮廓看起来纤细一些，从而显得身姿更为窈窕婀娜。下摆采用比较宽松的开叉和圆弧<UNK>，更加凸显随性与自由感。,以白色为主体色调的衬衣本身看起来就充斥着几分温油又淡雅的味道，更能轻松带出实穿性与<UNK>。偏宽松的版型设计配合落肩袖型的设计可以修饰肩部曲线，而且还能勾勒出慵懒随性范儿，对于微胖的小仙女也是敲友好的选择。蕾丝拼接的袖子设计可以增加灵动韵味，也能轻松勾勒出性感的女人味精致。,类型#上衣*版型#宽松*材质#蕾丝*颜色#白色*风格#性感*图案#蕾丝*衣样式#衬衫*衣袖型#落肩袖*衣款式#拼接,8.3,关键词基本覆盖，仅未明确提‘宽松版型’但隐含了；语言生动有购买欲，但略有堆砌感；自然度较好，无明显机械感，但略显啰嗦。
203,甜美的公主风让每个女孩难以抗拒，精致小巧的镂空系带领造型简洁利落，衬托出颈部优雅迷人的线条，胸前的立体褶裥设计丰富视觉观感；甜美俏皮的泡泡袖上身显得整个人<UNK>有活力和气质，松垮的设计，不紧身也不露肉，起到修饰身形的作用。腰侧两边设有收腰织带，可以随心控制宽松程度，后片隐约露出柔美精致的蕾丝元素，浪漫甜美，粉嫩的少女气息扑面而来。裙摆双层荷叶边打造出蓬松造型，遮掩下半身的缺点和不完美，修身显高挑。飘逸自然的下摆行走时更显浪漫灵动之感。,充满小女人风韵的粉色打造而成的裙身带着一些纯洁甜美的感觉扑面而来。全身上精致的蕾丝镂空提花，又一种美轮美奂的艺术感，也散发出了十分柔美的感觉。宽松的泡泡袖口若隐若现之间显露出白皙的肌肤，同时也修饰了手臂的线条，更显纤细。腰间的松紧收腰轻松显瘦，让裙摆呈现出一种仙气满满的感觉，婆娑摇曳之间展现雅致风范。,类型#裙*版型#宽松*版型#显瘦*材质#蕾丝*颜色#粉色*图案#线条*图案#蕾丝*裙袖型#泡泡袖*裙款式#勾花镂空*裙款式#收腰,7.5,文案覆盖了大部分关键词，但缺少'蕾丝'和'线条'的明确提及，略显不足。语言生动，使用了'甜美俏皮''浪漫灵动'等词语，能激发购买欲。整体通顺，但存在一处'<UNK>'未知符号影响流畅度，稍有机械感。准确性扣分因漏掉关键词，自然度扣分因符号问题，综合得分7.5。
204,花卉的图案点缀在裙身上，使得整款设计散发出浪漫的气息，为小公主营造优雅而甜美的气质，尽显俏皮与可爱的一面。腰身的贴布以及袖口的<UNK>形成对比，起到丰富层次感的效果，让裙子整体富有层次感和立体感，而荷叶边的装饰又增添了裙子的灵动气息，带来灵动的即视感，衬托出活泼可爱的形象。细腻平整的走线整齐工整，修饰出优美的线条感，让造型更具艺术情调，展现出宝贝特有的文艺范儿与淑女风。,轻薄柔软的面料辅以植物花卉印花元素，碰撞出时髦与文艺气息。甜美的荷叶边俏皮可爱又不失淑女韵味，露腰的版型刚好秀<UNK><UNK>位置，释放优美的线条，体现女性优雅魅力。,类型#裙*风格#淑女*风格#文艺*图案#植物*图案#线条*图案#印花*裙下摆#荷叶边,8.4,准确性：完整包含了所有关键词，没有遗漏。生动性：运用了‘浪漫气息’、‘优雅而甜美’、‘灵动气息’等表达，能激发购买欲望，但‘小公主’、‘宝贝’等词稍显幼稚，可能影响部分消费者。自然度：整体通顺，无明显复读或机械感，但逻辑链条可进一步优化。
205,"春的气息是明媚的温柔，清新的<UNK>粉色调让姑娘们更加浪漫甜美。这一款衬衫，圆领设计衬托的脸庞更减龄哦。袖子部分有着刺绣点缀其中，复古文艺感满满；灯笼袖造型优雅大方，更显手臂纤细瘦美。<UNK><UNK>的棉质面料上身柔软舒适,垂坠感的质地更是好穿百搭。落肩袖版型小可爱，加上短款的剪裁更显大长腿。",这款衬衣选用纯棉的面料手感柔软，上身穿着透气亲肤。精致的圆领，勾勒锁骨线条美，突显女性柔美的气质。两侧肩部花朵刺绣点缀，散发出清新文艺气息。落肩灯笼袖，藏肉又不失个性，举手投足之间，尽显女性甜美优雅的复古气质。衣身短款的设计，在视觉上提高腰线，优化身材的比例，让你轻松穿出曼妙身姿。,类型#上衣*材质#棉*风格#复古*风格#文艺*风格#清新*图案#复古*图案#刺绣*衣样式#衬衫*衣领型#圆领*衣长#短款*衣袖型#落肩袖*衣袖型#灯笼袖,6.5,准确性方面，文案覆盖了大部分关键词，但未提及'纯棉'和'镂空'（原关键词无'镂空'，实际遗漏了'圆领'已提及、'短款'有、'落肩袖'有、'灯笼袖'有、'刺绣'有、'棉'有，但未明确'纯棉'，且出现<UNK>代表未知词，准确性有损。生动性较好，使用了'明媚的温柔''浪漫甜美'等描写，但部分表达较常见，购买欲中等。自然度一般，开头'春的气息'引入自然，但出现两个<UNK>影响通顺度，且'落肩袖版型小可爱'稍显刻意，整体有轻微机械感。综合打分6.5分。
206,这件衬衣裙由气质感满满的白色马夹搭配优雅的白底小印花连衣裙组成。白衬衣设计简洁大方，肩线与领口的木耳花边修饰颈部与肩部柔美曲线。抽绳绑带装饰裙身，结合甜美的荷叶花边下摆装饰，营造出丰富的层次效果。内搭的无袖背心同样选用素雅的小裙摆和荷叶边的造型，尽显甜美淑女的气质。胸前的立体贴袋丰富了衣身的细节看点。下装是修身的白色中长款，贴合身材的线条，能够很好的展现女性纤细的身姿。前襟采用双层细褶修饰，在轻盈飘逸的同时，也增添了几分温婉。,以清浅的白色调来演绎的一款无袖马甲衬衫，袖口处以垂直至下摆的荷叶边点缀而成，修饰整体繁复精致的细节感，同时增添甜美淑女的韵味。领口处采用抽绳绑带的设计，可自主选择收紧，进而营造成甜美细碎的木耳边廓形，也可自然平铺修饰脖颈线条，设计贴心实用。,类型#上衣*颜色#白色*风格#淑女*图案#线条*衣样式#衬衫*衣样式#马甲*衣袖长#无袖*衣款式#绑带*衣款式#抽绳*衣款式#木耳边*衣款式#荷叶边,5.0,准确性不足：文案中出现了‘衬衣裙’、‘连衣裙’、‘中长款’等，与关键词‘衬衫’、‘马甲’不符；缺少关键词‘线条’；‘马夹’与‘马甲’同义，但‘抽绳绑带’描述不准确。生动性一般：部分描述如‘气质感满满’、‘素雅’较空泛，但‘结合甜美的荷叶花边’等尚可。自然度中等：有重复（‘甜美’出现多次），‘内搭的无袖背心’与整体描述不符，存在机械感。
207,这款BRAND修身吊带的连衣裙有着独特的裁剪设计，肩颈处采用的是性感的v型领口加上镂空的裁剪处理更让人爱不释手。整体的蓝色色调设计给人带来小清新的感觉，腰部有着精致优雅的织带点缀，收腰效果也是极好，在视觉上更显得纤细婀娜。松紧带的袖子使整体更加的随意文艺时尚的同时还十分方便脱卸。,这款连衣裙采用纯净的蓝色调，集清新与文艺为一体，让你轻松穿出别致风情。落肩的设计，显瘦之余更将性感撩人的气质展现出来。松紧带收腰设计，轻松勾勒出你曼妙的身姿让人眼前一亮。衣身胸口及裙摆，做了镂空的设计，别致又新颖，炒鸡美腻噢。,类型#裙*版型#显瘦*颜色#蓝色*风格#文艺*风格#清新*风格#性感*裙长#连衣裙*裙款式#勾花镂空*裙款式#松紧带*裙款式#收腰,5.5,准确性不足：未包含'勾花镂空'、'松紧带'（实际有松紧带袖子，但描述为'松紧带的袖子'，未明确提及'松紧带'作为裙款式，且遗漏'勾花'，仅提到'镂空'），且类型为'吊带连衣裙'但关键词为'连衣裙'，版型'显瘦'未直接提及，风格'性感'、'清新'、'文艺'基本覆盖。生动性尚可：有'爱不释手'、'纤细婀娜'等表达，但'脱卸'一词不自然。自然度较差：'BRAND'未替换为具体品牌，'脱卸'用词生硬，'使整体更加的随意文艺时尚'句式冗长。
208,这款连衣裙非常的大气，采用精致的提花面料，手感舒适柔软，穿在身上富有气质；腰部的<UNK>设计，突出腰腹曲线，显得身材十分的好；宽松的廓形结合利落的剪裁凸显优雅的身姿，加上腰部和领口的压褶处理为裙身增加层次感和立体感，尽显女性纤细而柔和的身材，凸显女性的文艺风范。,将娇甜可人的粉，与洋气热烈的大红完美碰撞，便将连衣裙突兀的视觉冲击感带出来了，一下子就捕获了别人的聚焦视线；前襟特意打造的压褶细节感很强，配合清雅脱俗的提花装点，瞬间将潜在的女性柔情通通展现；富有包容性的宽松廓形，让身材稍胖的妹纸，也能穿出苗条的感觉，行走间文艺气质十足。,类型#裙*版型#宽松*风格#文艺*裙下摆#压褶*裙长#连衣裙,7.5,准确性方面，包含了大部分关键词，但缺少'风格#文艺'和'裙下摆#压褶'，'宽松'和'压褶'有提及但位置不一致；生动性方面，语言有一定吸引力，但缺少像参考答案中'碰撞'、'捕获聚焦视线'等生动表达，购买欲望一般；自然度方面，较通顺，但'腰部的<UNK>设计'有错误标记，整体略有机械感。
209,这款长袖衬衣采用了经典的小立领设计，能够显得精神十足尽显时尚气质。搭配上同是蓝白色的长袖子口缝线缝边，打破了纯色的单一感增添了一抹色彩，更加美观。门襟的一字假纽扣装饰丰富了整体的设计元素，也增加了一些复古风让衬衫更加有文艺韵味。下摆采用的是修身版形，简约大气不显单调更显身材，袖口的蓝白色撞色贴布又为整款衬衫增加了亮眼之处让人过目不忘。,这款衬衣区别于一般的纯色长袖衬衫，这款衬衫采用撞色压线设计，使得衬衫简约而不失优雅。领口采用了经典的小立领设计，搭配撞线点缀时尚简约又十分抓人眼球，袖口处的纽扣点缀，给人一种别致的文艺气质。衬衣下摆巧妙的贴合体型并且修饰腰腹部，穿着舒适又显瘦。,类型#上衣*版型#显瘦*颜色#纯色*风格#文艺*风格#简约*图案#纯色*图案#撞色*衣样式#衬衫*衣领型#小立领*衣袖长#长袖*衣款式#纽扣,7.0,文案基本覆盖了所有关键词，准确性较好；但‘长袖子口缝线缝边’表述不够自然，且‘一字假纽扣’与关键词‘衣款式#纽扣’对应但描述稍显重复。生动性方面，使用‘打破单一感’、‘增添复古风’等表达有一定吸引力，但整体略显机械，个别句子过长。与参考答案相比，风格相似但细节处理稍逊。综合评分7分。
210,这款西装裤最大的亮点在于面料的设计上，采用优质的真丝面料打造而成，触感细腻有质感上身效果极佳，时尚又吸晴；修身的七分剪裁设计勾勒纤细小腿的同时将双腿显得更加的笔直有气场，让你展现魅力身姿，在视觉上拉伸了腿部的曲线感。另外，裤脚点缀着网纱更是新潮不失优雅。,以优雅的的两件套设计，拥有丰富的<UNK>感，打造时髦新潮的款式。飘逸的系带网纱设计，散发仙气十足的气息，塑造仙女的气质。修身显瘦的七分裤设计，凸显出傲人的身材，整体设计别具摩登感。,类型#裤*版型#显瘦*材质#网纱*风格#潮*裤长#七分裤*裤款式#纱网,7.0,准确性：未包含“网纱”作为主要面料，但提到了裤脚网纱；缺少“潮”风格描述。生动性：有视觉和触觉描述，但“时尚又吸晴”等表述较笼统。自然度：整体通顺，但“笔直有气场”略感生硬。关键词覆盖不全，建议突出网纱和潮感。
211,经典的红唇装饰，个性时尚的酒红色，穿在身上显甜美优雅，又带着小小的俏皮感；裤脚微喇版型的设计，与上衣的款式形成呼应，让你穿着起来特别舒适修身；精选的面料柔韧舒适，手感细腻滑爽不粘毛垂坠性好。红唇图案点缀着整个衣身，打破了纯色的沉闷与单调，充满趣味与活力气息；加上复古的大喇叭袖子设计，举手投足之间尽显迷人魅力。,<UNK><UNK>基底色进行设计，少了大红色的张扬，偏暗的色调更加内敛、大气，尽显洋气的复古气息。衣身立体式的裁剪，呈现原始的流畅线条美；裤身正中的折痕，避免纯色的单一，与微喇叭的裤脚相呼应，上身带来显高显瘦的视觉效果。,类型#裤*版型#显瘦*颜色#红色*颜色#纯色*颜色#酒红色*风格#复古*图案#纯色*图案#复古*裤口#微喇裤,4.0,1. 准确性不足：遗漏关键词「显瘦」「复古（描写方向错误）」「纯色」，且将「微喇裤」写成「微喇版型」但未聚焦裤脚，额外出现非关键词「红唇装饰」「大喇叭袖子」等。2. 生动性一般：虽有修饰词但未突出显瘦、复古核心卖点，描述偏离参考。3. 自然度较差：多处逻辑跳跃，如「红唇装饰」与「微喇版型」无关联，「大喇叭袖子」明显错误（商品为裤装），整体机械感强。
212,简洁的半高圆领设计，贴合颈部线条，修饰脸部小巧迷人；胸前个性logo贴布装饰与身侧个性网眼印花相搭配增添时尚感设计。简约的斜插兜设计，便于放置随身小物件，美观又实用.优雅的袖口拼接设计，尽显个性魅力，整体线条流畅柔和！a字型的版型结合裙身的自然开衩设计，拉伸腿部比例更显纤长，凸显完美的身材曲线。<UNK>的织面，细腻的质感和舒适的面料给人带来良好的亲肤体验使得面料很有分量穿着显得很温馨，有气质。适合各种身材妹纸们穿搭的一款针织背心连衣裙，在夏天单穿也是很好的选择。,它是针织上衣与印花裙拼接组合的连衣裙。圆领的设计简约大方，修饰漂亮脸型，凸显优美颈部线条，显优雅温婉气质。裙子采用可调节式肩带设计，高矮胖瘦身型都可轻松驾驭，开叉下摆让行走更轻松自如。,类型#裙*材质#针织*风格#简约*图案#线条*图案#印花*裙下摆#开叉*裙长#连衣裙*裙领型#圆领*裙款式#拼接,6.0,准确性不足：漏掉了'针织'、'拼接'、'线条'等关键词，且错误添加了'背心连衣裙'（应为'连衣裙'）。生动性一般：部分描述有吸引力，但如'<UNK>'和'织面'等词不准确，且'有份量'、'温馨'等用词不当。自然度较低：存在语病（如'修饰脸部小巧迷人'）、重复（'时尚感设计'）和机械感（'妹纸们'、'单穿也是很好的选择'等）。整体需修正关键词和润色语言。
213,这款连衣裙采用了翻领西装的小设计，凸显出女性的自信与干练；腰部采用松紧收腰的设计可以起到塑造身体曲线的效果，凸显女性的纤细曼妙身形；后背的打褶设计，让整个裙子看起来更有层次感，不会给人以过于单调的感觉。再加上下摆开叉的造型，展露出女性优美的腿部线条。,为优雅女性量身打造的收腰连衣裙，融合了经典的西装翻领，颇有些毫不费力的法式BRAND。收腰扣带装饰强调曼妙的腰肢曲线，也在无形中拉长腿部线条，衣身的褶皱肌理是点睛之笔，给行走间灵动的裙摆带来更多张力<UNK>动感。,类型#上衣*图案#线条*衣样式#西装*衣领型#翻领*衣款式#抽褶*衣款式#收腰,7.5,文案准确包含了所有关键词，如翻领、西装、收腰、打褶等；语言较具体且有一定吸引力，但缺乏参考答案中的法式优雅氛围和感染力，稍显平实；语句通顺自然，无明显重复或机械感。
214,这款男士的圆领宽松棒球服采用的是纯棉面料，柔软舒适。加上橘红色的色泽非常醒目，上身很显精神。经典的棒球服设计干净利落，显得随性慵懒。衣身上的大贴袋美观又实用。袖臂还有个撞色的logo很有个性，卡其色的内胆可以防止走光。百搭的时尚款型彰显了现代都市男人的悠闲浪漫。,拥有对美好生活的愿景注入设计的品牌徐洛淇，此番汲取棒球服的设计理念始终贯穿整体衣身；通过经典圆领款式，结合利落的宽松版型，进一步提升整体的休闲随性氛围；透过撞色的圆圈标志缀于胸前，完全吻合棒球服的底蕴；搭配一条卡其色的休闲哈伦裤，轻松在<UNK>上驰骋。,类型#上衣*版型#宽松*颜色#卡其色*风格#休闲*图案#撞色*衣样式#棒球服*衣领型#圆领,7.0,准确性较高，包含了所有关键词（类型上衣、版型宽松、颜色卡其色、风格休闲、图案撞色、衣样式棒球服、衣领型圆领），但卡其色内胆描述有歧义。生动性一般，有一定画面感和购买欲，橘红色与卡其色不一致，且‘防止走光’略显突兀。自然度较好，通顺无复读，但‘百搭的时尚款型’等表述稍显模板化。
215,这款裤子的腰身采用高弹松紧的设计，穿着舒适自如。配上可调节抽带设计，让穿搭更随心更加轻松便捷。<UNK>纽扣结合同色系本布包覆门襟，为整体增添质感，同时也起到开合的作用。后<UNK>有翻盖口袋装饰，丰富了层次感的同时使造型更加的立体有型。前侧的插袋以顺滑面料形成，增加了裤子本身的功能性，置物更方便。同时采用收省设计，使臀部线条更加的立体时尚。选用合宜剪裁的直筒裤型设计，凸显修长的双腿和挺括的身姿。,采用腰部的纽扣造型设计，让我们穿脱更加的方便。直筒裤的剪裁设计，更好的修饰腿部线条感。衣身两侧的口袋，更方便我们收纳物品。选用的面料舒适。,类型#裤*图案#线条*裤型#直筒裤*裤款式#口袋*裤款式#纽扣,7.0,待评测文案准确包含了所有关键词（纽扣、口袋、直筒裤），但在生动性上，虽然描述详细，但部分表述如“收省设计”可能对普通消费者不够直观，且存在<UNK>占位符影响自然度。整体语言较流畅，但略显冗长，缺乏参考答案的简洁吸引力。
216,非常宽松的一款休闲裤，采用阔腿的直筒样式，加上立体的压褶装饰，不仅能够帮助修饰身材曲线还带来满满的灵动感。采用经典的高腰设计，上身更加的舒适挺括并且能显腿长，穿上之后更加立体有造型哦。纯色的设计没有多余的点缀元素，非常的简单大方利落。整体上非常的干净利索大气，视觉上更是十分显瘦呢。,这款阔腿裤做了一个纯色的设计，平时搭配起来更加的百搭，不会挑剔任何风格，都可以穿出不错的质感。宽松的直筒裤版型，对于身材的包容性<UNK>，穿着起来也会更加的舒适。显得腿部笔直的同时也更加显瘦，高腰的设计更能提高腰线的位置，更加显腿长。,类型#裤*版型#宽松*版型#显瘦*颜色#纯色*图案#纯色*裤型#直筒裤*裤型#阔腿裤*裤腰型#高腰,8.5,准确覆盖大部分关键词，语言生动有吸引力，自然度高。扣分点：未明确提及‘版型#宽松’和‘图案#纯色’，但隐含在描述中。
217,这款来自<UNK><UNK>的儿童时尚小衬衣，采用优质舒适亲肤面料制作而成。纯色的版型设计更符合孩子的需求，经典的一粒扣领口造型美观大气，而个性拉链门襟设计穿脱方便，胸前两个小口袋方便实用，可放些小物品。而个性的飘带加持显得个性十足，可以自己系个甜美的蝴蝶结。,甄选质感细腻真丝面料的这件衬衫，虽是纯色的配色，但其融入蝴蝶结飘带之后的它，整体气质可是提升了不少。而后又以皎洁珍珠点缀蝴蝶结，如此更体现出优雅和轻奢，轻松告别普通款的沉闷。而无论是一粒扣袖口还是后领拉链设计，都是为了让衬衫更方便穿脱一些。,类型#上衣*颜色#纯色*图案#纯色*图案#蝴蝶结*衣样式#衬衫*衣门襟#拉链*衣门襟#一粒扣*衣款式#拉链*衣款式#飘带,4.0,文案包含部分关键词，但缺少'蝴蝶结'，且'拉链'和'飘带'描述不准确；语言较平淡，未突出购买欲望；存在UNK符号和个别语句不通顺，机械感较强。
218,BRAND这款<UNK>侧缝字母连体套选用黑色基调渲染，辅以两侧的立体斜插贴布口袋增添实用性；其舒适弹力的宽松腰部结合可调节抽绳设计，贴合腰部轮廓并带来无拘束穿着体验；再搭配独特的袖子处单侧开襟设计，丰富整体造型并且尽显别致感；加上后幅的单边大贴袋装饰，提升整体的视觉亮点；再加以九分收口的收腿剪裁和下摆处的彩色胶印拼接点缀，演绎不凡的时尚魅力。,黑色的九分运动裤，宽松的版型，让腿部活动自如，毫无束缚感。九分裤的设计搭配束脚。上身更显挺括感，松紧腰搭配抽绳的设计穿脱方便，两侧的口袋。<UNK>零钱小物，实用方便，裤腿的个性拼接字母丰富了，裤子的设计与层次感使之不再单调。,类型#裤*版型#宽松*颜色#黑色*图案#字母*图案#文字*裤长#九分裤*裤款式#拼接*裤款式#口袋*裤款式#抽绳*裤腰型#松紧腰*裤口#小脚,5.0,准确性差：待评测文案未提及‘九分裤’、‘小脚’（九分收口是，但未明确小脚）、‘口袋’（提到斜插贴袋，但未明确关键词中的口袋），且出现了错误描述如‘袖子处单侧开襟’（裤子不应有袖子）和‘后幅单边大贴袋’（未在关键词中）。生动性一般：虽有细节但部分描述不准确导致可信度低。自然度尚可，但存在机械复读如‘单边大贴袋’重复‘单侧开襟’。整体扣分严重。
219,来自品牌BRAND的最新设计款，此款外套以明艳大气的红色为主打色彩，极具现代时尚气息的同时，又凸显出独特的少女感与朝气蓬勃的活力范儿。同时修身的剪裁将你的窈窕身姿展现得淋漓尽致，更添魅力气场之外。腰部的绑带造型颇具复古摩登风，一秒让你的气质爆棚。采用高品质面料，舒适质感好，垂坠性强，穿着挺括有型。简约百搭的风格可以轻松打造不同的韵味。让你变身靓丽的青春甜心。,袖口绑带元素和大红色的外套合并在一起穿上它又是一个活脱脱的时髦<UNK>！营造出帅气又甜美的时髦气息。这款外套是春秋的款哦~适合现在的天气穿，简约的版型复古潮范，洋溢着青春的活力气息，重点是显高显瘦，便于展现迷人大长腿。面料很柔软舒适，怎么搭配着穿都很舒服。,类型#上衣*版型#显瘦*颜色#红色*风格#复古*风格#简约*风格#青春*图案#复古*衣样式#外套*衣款式#绑带,9.0,待评测文案准确覆盖了所有关键词，语言生动形象，富有吸引力，自然流畅无明显机械感。
220,"纯色的色调有着沉静的商务气息，再融入黑色的领尖、前襟与袖口缀饰撞色拼接的设计，使得整件polo衫兼具了干练和精致的一面。半高翻领呈现出经典的经典美式风，而胸前趣味十足的<UNK>图案刺绣印花则带来了活力满满的休闲魅力,让纯色不再单一无趣。略微宽松的廓形对身材没有什么限制感，适合不同的搭配造型。",ralphlauren休闲polo衫，黑色彰显稳重感。肩部与侧身撞色拼接，显示出独特巧妙。打破纯色的沉闷，时髦感立显。胸前商标图案印花，别致生动，极富吸引力。翻领设计，气质出众。领口的系扣设计，穿脱更方便。宽松的版型，穿着随意放松，优雅不失风度。,类型#上衣*版型#宽松*颜色#黑色*颜色#纯色*风格#休闲*图案#纯色*图案#印花*图案#撞色*衣样式#polo*衣领型#翻领*衣款式#拼接,7.0,准确性方面，文案基本覆盖了所有关键词，但缺少了‘宽松’和‘图案’的明确提及。生动性上，语言有一定吸引力，但‘干练和精致’、‘经典美式风’等表述略显平淡，买点不够突出。自然度较好，但‘<UNK>’出现未处理符号，影响阅读流畅。综合评为7分。
221,纯白色的衣身色调明亮大方，加上腰间的深蓝色调腰带点缀，打破了视觉上的单调和沉闷感，尽显一丝清新甜美风味道。经典的polo领口以条纹为设计元素，衬托脖子更加纤细修长，短袖的剪裁舒适透气而且还能修饰手臂。胸前采用了简单的<UNK>印花点缀，增加了层次感且富有时尚个性的感觉。微收的下摆与肩部相呼应，让原本比较宽松的廓形连衣裙变得更为挺括有型。精选全棉的面料质地柔软亲肤不刺激，穿着起来更感轻便自在。,白色和灰蓝色竖条纹连衣裙，非常清新<UNK>，恰到好处的宽松短袖，很好的遮盖粗壮手臂。可调节同色系腰带装饰，凸显腰身柔美曲线。趣味印花图案贴布装饰，打破单调沉闷，俏皮可爱。纯棉亲肤面料，穿着挺括有型又不失柔软感。所以穿在身上显得很有青春活力。,类型#裙*版型#宽松*材质#棉*颜色#白色*颜色#蓝色*风格#清新*图案#条纹*图案#印花*裙长#连衣裙*裙袖长#短袖*裙款式#腰带,6.5,准确性方面，关键词基本覆盖，但缺失'蓝色'和'印花'的具体描述，且'印花'仅提及<UNK>；生动性尚可，但缺乏精确描述手臂修饰效果和趣味性；自然度较高，但存在<UNK>占位符影响流畅度。
222,"这款以优质聚酯纤维、氨纶制成的高支面料制作<UNK>，手感滑爽细腻，挺括耐磨，不易起皱褪色。加上它采用的经典暗纹工艺，不仅使面料具有艺术美感，也极具实穿属性，凸显穿着者文艺休闲气质形象；而绿色设计，既符合大众视野需求,又能轻松hold住多种场景需求，同时让你在人群中脱颖而出。如此这般一款休闲风西装，无论你作为正装或日常上班装，都是不二之选。",BRAND这款西装采用绿色的主调进行渲染，营造出休闲文艺的氛围；整体甄选聚酯纤维面料打造，不具有延展性，不会变形，并持久保持其平整度；再加以经典的平驳领裁剪及双扣设计，彰显出儒雅绅士的风范；辅以背部下摆开叉处理，丰富层次感的同时，透露出几分随性韵味。,类型#上衣*材质#纤维*颜色#绿色*风格#文艺*风格#休闲*衣样式#西装,6.0,准确性方面，遗漏了“纤维”关键词（写成了聚酯纤维、氨纶），且“材质#纤维”应完整提及；生动性尚可，但使用“hold住”等网络用语稍显随意；自然度较差，存在＜UNK＞未识别词汇，语句略显机械，整体流畅度不如参考答案。
223,小a版型设计配合上纯色的底色搭配，尽显整体造型的大气与素雅感，让小小的你看上去也不失活泼帅气范儿。同时，它衣身侧边的方形贴布装饰还有收腰捏褶等细节上的处理，都能为简短的穿搭展现出更丰富的层次感；再加上，它简洁的斜插口袋以及弹性适中的罗纹袖口、下摆的设计，也能将女性的干练气质和舒适休闲范彰显得更为突出些。,褶皱型的松紧裤腰设计，弹性适中没有拘束感，又很是方便宝贝穿脱。纯色净面的衣身裁剪的简约大方，没有加入过多花哨的修饰，带来很多样的搭配性能，两侧的斜插口袋干净利落，裤脚裁剪的大小合适，上身后休闲有范。,类型#裤*颜色#纯色*风格#简约*风格#休闲*图案#纯色*裤款式#口袋*裤款式#抽褶*裤腰型#松紧腰,6.5,准确性方面，文案未覆盖'松紧腰'、'口袋'（提及斜插口袋但未强调），且错误加入'方形贴布装饰'、'罗纹袖口'等无关元素；生动性方面，语言较流畅但缺乏购买冲动；自然度方面，'小a版型'有机械感，部分描述偏冗余。
224,该款套头的连帽的卫衣整体采用立体的剪裁方式，上宽下窄设计搭配独特的领口，在视觉上有减龄的效果。同时翻盖式的前衣兜使整个版型立体且有层次感。下摆处的翻袋和开叉，带来随性的慵懒风，又带有复古韵味。并且胸前处有品牌标识，彰显品牌与时尚感的相融合。后背的拉链增加了整体的细节亮点。,短款的版型打造，更显干练利落，连帽卫衣套头穿起来肆意张扬，慵懒随性范儿十足，胸前圆环拉链设计，增加衣身层次感。整个的色彩搭配复古优雅，既有甜美俏皮的韵味，又彰显熟女的成熟气质。,类型#上衣*风格#复古*图案#复古*衣样式#卫衣*衣长#短款*衣门襟#拉链*衣门襟#套头*衣款式#拉链*衣款式#连帽,5.0,准确性方面，待评测文案未提及'圆环拉链'，且'拉链'出现在后背而非胸前，与关键词不符；生动性一般，缺乏情感渲染和购买驱动力；自然度存在机械感，如'该款套头的连帽的卫衣'表述冗余，整体不够流畅。
225,这款两件套的上衣以格子作为基调，整体给人小清新的感觉，显得干净清爽，也尽显淑女的气质。上衣袖口处的荷叶花边，灵动飘逸，展现出了女性的温柔韵味。而荷叶花边的喇叭形衣袖，可以很好的修饰手臂的轮廓。裤子是假两件的造型，加上两侧翻褶的设计，丰富了整体的层次感。搭配大气的腰封设计，轻松收束出纤细的小蛮腰，显出女性优雅迷人的气质。裤子的臀部还有经典的口袋，美观且实用。加上波点的点缀，更是精致甜美。,清新的天蓝色格纹图案让孩子的纯真内涵绽放而来，宽边的弹性腰带呵护宝贝<UNK>的娇小身型，加持裤腿处可以翻边的波点内里，打造出甜美无比的淑女范儿，整体看起来既能吸引众人目光，又不乏柔和温婉的内涵。侧边的口袋让孩子小手伸入打造时尚造型，结实耐磨的面料让裤身充满舒适柔软的品质感。,类型#裤*风格#淑女*风格#清新*图案#格子*图案#波点*裤款式#口袋*裤口#翻折,6.0,准确性部分缺失：商品关键词包含'裤'，但AI文案主要描述上衣，且缺少关键词'裤口#翻折'；生动性一般，有描述但不够突出；自然度较好，但描述上衣与裤装分离，整体不够聚焦。
226,来自<UNK>，时尚的棒球服外套；后背印花的个性设计，为整件服装赋予立体层次的美感，提升了服饰整体的造型；而经典的棒球领的设计，既丰富了衣身的造型又可轻松展现潮女的气质范；撞色的罗纹袖口与下摆的处理，增强了对整体舒适度的体验的同时使其不显单调。个性的蓝白竖条纹纹路点缀全身，更是为穿着者带来了率性洒脱的风采。,这件棒球服外套采用了活力满满的趣味印花点缀，让人眼前一亮，打造出别样的时尚气质。领口和袖口均有撞色条纹罗纹收口，富有整体造型感，穿着尽显品质。,类型#上衣*图案#条纹*图案#印花*图案#撞色*衣样式#棒球服*衣样式#外套*衣袖型#罗纹袖口,6.5,准确性较高，但存在不足：漏掉了'撞色'（虽然有提及，但未突出撞色作为独立关键词）和'条纹'（虽有蓝白竖条纹纹路，但未明确体现'条纹'）等关键词，且<UNK>标识不当。生动性尚可，但语言稍显冗长，个别表述如'气质范'略显刻意。自然度方面，部分句子结构复杂，略显机械，如'增强了对整体舒适度的体验的同时使其不显单调'一句稍显拗口。综合评分6.5分。
227,这款纯白色调的连衣裙，设计师在裙子整体做了修身包臀的剪裁设计，加上经典a字的廓形处理之后，可以让你轻松驾驭各种体型。除此之外，其最大的亮点在于加入了个性镂空的蝴蝶袖肩部设计，镂空与粉色相搭配看起来更具甜美减龄感，同时也彰显了俏皮可爱的少女气质。十分适合喜欢简约风的妹子们入手哦！,亮粉色比普通的粉色更加萝莉，这款连衣裙以亮粉打底，上身后青春又甜美。结合通身的镂空勾花，更添优雅和仙气，而在视觉上也是轻松营造了精致轻奢观感。另外，连衣裙为修身版型，将腰身衬托的越发纤细，身线更加玲珑曼妙。,类型#裙*版型#显瘦*颜色#粉色*风格#青春*裙长#连衣裙*裙款式#勾花镂空,5.5,准确性方面，仅包含'连衣裙'、'版型#显瘦'（修身包臀）、'风格#青春'（甜美减龄）等部分关键词，但颜色为纯白色而非粉色，且未体现勾花镂空（写了镂空但描述为蝴蝶袖而非通身勾花），缺失较多。生动性一般，语言有一定吸引力但未突出粉色和勾花镂空的仙气。自然度较好，语句通顺，但开头'这款纯白色调的连衣裙'与关键词'粉色'矛盾，扣分严重。
228,这款纯白色衬衣裙很实穿的一款连体裙。整体为衬衣的版型设计，腰部的金属扣腰带修饰身材比例。别致的一字肩领口和喇叭形下摆设计，既俏皮又减龄时髦。还有同色系的撞色织带细节，增添了一点点的设计感。同时搭配上一双小白鞋，轻松打造出一种都市女性特有的休闲美感。,一件浪漫的衬衫连衣裙，万物复苏的春天可以尝试下这种风格，会让你有意想不到的效果。撞色的荷叶喇叭袖，是整件的亮点。采用休闲感的府绸衬衫料，又不会过分的甜腻。近两年大热的<UNK>封宽腰带，把腰身包裹的玲珑有致。<UNK>一字肩但很巧妙地遮住了手臂较粗的地方，刚好露出上方锁骨。,类型#上衣*风格#休闲*图案#撞色*衣样式#衬衫*衣领型#一字领*衣袖型#喇叭袖*衣款式#腰带,7.5,文案基本覆盖了所有关键词（上衣、休闲、撞色、衬衫、一字领、喇叭袖、腰带），但准确度略有不足：'撞色'描述为同色系撞色，略显勉强；'喇叭袖'写成了'喇叭形下摆'，位置错误。生动性较好，用词如'俏皮'、'减龄时髦'能激发购买欲，但缺少参考文案的浪漫氛围。自然度较高，无机械感，但'同色系的撞色'表述矛盾。综合评分为7.5分。
229,经典的小圆领设计让这件男童卫衣更显简约大方的感觉，袖口和下摆的螺纹点缀更显细节感。后背的徽章字母和卡通刺绣贴布的设计可以彰显宝贝活泼的性格哦。简单的直筒宽松廓形搭配了精致的走线凸显细节品质，时尚的小格子元素点缀出活泼的气息。整体上身显得气质更加年轻有活力，更显阳光可爱的休闲感觉，无论是单穿或作为内搭都是不错的选择哦！,经典的圆领卫衣款型，简约休闲的设计风格，呈现出十足的利落感，同时自然的版型也营造了舒适的上身感受，捎带宽松的样式彰显出动感十足的年轻风采。衣身上的卡通恐龙图案，个性吸睛，充满了俏皮可爱的感觉，提升整款设计的美观度，同时让人更加减龄。字母刺绣的点缀丰富设计效果，立体别致的字母融入了渐变色的元素，凸显出独特的风采。,类型#上衣*版型#宽松*风格#简约*风格#休闲*图案#卡通*图案#字母*图案#文字*图案#刺绣*衣样式#卫衣*衣领型#圆领,6.5,准确性方面，部分关键词未覆盖，如“简约”“休闲”“图案”“卡通”等；生动性尚可，能引发购买欲，但“小格子元素”与关键词不符；自然度较好，无复读机械感，但存在细节描述偏差。
230,这款时髦又有腔调的衬衫采用了真丝缎面工艺制作而成面料摸上去十分柔软顺滑，富有品质感。搭配上细小精致的提花图案非常好看，胸前还添加了个性的蝴蝶结系带设计，丰富了整体的造型美感和层次效果，带来时尚减龄的特点。再加上袖口处的蝴蝶撞色元素，与领口的系带相呼应很显个性。而且还能起到很好的减龄效果哦~,圆润规律的撞色波点充斥在整件衬衫上，释放出活泼的生动力。其后顺应领口的放下稍微下移，立体的蝴蝶结系带点缀其中，以抢眼吸睛的方式为主体进行修饰美化。同时轻柔顺滑的真丝也融入其中，好像要以一种浪漫温柔的形式表达出对你的<UNK>与爱意。,类型#上衣*材质#蚕丝*图案#蝴蝶结*图案#波点*图案#撞色*衣样式#衬衫*衣门襟#系带,6.5,基本覆盖所有关键词，但遗漏了'撞色'和'蚕丝'（'真丝'暂可视为同义），准确度可提升；细节较多但缺乏情感渲染，生动性中等；语言通顺但略显常规和模板化，自然度一般。
231,这款包臀大码修身小香风背带裤采用了经典百搭不挑人的黑色，视觉上给人以无限包容的视觉效果。精致的金属圆环设计装饰着别出心裁的对称侧边装饰开衩处理更是时尚潮流的气息十足，背后独特的隐形拉链也是十分巧妙的凸显了它精湛细腻的手工工艺制造。整体以低调简约为主的设计也是非常的个性独特。,纯黑色调的交叉型背带裙，简约而不简单，让你的搭配随性不挑身材，尽显潮流与时尚，塑造纤细身姿。拉链衣门襟，方便穿脱，搭配两侧对称方形插袋，做工精细，缝合紧密，保持外观整体美感，实用而显大气感。包<UNK>型设计，讲究束腰显瘦遮肉，打造翘臀诱惑，提升你的女人味儿，彰显出诱惑与吸引力。裙摆开叉设计增添灵活性，减少束缚，让你的走姿更显优雅与端庄。,类型#裙*版型#显瘦*颜色#黑色*风格#简约*风格#潮*裙型#背带裙*裙型#包臀裙*裙下摆#开叉*裙衣门襟#拉链*裙款式#拉链*裙款式#对称,5.5,准确性上，缺少关键词“背带裙”“对称”中的“对称”未被明确提及，但“对称侧边装饰”可视为部分覆盖，不过未提及“包臀裙”“裙下摆”“开叉”等关键词被提到但表述有误（开叉处理）；生动性上，使用“经典百搭”“精致”“流畅”等词有一定吸引力，但“视觉上给人以无限包容的视觉效果”略显冗余；自然度上，句子结构冗长，存在语病如“装饰着别出心裁的对称侧边装饰开衩处理更是时尚潮流的气息十足”，流畅度不足。综合评分5.5。
232,上衣是立体花刺绣结合立体钩花透视面料拼接而成的网纱上衣，前幅运用了荷叶边的褶皱设计，丰富层次更修饰曲线；简约的黑白两色配色碰撞出惊艳时髦的效果，与腰间织带装饰和袖口处的撞色彩<UNK>遥相呼应，搭配裙身大面积波点的点缀，让整个廓形更具看点不单调；露肩处理衬显纤细手臂的同时展现出女性优雅浪漫的气息，轻盈飘逸垂顺不拖沓，更显灵动飘逸气质。,裙身重工刺绣点缀，细腻的纱质，剔透朦胧的质地，邂逅精致的刺绣，亲们都知道在这样的薄纱面料上面要做刺绣有<UNK>，做到<UNK><UNK>，立体逼真的枝叶蜿蜒大气，简约黑白撞色，雅致的色调给人含蓄温雅的感觉，上身衬的人特别有气质；肩部拼接透视网纱，看着就给人很干净清爽的感觉，立体精致的刺绣波点设计，灵动俏皮，很是吸睛；拼接荷叶边，层次丰富，自然垂坠挺括的荷叶边，优美均匀的褶皱，配着露肩设计，尽显灵动优雅。,类型#裙*材质#网纱*颜色#黑白*风格#简约*图案#波点*图案#刺绣*图案#撞色*裙下摆#荷叶边*裙下摆#垂坠*裙款式#拼接*裙款式#露肩*裙款式#抽褶,8.0,文案覆盖了大部分关键词（类型、材质、颜色、风格、图案、裙下摆、裙款式），但遗漏了'撞色'和'抽褶'；语言生动，有立体感，但'惊艳时髦'略夸张；自然度较好，略有堆砌感，整体流畅。
233,这款背心裙在设计上很有自己的想法，首先它选择了半袖的设计，使得手臂活动更为灵活。腰部采用了松紧收腰设计，能够更好地勾勒出女性的身形曲线。另外裙子还做了很可爱的褶皱装饰，增添不少时髦气息。采用复古的纯色色调，更是耐看又显瘦。,简洁大方的纯色裙身，加上经典百搭的伞型裙摆，时尚百搭还能给人以满满的复古典雅的气质范。经典褶皱收腰处理，显瘦又显高，小粗腿又能轻松自然的穿着起来，完全不挑身材，优雅大气给人以十足的气质感。,类型#裙*版型#显瘦*颜色#纯色*风格#复古*图案#纯色*图案#复古*裙款式#抽褶*裙款式#收腰,7.5,待评测文案准确包含了所有关键词，但腰部的'松紧收腰'与原文'抽褶收腰'略有差异。语言较为生动，有描述性词汇如'时髦'、'耐看'，但整体缺乏参考答案中的'复古典雅'、'优雅大气'等强烈的情感渲染，购买欲望稍弱。自然度较好，通顺流畅，无明显复读或机械感。
234,这款针织开叉衫采用优质的双面呢料，具有很好的弹性。柔软度较好，针织时不易变形。采用立体裁剪工艺打造而成，做工精致，车线工整，穿着舒适保暖。同时搭配一款简单款式的羊毛毛衣，穿出不一样的时尚品味。,此款<UNK>针织毛衣采用舒适细腻面料，穿着舒适。3d立体剪裁版型，彰显男人魅力。缝线紧密结实，凸显优质品质。包边下摆，防风保暖。,类型#上衣*版型#立体剪裁*材质#针织*衣样式#毛衣,5.5,准确性：缺失'针织'和'圆形领'（但原文未提及领型，不扣分），且出现'双面呢料'、'开叉衫'、'羊毛毛衣'等与给定关键词（针织、毛衣）冲突或无关的描述，严重偏离。生动性：有一定描述，但搭配'羊毛毛衣'的提议分散了主推商品的焦点，削弱购买欲望。自然度：整体通顺，但'针织开叉衫'、'搭配羊毛毛衣'等表述别扭，且未体现'立体剪裁'的'彰显魅力'效果。综合扣分较多。
235,这是一款来自<UNK>的女士连衣裙，采用优质高档面料制成，质地轻盈透气，穿起来舒适自在。别致的领口设计融入了古典与现代感，凸显出优雅动人的气质，彰显不俗品味。大贴边的花边点缀在纯色的裙面上，显得立体精致，为裙子平添了不少女人味。收腰的设计让腰部曲线更加窈窕，再加上弹力的高腰裤头和别致有型的喇叭袖口，使得整体造型更飘逸时尚，展现出纤细美感。纽扣的门襟则十分方便穿脱。,本款喇叭袖纯色连衣裙，细边皮带高腰分割收腰，上身效果更加高挑纤瘦。领口立体感的半高花边点缀，更加显得有趣并精致。喇叭袖口花边装饰，使裙子具有更加独特的质感。单侧单排纽扣点缀细节，整体展现优雅气质。,类型#裙*颜色#纯色*图案#纯色*裙下摆#花边*裙腰型#高腰*裙长#连衣裙*裙袖型#喇叭袖*裙款式#纽扣*裙款式#收腰,7.5,文案包含所有关键词，准确性高；语言有一定吸引力，但部分表述（如'<UNK>'、'大贴边的花边'）不够自然，生动性略逊于参考答案；整体通顺，无机械感，但细节描述不够精准。
236,BRAND的这款卫衣以纯黑色色调为底色，辅以简约低调的风格凸显现代女性的干练洒脱个性，后幅简洁<UNK>与胸前品牌logo点缀彰显出优雅气质，打造都市女性个性新主张。开袋式插手口袋美观实用兼具吸睛效果的同时，更是增添了细节亮点。圆领套头设计方便穿脱休闲随性。下摆和袖口处均采用罗纹面料弹性好不易变形且穿着舒适度极高。整体廓型宽松大气无束缚感。,此款套头卫衣，采用个性十足的布贴图案装饰，尽显宝贝的阳光帅气。简约大方的领口设计，配以肩部的开扣设计，让穿脱变得方便简单。罗纹的袖口与下摆，穿着舒适服帖。优雅的纯黑色色调，休闲百搭，宽松舒适的版型设计，穿着无束缚感。,类型#上衣*版型#宽松*颜色#黑色*风格#简约*风格#休闲*衣样式#卫衣*衣门襟#套头*衣款式#罗纹,8.0,准确性高，覆盖了所有关键词（类型、版型、颜色、风格、衣样式等）。生动性较好，使用“干练洒脱”、“都市女性个性新主张”等表达，有一定吸引力。自然度稍欠，存在“后幅简洁<UNK>”等语病或占位符，整体通顺但有机械感。
237,这款男童秋衣采用黑白细条纹纹理设计，看起来清爽有型又不失帅气感。而前襟的英文贴袋设计，提升了细节质感且方便实用。撞色的罗纹圆领领口处理，则显得宝贝更加精神干练。,这款休闲裤裤脚侧面撞色条纹设计，使得视觉具有延伸感，更显双腿修长笔直。而经典的红黑白撞色设计，让你轻松穿出干练清爽的感觉。,类型#裤*颜色#黑白*图案#条纹*图案#撞色,5.0,准确性：文案描述的是男童秋衣，与商品关键词“裤”不符，完全偏离了产品类型，且未包含“条纹”“撞色”关键词。生动性：语言较生动，但描述对象错误。自然度：通顺自然，无复读机械感。
238,设计师将时尚的<UNK>涂鸦元素融入其中设计出的这款破洞裤，以朋克风的音乐形象和金属配饰勾勒出满满的动感BRAND，配合水洗磨白工艺的处理效果，轻松彰显出摩登质感。而经典的双层翻盖后袋设计，更结合品牌专属logo装点，更显出一份个性。辅以简约大方的罗纹收束下幅处理，则与阔腿裤身形成强烈反差，打造出令人惊艳的层次美感。再加之宽松利落的版型廓形剪裁，更是演绎出现代化的时髦气质风尚。,裤子的设计是金属朋克气息，有着一股子摇滚的意味很是个性了可以说。简约宽松的版型很好的修饰了<UNK>曲线。口袋下面有着金属鸡眼和穿绳设计，又精致又能体现出细节感。破洞水洗元素带来放荡不羁感。,类型#裤*版型#宽松*材质#水洗*风格#简约*风格#朋克*风格#摇滚*图案#音乐*裤款式#破洞*裤款式#口袋,7.0,文案涵盖了大部分关键词（版型宽松、水洗、简约、朋克、摇滚、音乐、破洞、口袋），但未明确体现‘牛仔裤类型’和‘图案’关键词。语言生动有吸引力，使用‘动感’‘摩登质感’等词汇，但‘<UNK>涂鸦’和‘BRAND’等占位符影响自然度。整体通顺，但部分表述稍显刻意，如‘演绎出现代化的时髦气质风尚’略机械。扣分点为关键词遗漏和占位符问题。
239,小个子女生也可以拥有大长腿的自信，这款绑带小脚裤巧妙在腰部运用了绑带的剪裁设计，在轻松穿出优雅气质的同时将上身的比例显衬的更加曼妙纤细。加之高腰<UNK><UNK>的下摆设计，不仅让裤子有着很好的塑形效果，还能让你的搭配<UNK><UNK>条短裙，彰显你白皙纤瘦的腿部曲线。,这条高腰短裙，看似是短裙，其实内里还做了短裤的设计，时髦感强却又不会显得太浮夸。高腰的廓形设计，能够使得腿部看起来更加的修长。裙身做了钉扣的绑带设计，散发着青春甜美的气息。,类型#裙*风格#青春*裙腰型#高腰*裙长#短裙*裙款式#绑带,4.5,准确性方面，待评测文案包含了'绑带'、'高腰'、'短裙'关键词，但缺少'裙腰型#高腰'中的'高腰'准确描述，且误将商品类型写成'小脚裤'而非'裙'，同时出现<UNK>标记影响完整性；生动性方面，开头有吸引力但后续描述与关键词不相关，未突出青春风格；自然度方面，存在不通顺和机械感，<UNK>标记和逻辑跳跃明显。综合评分4.5分。
240,紧身裤一直是时尚经典，修身的剪裁使得双腿纤细笔直，尽显大长腿视觉；不规则的毛边设计打破整体的单调感，让牛仔裤多了几分个性，轻松穿出慵懒美式风又不失精致感；工整的线迹车缝彰显品质做工精细，细腻的车工走线彰显品牌细节感；毛边的裤腿加上收束的小脚造型凸显你高挑的身姿；简约好搭的风格适合各种搭配组合穿着。,这款fiveplus不规则毛边牛仔裤，简约的修身小脚版型设计，能够更好的修饰腿部轮廓，显瘦之中更能展现出修长笔直的大长腿。同时融合毛边元素装饰，增添设计感，彰显时髦。,类型#裤*版型#显瘦*材质#牛仔布*风格#简约*裤款式#不规则*裤口#毛边*裤口#小脚,8.0,包含了所有关键词，但略有重复（如多次提到毛边），语言较生动但部分描述略显堆砌，整体通顺自然。
241,浪漫清新的小碎花的版型设计，衬托出女性的时尚优雅气质，更显得十分甜美哦。胸前松紧的包臀设计加上立体的荷叶边小裙摆的设计使得整件吊带衫非常的好看时尚，穿在身上凸显女性柔美的气息，十分漂亮。,荷叶边的在是这款碎花衫的设计亮点。层层叠叠的荷叶边晕染出了浪漫的情调，为衣身注入了小清新的美感，穿起来能将少女的娇美感衬托出来。除此之外，荷叶边还有遮肉的效果，它能在视觉上打造出好身材。,类型#上衣*风格#清新*图案#碎花*衣样式#衫*衣款式#荷叶边,6.5,准确性：缺少'衫'、'荷叶边'关键词，且将上衣误写为吊带衫；生动性：语言较平实，缺乏亮点和购买冲动；自然度：整体通顺，但'十分漂亮'略显重复，无明显机械感。
242,这款半身群采用高腰包臀的版型设计穿起来完美凸显纤细高挑的曼妙身材，同时也拉长双腿比例。精美的蝴蝶图案融入衣面，栩栩如生，俏皮可爱。搭配上精美别致的绣花工艺显得非常温柔雅致，裙摆部分的薄纱网纱，若隐若现。充满朦胧美感的同时走起路来更加飘逸灵动，整体看起来非常的甜美气质。,独特的网纱刺绣设计，更加俏皮可爱；过膝的长度设计，带来满满的安全感；时尚高腰腰型，塑造优美的身材曲线；半身裙是每个季节都不会过时的时尚元素，能够恬静地成为这个夏天不折不扣的主角，百搭的特性可以包含不同的风格单品，个性的网纱面料亦会让你的时髦变得轻而易举。,类型#裙*材质#网纱*图案#刺绣*裙腰型#高腰*裙长#半身裙,6.5,准确性方面，待评测文案包含了所有关键词（裙、网纱、刺绣、高腰、半身裙），但将“半身裙”误写为“半身群”，且未提及“图案#刺绣”中的抽象图案。生动性较好，使用了“俏皮可爱”、“飘逸灵动”等词汇，但缺乏“俏皮”、“恬静”等参考答案中的情感层。自然度尚可，但存在“薄纱网纱”的冗余表达。总的来说，文案基本合格，但有明显误差和优化空间。
243,这一款时尚的半裙两件套网纱装饰，轻盈大方自然出彩，精选面料手感柔软亲肤顺滑很有质感，穿着透气舒服不会扎皮肤。精致绣花的装饰，丰富视觉造型美感。优雅高腰设计，提升腰线凸显身姿。上身轻松让你穿出女神范儿来哦。,活泼可爱的少女，夏季总会选择一件网纱半身裙，这件高腰刺绣网纱半身裙，裙头选择松紧有致的腰部设计，不拘束的同时更收敛身形。裙身选择中国古典风雅的星月刺绣，尽显少女活力十足，而裙外层则选择轻盈剔透的网纱设计，展现少女灵动活泼的个性。,类型#裙*材质#网纱*图案#刺绣*裙腰型#高腰*裙长#半身裙,7.5,准确性上，文案包含了所有关键词（类型#裙、材质#网纱、图案#刺绣、裙腰型#高腰、裙长#半身裙），但未明确提及‘半身裙’，且‘两件套’描述与商品类型略有出入；生动性较好，使用了‘轻盈大方’、‘女神范儿’等吸引眼球的词汇，但缺少参考答案中的具体细节（如星月刺绣、松紧带设计）；自然度较高，语言通顺流畅，无复读或明显机械感。总体表现良好，但细节和针对性可提升。
244,这款连体衣是<UNK>的定制款哦，采用时尚优雅的造型设计，让你穿上后更显年轻有气质。纯白面料与黑色的亮片点缀相结合，显得十分独特，时尚不失甜美气息。下摆处还进行了开叉处理，方便宝贝穿脱时更便于操作哦！,一款blingbling的质感，就是最大设计亮点。整个衣身都是blingbling的亮片，一不小心就被亮<UNK>，非常的耀眼。又是黑色系的，光是看着就觉得<UNK>。,类型#裤*颜色#黑色*裤款式#亮片,4.5,待评测文案未能包含关键词'亮片'和'黑色'，仅提及'黑色亮片点缀'但未明确强调。语言不够生动，缺乏亮点描述，且'纯白面料'与黑色亮片组合与商品关键词'黑色'不符，存在准确性错误。自然度尚可，但整体机械感较强，购买欲望不足。
245,来自英国设计师BRAND的此款连帽针织开衫，在衣身加入了传统的<UNK>元素，通过鲜明的色彩碰撞将前卫与休闲相融合，演绎出独特的时尚态度；经典的连帽设计以简洁利落的廓形勾勒出个性不羁的潮流风范；采用经典百搭的卫衣版式，舒适自然的柔软质地和百搭耐磨的天然原料赋予其优质的穿着效果；搭配随性的磨毛效果处理，穿出别致玩味的街拍风采。无论是日常出行穿搭还是作为内搭穿着都恰到好处。,一款时尚有范的牛仔裤，无论从款式还是面料来说，都非常的满意，保证你穿了还想穿，款式很百搭，三季好穿，能陪你多个春夏秋。早春搭配一款之前<UNK>的马海毛针织或休闲连帽卫衣，配上这款新潮的牛仔裤，下摆开叉，时尚不羁的感觉，<UNK>露出一点白皙肌肤，时髦带点潮感，使得穿上后气质更时尚。,类型#上衣*材质#牛仔布*材质#针织*风格#休闲*风格#潮*衣样式#卫衣*衣款式#连帽,4.5,准确性方面，文案未包含关键词'牛仔布'、'潮'和'衣兜'，且将'卫衣'与'连帽'结合为'连帽针织开衫'，偏离了商品类型（上衣、卫衣、连帽）。生动性方面，有一定描述但缺乏购买冲动，结尾平淡。自然度方面，语言较通顺但存在'<UNK>'占位符，且'潮感'等表述略显机械。
246,一条美轮美奂的连衣裙，无论什么时候穿上都会让你变身成为人群中的焦点!领口的蝴蝶结设计加上v型锁边的设计，上身给人高贵优雅的感觉。精致的刺绣和金丝缎面结合，增加了宫廷风的味道。裙面的小印花更加显得灵动飘逸，配上透明朦胧的双层网纱，在微风习习的中绽放你的美丽风采。,像<UNK>的春风从指尖<UNK>，伴着丝丝惬意，这便是这款连衣裙给人的感受。朦胧的刺绣网纱领口还原法国宫廷的经典look，透着浪漫，也不失温柔，铺陈在印面上的工笔画印花，唤醒最古典的中国风情。不一样的元素碰撞，同样的高贵灵秀。,类型#裙*材质#网纱*风格#宫廷*风格#高贵*图案#刺绣*图案#印花*裙长#连衣裙,7.5,文案准确包含了所有关键词，语言较生动但略显模板化，自然度较好，但可提升原创性和感染力。
247,时尚圈的新宠，<UNK>就是镂空元素了！这款采用经典衬衫裁剪的连衣裙，将柔美的裙装与挺括的衬衫相结合。性感的交叉大v字设计，从视觉上拉长了颈部线条的比例，显得脖子又细又长。结合潮流的小圆点，打破了原本成熟稳重的气质，增添了休闲与减龄的效果。而前襟的两只布贴小眼睛图案和精致小巧的镂空小翻领，更让整体充满了一丝俏皮灵动的气息哦。,这款男士衬衣在裁剪上紧跟人体身材科学设计的步伐，按照黄金比例裁剪，贴合男士身材，显示出每个人不一样的魅力风格，商务休闲二者流行元素合二为一，显示不一样的潮流风尚。镂空的设计，又使得增添了性感的魅力，小翻领的设计，修饰颈部线条。,类型#上衣*风格#休闲*风格#青春*风格#潮*风格#性感*图案#线条*衣样式#衬衫*衣领型#翻领*衣款式#勾花镂空,7.0,准确性方面，待评测文案提到了镂空、翻领、线条等关键词，但缺失了‘衣样式#衬衫’（它写的是连衣裙而非衬衫）和‘青春’‘潮’‘性感’等风格，且增加了一些未涵盖的元素如圆点、布贴眼睛，所以不完全准确。生动性较好，语言活泼，能激发购买欲，但部分描述偏离商品。自然度较高，语句通顺，没有明显机械感。综合扣分因不准确和少量冗余。
248,来自BRAND设计之手的一款女士衬衣，采用了独特的系带式一字领造型打造而成，轻松凸显出属于少女的性感情调；搭配俏皮感十足的喇叭袖口，展现出清纯淡然的清雅气质；结合纯白的色调，增添几分清新亮丽的自然美。,一字肩的设计使得美丽的香肩得以展现出来，尽显造型独特并无形中流露出性感的气息。结合浪漫甜美的喇叭袖设计，使得这件衬衫性感却又不至于妖娆媚俗，反而演绎出清新脱俗的小仙女气质，举手投足<UNK>众生沉醉在你出众的魅力之中而无法自拔。,类型#上衣*风格#清新*风格#性感*衣样式#衬衫*衣领型#一字领*衣袖型#喇叭袖,8.0,准确性高，包含所有关键词；生动性较好，运用了'独特'、'俏皮感十足'等词汇，但不如参考答案细致；自然度流畅，无明显复读或机械感。
249,采用精选面料制成，柔软细腻，挺括顺滑，穿着舒适有质感。经典的长款修身设计，利落的剪裁更显干练大气。胸前的贴布装饰更是充满时尚感，点缀出优雅的英伦风韵味。门襟处精致的双排金属纽扣，彰显出沉稳的气息。而衣袖上的撞色细条装饰则带来别致的视觉层次感。,<UNK>品牌的这款正装马甲采用商务修身的裁剪设计，提花的纹理图案设计更显精致感。深<UNK>色的英伦配色，尖角斜下摆的版型裁剪，腰部调节扣设计。单排撞色纽扣门襟，各个细节款型都在彰显优质的品质感以及英伦绅士的穿搭风格。,类型#上衣*版型#显瘦*风格#英伦*图案#撞色*衣样式#马甲*衣款式#纽扣,5.0,准确性方面，文案包含“面料”、“修身”、“撞色”、“纽扣”、“英伦”，但缺少“马甲”、“版型#显瘦”、“衣样式#马甲”、“衣款式#纽扣”具体指明马甲和显瘦版型，且误将“长款”作为特征，与商品关键词不符。生动性适中，但文案更偏向描述衬衫或外套，未突出马甲特质，购买欲望一般。自然度较好，语句通顺无重复，但存在偏离商品描述的机械感。
250,<UNK>度假风格的沙滩仙女风上衣采用v字领口的剪裁设计，不仅能将脖颈的优美线条给尽情地凸显出来。还能给人与众不同的时髦大气感哟。喇叭袖的设计搭配上精致的小碎花造型设计，既能轻松遮住你的手臂肉肉。又能诠释出优雅唯美又淡雅清新的气息呐。喇叭袖口处加上蝴蝶系带的点缀不但能起到增添裙身层次效果的作用。同时它的吸睛养眼效果也是炒鸡强悍的呢。清新飘逸的连体小a版型的设计使得整件设计格调上身以后不但显高显瘦。连衣裙也会变得更有灵动可爱的感觉哦。,魅力女人味，还是要从连衣裙开始诉说起来~美观的中长连衣裙，它有着时尚系带v领，样式简洁大方，更加的富有女人味的感觉。而清新浪漫的碎花元素，分布在这款连衣裙的全身，样式优雅，最显清新感觉。加上这款它还有着精致的喇叭袖设计，在修饰了你手臂线条后，尽显出一种独特和浪漫。,类型#裙*风格#清新*图案#碎花*图案#线条*裙长#连衣裙*裙领型#v领*裙袖型#喇叭袖*裙衣门襟#系带,6.5,准确性：基本包含所有关键词，但出现了未定义标记<UNK>，且缺少‘连衣裙’一词，描述为‘上衣’，存在误差。生动性：语言较吸引人，如‘时髦大气感’、‘唯美又淡雅清新’，但部分表述略显夸张。自然度：整体通顺，但开头‘<UNK>度假风格的沙滩仙女风上衣’与‘连衣裙’不符，且部分句子稍显冗长，有一定机械感。
251,这款牛仔裤采用独特的水洗做旧工艺加工而成，手感厚实且色泽自然不艳丽，可以有效的提升穿着者的气质；裤身两侧的明线设计非常吸睛，并且增添看点；加上稍宽松的版型款式，让整体造型极具层次感。,这款裤子是饱和度较低的蓝调牛仔配合水洗做旧效果，帅气的很低调，版型不要太赞，耐穿耐脏耐摩擦。宽松的裤型顺便把腿型不完美的问题一并解决，这个膝盖洞，透气<UNK>，<UNK>很<UNK>,类型#裙*版型#宽松*材质#牛仔布*材质#水洗*裙型#牛仔裙,8.0,【准确性】文案包含了类型（牛仔裤，对应裙）、材质（牛仔布、水洗）、版型（宽松）等关键词，但漏了「裙型·牛仔裙」和「版型·宽松」中的「宽松」虽已提及，但「裙型」未体现（可能混淆裤与裙）。整体基本准确。【生动性】语言较吸引人，如“色泽自然不艳丽”、“提升气质”、“增添看点”、“层次感”等用词不错，但不如参考答案有冲击力。【自然度】通顺自然，无复读或机械感，结构清晰。
252,"经典时尚的西装领配合着宽大的翻领的设计,让整条裙子呈现不一样的气质感,既显得优雅大方又能够彰显出自信。腰间一条带有蝴蝶结装饰腰带不仅打破了衣身单一的感觉而且丰富了整体的层次。裙摆处的松紧处理结合微褶皱的裙摆使衣身更具立体感,看起来也更加的有个性。下摆处也特意做了磨破和<UNK>的细节设计展现与众不同的时尚美感。精选优质的面料使服装的整体质感更为出众,上身后贴身舒适。",沿用西装领的样式设计的时尚翻领，凸显气质。腰带采用金属圈作为装饰，迎合当下时尚风潮，BRAND风十足。选用梭织面料，紧密挺硬，保持裙型。腰部蝴蝶结系扣增添甜美气息。裙身自然褶皱，增添灵动性。,类型#裙*图案#蝴蝶结*裙领型#西装领*裙领型#翻领*裙款式#腰带*裙款式#抽褶,7.5,待评测文案包含了所有关键词（西装领、翻领、腰带、蝴蝶结、抽褶），但遗漏了‘金属圈’装饰细节；语言较生动，但存在‘<UNK>’和‘气质感’等不通顺或冗余表达，自然度稍差。整体在准确性、生动性上表现良好，自然度有提升空间。
253,本款<UNK>连衣裙整体采用了素白色系，搭配简洁的版型和清新的色调将淡雅文艺的气质完美展现出来；别致的半身长裙型能够展现出女性的优雅气质和端庄大气之感；衬衫领口的设计可以修饰你的脸型同时增添干练气息；而别致灵动的荷叶边和俏皮的喇叭袖设计让整款裙子更为灵动活泼，充满了春天的明媚活力感,不同于普通白衬衫，这款衬衫很有设计感。温婉清新的喇叭袖设计，展现优雅气质的同时更能展现纤细的手臂。而别致的荷叶边下摆设计，带来不少灵动飘逸的感觉，浓浓的文艺气息。同时，这款衬衫特意选用柔软亲肤的面料，提升了不少穿着体验感，并且立体的剪裁工艺让这件衬衫看起来更加有质感，有气质。,类型#上衣*风格#文艺*风格#清新*衣样式#衬衫*衣袖型#喇叭袖*衣款式#荷叶边,6.5,准确性：待评测文案错误地将上衣描述为连衣裙和半身长裙，未包含上衣、衬衫、喇叭袖、荷叶边等关键词，且出现了UNK标记。生动性：语言较生动，使用了‘淡雅文艺’‘灵动活泼’等词汇，有一定购买欲。自然度：较通顺，但后半句‘更为灵动活泼’略显重复。总体因关键信息错误扣分较多。
254,时尚a字廓形短裙，修身立体裁剪，轻松勾勒出纤细的腿部线条和窈窕身姿。同时，个性独特的侧边设计，修饰身型的同时也能起到显瘦的作用。牛仔元素作为永恒不变的时髦之选，运用到本款中也呈现出不一般的帅气，与精致的拉链形成一体，美观实用又便捷。别致大气的装饰性口袋，辅以多彩的卡通绣花点缀，给这款牛仔裤带来复古潮流的气息，而小a字的版型也是十分贴心的，不仅让双腿显得更加笔直修长大气，还兼具了随性自由气质。整体的简单利落也使简约与时尚并重，尽显穿着者的优雅与干练。,妖精的口袋的这款牛仔短裙，经典a字版型，面料挺括、线条流畅简约。微微弹力，飘逸下摆，穿着显瘦自然。后置隐形拉链的融合，方便又摩登。复古的卡通刺绣图案，简约中不失灵动，超级吸睛，让你走到哪里都是潮流中心。,类型#裙*版型#显瘦*材质#牛仔布*风格#复古*风格#简约*风格#潮*图案#卡通*图案#复古*图案#线条*图案#刺绣*裙型#a字*裙型#牛仔裙*裙长#短裙*裙衣门襟#拉链*裙款式#口袋*裙款式#拉链,7.5,准确性上，基本覆盖所有关键词（裙型、版型、材质、风格等），但缺少‘裙衣门襟’和‘拉链’的明确提及，虽提到拉链但未强调‘后置隐形拉链’；生动性较好，语言有吸引力，能激发购买欲；自然度稍差，存在重复描述（如两次提到‘简约’、‘大气’），部分语句略显啰嗦。整体良好但略有不足。
255,九<UNK>的裤子特别适合春天，可以露出纤细白皙的小腿；小裤脚的设计让整条裤子看起来更加有设计感，修饰腿型的效果很好；九分的长度不会让小腿显胖，反而让显瘦的效果更明显；搭配上舒适的中腰，贴腹，穿脱方便。,这一款裤子给人的感觉就是很经典大气，如同西装裤一样非常的有气质，也显得比较的正式，我们可以在一些隆重的场合穿上它。九分裤的长度非常的适中，穿上可以完美的修饰出我们的脚踝。中腰的设计则很修身显瘦，很好的衬托出我们的完美身材。,类型#裤*版型#显瘦*裤长#九分裤*裤腰型#中腰,5.5,存在准确性缺陷：缺失关键词'显瘦'（提及但未明确作为关键词属性）和'版型#显瘦'未直接体现；出现UNK未知词；中腰提及正确，但未强调显瘦效果。生动性一般，缺乏吸引力。自然度较差，有机械重复感（多次提'显瘦'）。整体一般。
256,冲锋衣整体采用翻驳小立领的设计，修饰颈部优美的线条之余更加衬托脸部的精致感。宽松合身的版型修饰你的身材，适合多种体型驾驭。搭配腰间饰带，可束起腰线，凸显曲线的美感。袖口采用精致的金属圆环系扣设计，别致又时尚且起到了很好的防风御寒的作用，穿着舒适不易进风口冷气。两侧的插袋和内置的两个贴布袋装饰胸前，丰富了整体的层次感和立体效果，显得帅气有型。胸前的撞色logo标志和后背的图案logo贴片简洁明了，提升品质感，彰显品牌特色。,这款冲锋衣采用薄款的面料，触感细腻，让你轻松兼顾温度与风度。衣身采用个性撞色的设计，不仅能穿出时髦感，更显皮肤白皙。小立领的设计很拉风，轻松凸显纤细的颈部线条。宽松的版型适合各种身型的妹纸穿着。,类型#上衣*版型#宽松*图案#线条*图案#撞色*衣样式#冲锋衣*衣领型#小立领,8.5,文案涵盖了所有关键词（宽松、线条、撞色、冲锋衣、小立领），准确性高；语言生动，细节丰富（如金属圆环、logo等），能激发购买欲；整体通顺自然，但部分表述略冗余，如‘不易进风口冷气’不够简洁。
257,一款通勤风设计的中式旗袍连衣裙，采用优质的面料制作而成，触感细腻顺滑，上身穿着舒服无压力。衣前小立领设计，修饰脖颈线条，尽显女性的知性与优雅风范。前幅对称的小贴袋设计为整体增添不少层次感与美观度，衣身的颜色也是十分亮眼，简约的浅色调与纯色的裙身相得益彰，搭配修身长袖设计，轻松将利落干练的女性气质展现出来。,来自时尚品牌菲梦伊的一款通勤款的连衣裙，简约纯色设计，干净清爽。3d立体修身剪裁，贴合身形，突出纤细腰肢和挺翘饱满的臀部曲线，勾勒女性曼妙身材曲线。经典大方的反驳领设计，给脖颈自在活动空间，简约知性。长袖的设计，修饰手臂线条，彰显女性的温婉含蓄，对称衣扣装饰，丰富衣身结构，更具时尚感。,类型#裙*版型#显瘦*颜色#纯色*风格#通勤*风格#简约*风格#知性*图案#纯色*图案#线条*裙长#连衣裙*裙袖长#长袖*裙款式#对称,6.5,准确性方面，遗漏了‘3d立体修身剪裁’、‘反驳领’等关键词，并添加了与商品关键词不符的‘旗袍’、‘小立领’、‘贴袋’；生动性较好但未充分突出‘显瘦’、‘修身’等卖点；自然度良好。整体评分6.5，需改进关键词覆盖和核心卖点描述。
258,一款时尚而又有个性特色的休闲裤，采用不对称的阔腿直筒元素，让整体造型看起来更加有型个性；加上立体的腰头设计，穿着舒适方便更显大气。两侧采用百褶的设计，打造出不一样的层次效果，再加上清新色调的渲染，上身显得很温柔显气质；结合宽松廓形的束脚八分裤，视觉上修饰不完美的双腿。侧边织带点缀以及百褶拼接更添立体感。,这款阔腿裤的面料色调，怀旧又带了点清新禁欲系。款式设计上运用不对称的手法，在一边的裤筒上，用同色系不同纹理的面料拼接插入，而另一边也做了一条相呼应的细边出芽。给裤身制造一个不对称的视觉效果，和谐融入不显突兀。<UNK>宽松的直筒八分裤型，裤脚的折边让穿着更显随性。,类型#裤*版型#宽松*风格#清新*裤长#八分裤*裤型#直筒裤*裤型#阔腿裤*裤款式#拼接*裤款式#不对称,6.0,关键词覆盖完整，但生动性和自然度不足，与参考文案相比缺乏细节和感染力。
259,纯色调的运用将俏皮灵动展现出来，融入活泼感十足的娃娃领设计，增添可爱的小女孩形象；再加上侧口袋和立体花边的装饰，更加丰富衣身的细节美感凸显出休闲慵懒范儿，并且结合精美的锁边工艺，不仅提升了服装的质感还更显品质感，而袖部的加长小口设计以及单排纽扣的排列更具美观个性；宽松灵动的裙摆加入压褶设计，营造别样的美感。,这件睡裙在背部采用了压褶设计，加上甜美的娃娃领，具有减龄的效果，带你重回童真时代。纽扣的门襟开合，缔造出干练自信的女性气场。宽松舒适的版型包容性强，隐藏身材小秘密，尽享惬意休闲时光。胸前的口袋设计，增添视觉层次感，可放置随身小物，方便实用。,类型#裙*版型#宽松*风格#休闲*裙下摆#压褶*裙领型#娃娃领*裙款式#口袋*裙款式#纽扣,6.5,准确性方面，待评测文案包含了所有关键词（宽松、休闲、压褶、娃娃领、口袋、纽扣），但缺少对版型（宽松）和风格（休闲）的明确强调，且未提及“减龄”等参考答案中的关键卖点。生动性上，语言有一定画面感（如“俏皮灵动”“休闲慵懒范儿”），但部分表述略显堆砌（如“精美锁边工艺”“简约高贵的品质感”），整体购买欲望稍弱。自然度上，句子较长且结构复杂，存在重复感（如多次提到“美感”），通顺性一般，略显机械。综合评分6.5分。
260,一款时尚优雅的孕妇连衣裙，采用无袖的款式设计，给孕期的你带来了清凉舒适的穿着感受；精致的蕾丝边点缀于袖口细节处，丰富整体的层次美感；而黑色的纱质面料拼接于裙身的设计，尽显飘逸与灵动之感。经典的圆领款式剪裁，方便您穿脱同时凸显优美颈部曲线；再搭配着舒适贴心的腰围腰封包布收腹剪裁，修饰出迷人的腿部轮廓感的同时又便于调整松紧度哦！其宽大的裤摆做工精细平整，具有较好的包裹性和防风效果，给予腹中<UNK>一个温暖的呵护。再加持优质的弹力腰围带使用，让你轻松自由的呼吸、活动不受约束！加上它垂顺自然的衣摆，行走间更添几分飘逸美态！,日着在今年的夏装中，继续延续了蕾丝所代表的女性柔美一面的设计元素。在这一款连衣裙里，大胆地将<UNK>黑色的蕾丝面料附着在土黄色的棉布上，以无规则的车线工艺将两块面料进行了拼接，打造出了极度自然的垂坠感。同时，无袖搭配圆领的版型设计，更是将优美的脖颈以及臂部曲线展露无遗，凸显出了女性姣好的身材。,类型#裙*材质#蕾丝*颜色#黑色*图案#蕾丝*裙下摆#垂坠*裙长#连衣裙*裙袖长#无袖*裙领型#圆领*裙款式#拼接,4.5,准确性不足：待评测文案未包含所有关键词（如黑色、蕾丝面料、拼接、垂坠等），且加入了连衣裙无关的孕妇描述；生动性一般，部分描述如‘宽大的裤摆’与连衣裙矛盾，削弱购买欲；自然度低，存在重复和机械感（如‘腰围腰封包布收腹剪裁’逻辑混乱），语句不通顺。
261,"衬衣的风衣设计，时尚耐看，简单大方，不落尘俗，穿出了优雅精致的感觉；小v字领口设计修饰脸型显得小巧精致，拉伸颈部线条，穿着方便，利落有风度又很舒适；胸前两侧采用立体花朵与荷叶边的点缀,增加了整件造型的轻盈飘逸感，充满浪漫主义的风格同时给整体增添了俏皮可爱；下摆不规则的荷叶花边打造浪漫唯美的女神气质。",这件衬衫领口的设计是半开的小v领结合不规则的荷叶边设计，整体设计感十足，这样的领口勾勒出颈部线条和锁骨都很柔美。袖子部分的设计是可拆卸的风衣式袖子设计，时尚方便又能凹造型，是你的最佳选择。,类型#上衣*图案#线条*衣样式#衬衫*衣样式#风衣*衣领型#v领*衣款式#不规则*衣款式#荷叶边,8.5,文案涵盖了所有关键词（上衣、线条、衬衫、风衣、V领、不规则、荷叶边），准确性高；语言生动，使用了“时尚耐看”、“优雅精致”、“浪漫主义”等词汇，能激发购买欲望；自然流畅，无明显重复或机械感，但“落尘俗”稍显书面化，略影响自然度。
262,充满青春韵味的撞色针织圆领套头卫衣，采用了经典的卫衣版型设计，彰显出独特的时尚风格。下摆加入毛边处理和流苏作为装饰，增添几分随性的味道。搭配上时尚的领圈logo贴布和前幅烫金字母，打造个性非凡的风格。胸前logo亮片的点缀是服装的点睛之笔，精致又别致，同时带出了浓浓的复古气息感。整体廓形简约大方，十分百搭休闲。,圆领式的针织卫衣，套头的款型不仅方便了日常的穿脱，也展现出简约休闲的设计风格。加上微微的卷边效果以及局部的磨白处理，刻意做旧的感觉，让这款设计充满了复古的情怀，打造出个性又洒脱的女性气质。衣身上亮片字母的点缀，融入了明亮的撞色元素，十分吸人眼球，同时展现出极具现代感的青春风采，让人绽放出活力感。也成为了整款设计的点睛之处。,类型#上衣*材质#针织*风格#复古*风格#简约*风格#休闲*风格#青春*图案#字母*图案#文字*图案#复古*图案#撞色*衣样式#卫衣*衣领型#圆领*衣门襟#套头*衣款式#亮片,7.5,准确性方面，待评测文案基本覆盖了所有关键词，但未提及‘复古’和‘简约’风格（虽然‘复古气息感’和‘简约大方’间接涵盖，但不如原文直接）。生动性上，使用了‘青春韵味’‘个性非凡’等词，但整体略显平淡，缺乏像参考答案中‘刻意做旧’的细节描述。自然度较好，语句通顺，无复读机械感。综合评分7.5分。
263,此款浪漫的连衣裙，领部采用小立领设计，能很好的修饰脸型和脖子曲线。整体为连肩衣袖<UNK>设计，包容身材、遮肉又好看，同时增添了几分甜美与俏皮感。前片是多层荷叶花边的装饰，让裙子多了一份层次感和质感。整个后背也是超有心机的设计，左右两边不对称的美就只做一面，而且这个斜襟设计很实用穿脱便捷，同时又多了些许美感。宽宽松松的衣身又能有效遮住肚子上的赘肉，让你更加显瘦更自在。,这款连衣裙精选优质的面料，不仅手感舒适，穿在身上还非常亲肤透气。宽松的款式穿脱方便的同时还非常显瘦。花边的设计也是一大亮点，使这条裙子更加甜美可爱。不对称下摆的设计也是时髦又别致。,类型#裙*版型#宽松*版型#显瘦*裙下摆#花边*裙长#连衣裙*裙款式#不对称,7.5,文案包含了所有关键词，但有多处待改进：1）准确性上，提及了‘宽松’‘显瘦’‘花边’‘不对称’和‘连衣裙’，但未明确强调‘版型#宽松’和‘版型#显瘦’的关联性，且‘裙长#连衣裙’自然覆盖；2）生动性较好，使用了‘浪漫’‘甜美俏皮’等词汇，但‘超有心机’稍显口语化，与电商文案风格略有出入；3）自然度存在明显问题：出现了``符号，可能是格式错误，且‘<UNK>’应为AI生成错误，影响通顺；后半句‘左右两边不对称的美就只做一面’表述稍显冗长。整体有购买欲，但需修正问题可提升评分。
264,裙子最独特的设计地方就是袖子是开衩露肩设计，在视觉上面可以显得更加的俏皮感十足，凸显女性的时尚气息美感。并且它还是翻领的设计，衬托女性颈脖的效果也是很好的，能够显出修长的天鹅颈哦。而且收腰版型的设计，可以更加突出身材曲线美，让人眼前一亮，非常吸睛抢眼哦。,衣领在传统的v领上有了新的创新，加上了翻领设计，成熟之余又不失活泼可爱。并且衣领弹性大，可轻松实现正常v领和露肩两种穿法。腰部进行了收腰设计，尽显腰身。蓬松的裙摆可遮挡一些女性臀部的不足，打造完美身材。,类型#裙*裙领型#v领*裙领型#翻领*裙款式#露肩*裙款式#收腰,6.5,准确性不足：缺少对v领和露肩两种穿法的描述，且未提及裙摆对臀部的修饰作用。生动性尚可，但“非常吸睛抢眼”略显冗余。自然度一般，部分表达有机械感，如“衬托女性颈脖的效果也是很好的”。
265,这件上衣最大的亮点在于其版型的设计感，大翻领、小露肩设计，让你拥有满满的女人味，胸前两片式v领结合小露肩效果，瞬间展现出你的个性与独特魅力；收腰的设计搭配长款衣摆，更展现玲珑有致的身材。整体颜色为红<UNK>红色，很亮眼，吸睛指数很高。,衣领在传统的v领上有了新的创新，加上了翻领设计，成熟之余又不失活泼可爱。并且衣领弹性度高，可轻松实现正常v领和露肩两种穿法转换。腰部进行了收腰设计，尽显腰身。蓬松的裙摆可遮挡一些女性臀部的不足，打造完美身材。,类型#裙*裙领型#v领*裙领型#翻领*裙款式#露肩*裙款式#收腰,6.5,准确性方面，待评测文案提到了v领、翻领、露肩、收腰，但未明确提及裙摆或遮挡臀部等功能，且混淆‘上衣’与‘裙’类商品。生动性较好，使用‘满满的女人味’等词汇有吸引力，但‘红<UNK>红色’存在未知标记影响阅读。自然度一般，部分表述略显堆砌，如‘大翻领、小露肩设计’与后文重复，整体流畅但可优化。
266,此款连衣裙设计为高腰a字版型，贴合腰部曲线，凸显纤腰的同时还能轻松拉长下半身比例，显高又显瘦;侧边采用了隐形口袋装饰，使连衣裙看起来不单调乏味，既方便实用又不失美观性。门襟处有交叉绑带的点缀，彰显细节感之外还能起到修饰全身作用;裙摆微透白纱打造，若隐若现的小秘密，充满迷人魅力。,这款连衣裙最吸引的亮点就是它独特的腰封设计，显腰细max。加上高腰的版型，瞬间拉长全身比例，凸显高挑身材。细长的绑带设计，帅气中又凹足造型。a字型的裙摆敲不挑人穿，菇凉们可以轻松驾驭哦。,类型#裙*裙型#a字*裙腰型#高腰*裙长#连衣裙*裙款式#绑带,5.7,准确度：仅包含高腰、A字、绑带三个关键词，缺少连衣裙（隐含但未明写）、裙款式（绑带算部分覆盖）、裙腰型（高腰有）、裙长（连衣裙未突出），且多了非关键词的纱、口袋等，遗漏了腰封设计这个核心亮点；生动性：有一定描述但不如参考答案吸引人，如'若隐若现的小秘密'稍显刻意，购买欲望一般；自然度：整体通顺，但'使连衣裙看起来不单调乏味'略显机械，有说明文感。综合来看，文案有亮点但偏离了参考答案的关键要素，且缺乏腰封等核心卖点。
267,"经典的修身衬衫版式设计,上身挺翘有型!肩线处的荷叶摆更丰富了层次感，立体美观。后腰的绑带系成蝴蝶结可固定腰姿与提高腰臀曲线！时尚有型的同时又体现女性柔美气息！胸前一侧插袋，实用又有腔调！下方的方形盖口袋则起到点缀作用！很有美感，衬托得整件白衬衫素净清新之余也增添了几分文艺范儿。弧度优美的开衩袖口简约又自然地流露出你的自信风采，尽显优雅女人味~前低后高的落尾圆弧剪裁和简洁的小立领让整个整体看上去更有灵气。彰显出女性的知性气质!",衬衫和阔腿裤的组合，简约的搭配方式，但并不简单。上衣采用小立领半开襟设计，简约利落，前两个口袋设计，带来层次感，整体的风琴百褶，尽显女性的婀娜多姿，阔腿裤设计。加上时尚的绑带，利落范，还有开叉的半裙。飘逸清新又文艺。,类型#上衣*风格#文艺*风格#简约*风格#清新*衣样式#衬衫*衣领型#小立领*衣款式#口袋*衣款式#绑带,6.5,文案基本覆盖大部分关键词，但遗漏了'绑带'（虽有提及后腰绑带系蝴蝶结，但未突出绑带本身）、口袋数量与位置不符；语言生动但部分表述冗余；通顺性一般，有少许模板痕迹。因此给出6.5分。
268,这款连衣裙在条纹的袖口处添加了蕾丝面料的面料点缀，使得整体变得更加的靓丽精致，彰显出女性的浪漫风情；在蕾丝花纹之间用蝴蝶装饰成花型，打造出立体的视觉效果，凸显小女人味儿；精选含有聚酯纤维面料的精梳棉，柔韧舒适有弹性，呵护双手肌肤。肩部采用微收的设计，搭配下摆的开叉设计，让造型层次更富张力感，穿着随意自在。衣片中间采用双层的拼接设计，展现出立体饱满的造型感。,一款舒适有型的聚酯纤维连衣裙；富有特色的拼接设计，将条纹与蕾丝相碰撞，融合出一种充满浪漫的设计感，使时尚的着装拥有了浪漫与柔美的气息；简洁有型的长领角，随性而系的蝴蝶结则凸显俏皮与可爱，垂下不系则显个性的韵味。,类型#裙*材质#蕾丝*材质#纤维*图案#条纹*图案#蝴蝶结*图案#蕾丝*裙长#连衣裙*裙款式#拼接,5.5,准确性不足：缺少图案*蝴蝶结、裙长*连衣裙（仅提到连衣裙但未强化裙长）、图案*蕾丝等关键词；生动性一般：有细节描述但不够精炼，如“靓丽精致”“浪漫风情”略显俗套；自然度欠佳：多处语病（如“蕾丝面料的面料点缀”“蝴蝶装饰成花型”），且有机械复读感（“聚酯纤维面料的精梳棉”逻辑矛盾）。“呵护双手肌肤”与裙子不相关。整体需优化。
269,这款露肩连衣裙以经典竖条纹和流行的花朵边装饰为基调，轻松将优雅与性感兼具于一身。时尚经典的条纹设计，使整个人显得优雅而大方。小立领的设计，更好的修饰了精致的脸部轮廓，上身穿着非常利落干练。个性感的小圆领口，穿起来更俏皮减龄，而且很好的起到了点缀的作用。时髦的荷叶花边短袖，使整件裙子更显甜美可爱了，彰显女性的魅力。,一款清爽又减龄的条纹连衣裙，衣身黄白条纹设计，显得青春而靓丽，上身衬肤色又显年轻；简约的花边圆领，散发出甜美可爱的气质；露肩短袖设计，满足穿者的性感小心机。,类型#裙*风格#简约*风格#青春*风格#性感*图案#条纹*裙下摆#花边*裙长#连衣裙*裙袖长#短袖*裙领型#圆领*裙款式#露肩,6.0,文案包含了大多数关键词，但缺少'性感'和明确的'条纹'描述；语言较生动但带有AI机械感，如'修饰了精致的脸部轮廓'等表达不自然；整体通顺但重复使用'使'字句，且风格与参考答案有偏差。
270,这条裤子采用高弹的氨纶面料，穿上柔软舒适有质感；侧边的撞色网状装饰结合裤腿下摆的贴布装饰，尽显层次的美感；毛边拼接的设计，不仅增强了立体感，还呈现出一种随性自由的美式复古味道。非常显身材的一款，可以搭配一件简单的t，就可以打造随性的嘻哈感。,前身复古的毛边点缀，趣味风十足，一下子提高了造型感，上身倍感玩味俏皮，让你很容易穿出青春活力女孩气息。嘻哈感十足的裤腿带来富有灵动感的穿着效果，结合整体的撞色和拼接设计，透着几分小女生的乖巧气息。,类型#裤*风格#复古*风格#嘻哈*图案#复古*图案#撞色*裤款式#拼接*裤口#毛边,7.5,准确性较好，涵盖了所有关键词；生动性不足，描述偏功能化，缺乏情感感染力；自然度较高，通顺但略显机械。
271,浅色的面料上，精致的竖形的双道宽条纹，让造型显得大气端庄。简洁的一字肩设计，有效的修饰了颈部的比例，衬托出修长纤细的颈部线条。大气的波浪形圆弧状的裙身裁剪，层次感非常强，上身舒适而又利落挺括。下摆处采用了细腻优雅的压褶拼接，呈现出丰富的视觉享受，为造型增添了更多的立体感。,肩部、袖口都采用条纹拼接，增加层次感，又营造出一字领的错觉，显得精致温婉。浅色线条勾勒裙边，让轮廓感立显，优雅大气。精致的压褶处理，让视觉效果更丰满，有不错修饰胸型的作用，让人心动。,类型#裙*颜色#浅色*图案#条纹*图案#线条*裙下摆#压褶*裙领型#一字领*裙款式#拼接,8.5,准确性：关键词基本覆盖，但未明确提及「条纹」为拼接，而是描述为竖形双道宽条纹，与参考答案的拼接略有偏差；「袖口」未出现，但肩部条纹与一字领已体现。生动性：语言较吸引人，使用了「大气端庄」「修长纤细」「丰富视觉享受」等，有一定购买欲。自然度：通顺流畅，无复读感，但「舒适而又利落挺括」稍显机械。整体较好，扣分点在于准确性微瑕。
272,一条具有强烈摩登感的条纹元素时尚连衣裙，通过不对称的设计方式呈现，大胆前卫却一点也不突兀的将设计感和腔调感融为一体，带来强烈的视觉冲击力，在人群中轻松脱颖而出；大方的深v领造型拉长颈部线条的同时，露出美妙的锁骨曲线，凸显女性的独特魅力和优雅气质，为简洁的衣身打造吸睛看点；左右两侧肩部利用不同材质的相互拼接的方式，形成鲜明的撞色拼色效果，营造了一种不对称的美视觉效果，打破传统裙身的拘泥呆板，增添动感时髦气息彰显女性街头感；下摆以开衩的形式呈现在众人面前，行走间飘逸感十足，塑造出一派唯美娇俏形象。,这款对称撞色连衣裙，大胆玩转不对称的艺术美。左右对称拼色<UNK>两件的设计，瞬间让你摆脱路人甲的穿搭造型，成为街头最出彩的<UNK>。斜条纹的设计，更是摆脱纯色调的呆板无趣，让你穿出腔调感来。v字领口设计，更是完美凸显颈部的纤长线条。,类型#裙*风格#街头*图案#条纹*图案#拼色*图案#线条*图案#撞色*裙长#连衣裙*裙领型#v领*裙款式#不对称*裙款式#对称,6.5,准确性方面，文案覆盖了所有关键词，但未明确提及'对称'，而是强调不对称，略有偏差。生动性上，语言丰富，使用'视觉冲击力'、'动感时髦'等词汇，能激发购买欲望。自然度上，句子较长，部分表述略显重复（如'不对称'多次出现），但整体通顺，无明显机械感。综合评分为6.5分。
273,<UNK>男士以低调而又内敛的黑色为主基调打造的这款衬衫，整体采用了简洁且较为干练的翻领设计，带来较为实穿的效果。设计师为裙子做了彩色的花卉印花的融入，配合撞色细节设计，显得更为精美大方。,个性时尚的衬衫采用了纯黑色的色调设计，整体打造了摩登随性的自由风格，凸显个性时尚的质感。结合了魔术扣的立体印花，在黑色的映衬之下，撞色使得更有摩登时尚的质感，打造活力穿着。,类型#上衣*颜色#黑色*图案#印花*图案#撞色*衣样式#衬衫,6.0,准确性：缺少关键词'衬衫'并出现'裙子'，且未提及'魔术扣'和立体印花，存在0分点。生动性：语言平淡，'低调内敛'等词缺乏冲击力。自然度：整体通顺，但'<UNK>'和'裙子'导致逻辑矛盾，机械感明显。
274,这件两件套裙子采用的是弹力橡筋腰头设计，穿脱舒适方便，简单时尚的设计。腰部加宽橡筋设计使裙子更为贴合身形更显瘦，包容性更强。,腰部是松紧带设计对身材的包容性很好。高矮胖瘦的姑娘都可以用，显高显瘦的效果不止一点点，另外这款裙子也很适合旅行时穿，飘逸柔美充满异域风情的味道。,类型#裙*版型#显瘦*裙款式#松紧带,6.5,文案包含所有关键词（类型#裙、版型#显瘦、裙款式#松紧带），准确性达标。但生动性不足，语言较平淡，缺少如‘高矮胖瘦都能用’‘飘逸柔美’等富有感染力的描述，购买欲望弱。自然度尚可，但存在机械感，如‘穿脱舒适方便，简单时尚的设计’略显重复。整体优于基础但不够吸引人。
275,浪漫优雅的连衣裙上遍布着精美的花朵装饰，让裙子本身也多了一份时尚的气息。七分袖的造型配上镂空的细节设计更是甜美气息十足，与裙子整体造型更显协调统一。同时它也用精致的钩花将衣身<UNK>，看上去非常精美且立体。高腰的裁剪加上修身版型的制作，上身显瘦效果更好，也能拉长自身的比例，让人轻松拥有大长腿。而喇叭袖的设计则带来了飘逸灵动的美感，穿着时更显仙气十足。,修身款型的连衣裙是衬托曼妙身段的好帮手，高腰的设计将腰部的纤细修饰的更加迷人。尤其是衣袖处的别致设计，带着喇叭袖的造型将手臂修饰的更加纤细，搭配上七分袖的独特为穿戴之人更添优雅之感，从此告别令人尴尬的赘肉。若隐若现的镂空为整件衣衫增添了一抹成熟女人的妩媚之情。,类型#裙*版型#显瘦*裙腰型#高腰*裙长#连衣裙*裙袖长#七分袖*裙袖型#喇叭袖*裙款式#勾花镂空,6.5,准确性不足：缺少了'裙袖型#喇叭袖'（虽然提到了'喇叭袖'，但关键词是'裙袖型#喇叭袖'，以及'裙款式#勾花镂空'未完全体现（文案中'镂空'和'钩花'已出现，但'勾花镂空'为固定搭配）。生动性较好，语言优美有感染力；自然度尚可，但中段有<UNK>标记，影响通顺。综合扣分。
276,领口处的荷叶花形小立襟设计，可以随性披在肩上，也能选择穿好背心。双层的衣袖以及腰部荷叶边点缀，为整体增添了柔美灵动的姿态，带来精致而典雅的造型美感。前襟一字排扣设计，方便日常穿脱，且富有层次和立体感。腰部收紧的设计，尽显女性的曲线窈窕身韵。修身的款式剪裁，巧妙的遮住了赘肉起到显瘦的效果，展现曼妙身材曲线。,一款仿佛礼服般的裙子。修身显瘦的款式衬托出端庄迷人的身姿，腰间处理让纤细的小蛮腰呈现盈盈一握之态。胸前荷叶边的点缀为整体增添了几分随心所欲的美，领口设计衬托颈部曲线的同时展示女性魅力。袖口三排扣从细节中彰显质感。,类型#裙*版型#显瘦*裙下摆#荷叶边*裙衣门襟#排扣,7.0,文案包含了所有关键词，但生动性一般，语言略显平实，购买欲望不强；自然度较好，通顺无复读，但部分表述如‘随性披在肩上’与荷叶立领实际穿着不符，略有偏差。
277,这款优雅气质的风衣，采用时尚西装领设计，尽显女性干练的一面。而清新的浅蓝和淡紫配色，透出文雅与恬静之美，更显气质温婉动人。细腻的民族风精致刺绣图案，结合复古喇叭袖，充满古典韵味。修身款型勾勒迷人曲线，别致的腰带配以蝴蝶结系带点缀腰间，凸显身型的美妙之处，也增添了视觉看点。在纯色的面料上，融入了中国风情调的绣花元素，使得整体充满了浓郁的民族风味，上身展现出浓浓的中式范儿，衬托出女性的时尚文艺感。长款直筒版型上身遮肉又很利落显瘦。,气质柔雅的一款纯色风衣，清浅素雅的浅蓝色基调清新脱俗有点不食人间烟火的味道，为整体文艺风格奠定了很好的基调。惹眼的细节莫过于西装翻领上的民族风刺绣花朵，古典的中国风美韵油然而生，把西装领原有的干练洒脱掩盖了起来。腰身修身的腰带系成了甜美俏皮的蝴蝶结，与两侧系带喇叭袖的造型相互呼应，轻松打造出乖巧恬静的淑女形象。,类型#上衣*版型#显瘦*颜色#纯色*颜色#浅蓝色*风格#淑女*风格#文艺*风格#民族风*风格#清新*风格#中国风*图案#纯色*图案#蝴蝶结*图案#刺绣*衣样式#风衣*衣样式#西装*衣领型#西装领*衣领型#翻领*衣袖型#喇叭袖*衣门襟#系带*衣款式#腰带,7.5,文案准确包含了所有关键词（除“蝴蝶结”外），但未提及“蝴蝶结”细节，略有遗漏；语言较为生动，有画面感和购买欲望，但部分表述稍显冗余，如“显现出身型的美妙之处”与前面“勾勒迷人曲线”重复；自然度较好，通顺无机械感，但“淡淡的紫色”与商品关键词“浅蓝色”不符，存在事实错误。整体质量较高，细节可优化。
278,这款两件衬衫裙的设计亮点在于上衣选用了撞色的宽袖设计，打破了整体的单调与沉闷，增添了少女活泼俏皮的感觉；另外裙子是选用柔软的梭织面料制成的，具有较好的挺括感和垂性。让这条裙子穿着起来更显身材纤细，腰间采用压褶处理勾勒出凹凸有致的身材曲线。使得原本简洁的连衣裙不显单调，而显得更加耐看有趣味性。彰显十足的个性。演绎复古优雅又不失时尚感的女性魅力。,"简约不简单的一款连衣裙,裙身复古大气的花纹,好穿又衬气质!融入撞色设计,鲜明的层次感,美的清晰立体。轻松穿出惹眼视觉感!前片压褶设计,精致有型,褶线自然垂落,<UNK>飘逸,带来一丝柔美韵味。",类型#裙*风格#复古*风格#简约*图案#复古*图案#撞色*裙下摆#压褶*裙长#连衣裙,6.0,待评测文案缺少关键词'复古'、'图案'、'连衣裙'（缺少'裙'字，写成了'两件衬衫裙'），且'压褶'描述与参考答案的'前片压褶'不完全一致。语言较生动，但存在描述偏差（如'两件衬衫裙'与商品类型'连衣裙'不符），导致准确性不足。部分表达如'凹凸有致的身材曲线'略显俗套，但整体有一定购买欲望。
279,简洁的版型配上淡雅的色彩，搭配出优雅的女神气息。肩袖部分加入了<UNK>点缀，增添了几分时髦感。前短后长的不对称设计，让衬衫看上去与众不同，在走动间透露几分离落不羁气质。领口系带的设计给整体添加了灵动的味道，衣身的自然褶皱丰富视觉感受，上身效果十分出彩。素雅的浅色调有着让人过目不忘的美。,浅色色系的衬衫是春意盎然的代表色系，清爽又整洁，非常时尚的设计。左边的系带使得右边出现褶皱感，使得整件衬衫变得非常有质感，衬衫下摆的不对称，更是设计师赋予它独特的魅力，时尚感强烈。增加了衬衫的<UNK>，同时侧边开叉，更显女性腰部曲线魅力，非常完美的一件设计作品。,类型#上衣*颜色#浅色*衣样式#衬衫*衣门襟#系带*衣款式#不对称*衣款式#抽褶,8.0,准确性方面，文案包含‘衬衫’、‘浅色’、‘系带’、‘不对称’、‘抽褶’等关键词，但未提及‘门襟’和‘抽褶’（以‘自然褶皱’代替），基本完整。生动性良好，语言优雅具有吸引力，能激发购买欲。自然度较高，通顺流畅，无机械感，但‘离落不羁气质’稍显拗口。综合评分8分。
280,这款纯黑色的连衣裙采用大身面料和袖口面料以及领子处的撞色设计带来鲜明的视觉感，让人眼前一亮，简约而不简单，时尚有型。中长款的过膝长度，加上宽松的版型上身之后更加遮肉显瘦，包容身材不修边幅。领部的设计也是别具匠心，采用经典的v字领型拉长了颈部线条，更显气质干练，搭配简单的内衬或一件小外套都可以让你轻松出街，享受自由与惬意。选用高密度的纱线编织针织花纹使得整体更加的精致清新，穿着透气吸汗。,这款针织连衣裙，是经典的黑色款，衣身的撞色线条时髦摩登，出街实力吸睛！衣身领口吃采用经典黑、白、红撞色，清新靓丽的大v字设计，糅合低调、浪漫与热情，彰显摩登的时尚感。中长款的宽松款式，落肩的设计轮廓勾勒简约裙装，轻松修饰身材小秘密，俏丽又显瘦！,类型#裙*版型#宽松*版型#显瘦*材质#针织*颜色#黑色*风格#简约*风格#清新*图案#线条*图案#撞色*裙长#连衣裙*裙衣长#中长款,7.0,准确性上基本覆盖了关键词，但缺少‘清新’元素的突出；生动性上使用了‘鲜明’、‘眼前一亮’等词语，但整体略显平淡，缺乏参考答案的摩登感与购买冲动；自然度较高，语句通顺，但‘不修边幅’用词稍显生硬，且‘采用高密度的纱线编织针织花纹’句式冗长，稍显机械。总体而言，文案合格但不够出彩。
281,采用优质的面料裁剪而成的一款卫衣，在领口的地方做了圆弧的分割，看上去能够很好的修饰脸部的轮廓并且拉长颈脖的线条感哦。胸前还有品牌的logo字母刺绣在上面，非常的小心机，让整体看起来更有立体感觉。袖子的部分是采用的撞色设计，显得时尚度很高哦。,由近年来大火的时装品牌dsquared2出品的卫衣，采用数字、字母logo标识和树叶图案作为点缀，以黑黄撞色的刺绣手法呈现，线条<UNK>分明且具有立体感，经得起全方位的推敲与<UNK>。,类型#上衣*图案#字母*图案#文字*图案#线条*图案#刺绣*图案#撞色*衣样式#卫衣,7.5,准确性：包含上衣（卫衣）、字母、刺绣、撞色、线条（通过立体感体现）、文字（字母）、图案（通过品牌logo及树叶未提及但可接受），但缺少图案#文字、图案#线条的明确表述，且未提及“数字”和“树叶图案”。生动性：使用了“小心机”、“时尚度很高”等词，有一定吸引力，但整体语言较平实。自然度：语句通顺，无复读或机械感，但“看上去能够很好的修饰脸部的轮廓并且拉长颈脖的线条感哦”略显口语化。
282,想要让自己看上去更有气质一些，那么可以选择这款西装外套来穿哦~经典的黑白配色，轻松展现出个性摩登的时尚风范。宽松直筒版型的剪裁，对身材有很好的包容性，穿着起来舒适无束缚感受。干练个性的西装领口设计，搭配上流苏装饰的系带点缀，尽显优雅精致之感。腰间带有褶裥的收腰处理，丰富了整体造型层次感的同时又能起到修饰身形的作用~上身更具复古时髦气息。前短后长的开叉下摆，又增添了些许随性的休闲感觉!,充满港式复古风味的西装外套，上身是宽松的西装下身则是休闲的阔腿裤。上身的西装采用的经典的西装领结构，能够衬托出女性精致的脸庞。腰间还加有一根系带装饰，可以随意调节进行收腰处理，勾勒出女性的细腰凸显出女人味。下身宽松的高腰裤型能够拉长下半身的视觉比例。,类型#上衣*版型#宽松*风格#复古*风格#休闲*图案#复古*衣样式#外套*衣样式#西装*衣领型#西装领*衣门襟#系带*衣款式#收腰,7.0,准确性方面，基本覆盖了所有关键词，但未明确提及“休闲”风格（阔腿裤未出现），且“复古”图案未体现。生动性较好，使用了比喻和修饰，能激发购买欲。自然度较高，但结尾“前短后长的开叉下摆”与前文“西装外套”搭配略显突兀，稍欠连贯。综合扣分较多因缺失关键词和细节不匹配。
283,时尚的潮流一直流行于时尚圈，那么穿一件个性的半裙就能让人眼前一亮。<UNK>这款不规则下摆设计的纯色半身裙绝对是街拍的好物。时尚的不规则下摆设计，新颖美观，彰显青春的活力与动感美感，彰显个性魅力，让你尽情绽放你的美丽；精美的拼接工艺做工细致细腻，穿着舒适。,此款拼接贴布半身裙，采用不规则设计，搭配拼接设计，层次感强，紧随潮流，时尚又个性。贴布设计，增加整体设计感，尽显女性甜美气质。纯色设计，经典百搭，青春减龄，优雅又魅力。,类型#裙*颜色#纯色*风格#青春*风格#潮*图案#纯色*裙长#半身裙*裙款式#拼接*裙款式#不规则,5.5,文案未包含所有关键词（如拼接、贴布、青春减龄等），准确度不足；语言有一定生动性，但使用<UNK>符号破坏自然度；整体通顺但存在冗余，购买欲驱动一般。
284,这件针织开衫在经典的版面上点缀了<UNK><UNK>图案，显得特别有趣，增添了时髦感和趣味感。同时用简单的罗纹收边的设计，看起来更随性无负担，穿脱起来也更方便。而且这种设计的舒适度也比较好，不会因为紧身的束缚感而觉得不舒适。罗纹的收紧也是恰到好处，能够起到拉伸的效果。领子做的也是比较舒适的圆领设计，而且搭配起来也简单舒适。,可爱甜美的棉线针织开衫，手感细腻软糯，是很实用的搭配单品，多种颜色可选，伴随宝贝靓丽出行。适合身形轮廓的剪裁，给身体留出足够的活动空间，自由不拘束。经典的罗纹圆领，织带包边，有效避免摩擦颈部肌肤，且防止拉扯不易变形。有弹性的罗纹袖口，宝贝穿着不易上下滑落，保暖又舒适。,类型#上衣*材质#针织*衣样式#开衫*衣领型#圆领*衣袖型#罗纹袖口*衣款式#罗纹,5.5,"准确性方面，文案包含了""针织""、""开衫""、""圆领""、""罗纹袖口""、""罗纹""等关键词，但缺失""棉线""、""材质#针织""中的材质强调，且包含<UNK>占位符。生动性上，语言较平淡，缺乏视觉化和情感化描写，未能激发购买欲。自然度较好，通顺但略显机械，有重复用词如""舒适""。整体不如参考答案细致全面。"
285,白衬衫似乎总是与浪漫和恬静相连，一件白色的衬衫更是能穿遍四季的好选择，轻松打造清纯的邻家女孩形象。胸前一侧采用了拼接<UNK>的设计，字母点缀，个性而又活泼。修身的版型设计，塑造完美轮廓。小翻边的娃娃领，甜美又俏皮。时尚优雅知性气质集于一身，让人不由自主的为之着迷。,干练大方的衬衫连衣裙，经典的黑白色拼接，知性优雅。娃娃领的设计，多了几分俏皮感，彰显甜美可爱的少女气息。门襟和袖口的拼接相呼应，时髦大气。修身的版型，束出纤细的腰身，凸显柔美的女性曲线。简洁的a字裙摆，衬出迷人的大长腿。整条裙子点缀彩色爱心，碰撞胸口的字母设计，趣味性十足。,类型#上衣*版型#显瘦*颜色#白色*风格#知性*图案#字母*图案#文字*衣样式#衬衫*衣领型#娃娃领*衣款式#拼接,7.0,文案整体通顺自然，但未体现'拼接'、'门襟'、'A字裙摆'等关键细节，准确性不足；生动性良好但缺少原文中'爱心图案'和'字母碰撞'的趣味性描述，购买欲激发不够强烈。
286,整体裙子是两件套的叠穿方式，外面一层薄薄的蕾丝裙，精致有设计感；里面罩衫采用优质网纱面料，舒适亲肤；后背暗门襟隐形拉链，穿着利落方便！,活力四射的夏天穿搭，少不了一件蕾丝吊带裙。这件网纱蕾丝吊带裙两件套，内层选用精巧可爱的吊带裙，在蕾丝的映衬下，更衬托女性的优雅情调，两肩及袖口处采用质感十足的金属拉链装饰，在女性的柔美上，增添一份女性的独立性格。而腰身则选用精致动人的暗纹设计，隐隐显示女性专属的古典美。,类型#裙*材质#网纱*材质#蕾丝*图案#蕾丝*裙衣门襟#拉链*裙款式#拉链,5.0,准确性：缺少'拉链'（门襟/款式）关键词，且未提及'图案#蕾丝'。生动性：语言平实，缺乏感染力和购买欲望。自然度：语句通顺但略显机械，无复读。
287,小清新的蕾丝衫可谓是春天必不可少的单品之一~这款素色底调的设计非常的简约干练，搭配两粒立领设计更显甜美减龄风范。此外。采用经典中式斜襟盘扣和荷叶花边短袖设计更加修饰气质~,一款旗袍上衣立领短袖蕾丝衫，立领的设计非常能够彰显个人的气质。搭配盘扣的设计，透着中国风情，更显端庄大方。蕾丝面料的选择，优雅而又别致，女人味十足。纯白的设计，简约而又清新，可塑性很强，可以根据需要搭配任何颜色。,类型#上衣*材质#蕾丝*风格#简约*风格#清新*图案#蕾丝*衣样式#衫*衣领型#立领*衣袖长#短袖*衣款式#盘扣,7.5,准确性方面，文案覆盖了‘蕾丝’、‘立领’、‘盘扣’、‘短袖’、‘简约’、‘清新’等关键词，但缺少‘上衣’、‘衫’、‘旗袍上衣’等，且未强调‘纯白’；生动性较好，使用了‘小清新’、‘甜美减龄’等词，能激发购买欲；自然度尚可，但有‘此外。’标点错误，略有机械感。综合扣分。
288,一款美腻又仙气的两件套礼服裙装，上衣与裤身的造型感都很强。上衣部分是修身版的款式设计，很好的修饰身材，衬托曲线。大片的蕾丝花片点缀衣身，精致而浪漫的花<UNK>，优雅中又很有女人味，更显小女人的风情。吊带的设计，微露迷人香肩和锁骨，显得优雅柔美。裤子是连体设计的a字版型，视觉上提高了腰线。在裤腿的部分加入立体玫瑰的蕾丝拼接，更加的甜美可人。,连体裤在上衣的部分采用了蕾丝拼接的设计，小小的披肩遮住上身，若隐若现的手臂十足的有朦胧美。而裤子的地方也特意做高了腰线，收褶的设计更是能够将腰部衬托的更加纤细，很好地起到显高显瘦的作用。灰白两种颜色做搭配也是十分的清新自然，仙女气十足。,类型#裤*版型#显瘦*材质#蕾丝*图案#蕾丝*裤长#连体裤*裤款式#拼接,7.0,待评测文案涵盖了大部分关键词，如蕾丝、连体裤、拼接、显瘦，但漏掉了'裤长'和'图案#蕾丝'（虽已提及但作为图案不够明确）。语言生动，用了'美腻又仙气'等词汇，但存在错别字'花<UNK>'和少量机械感。整体通顺，但部分表述（如'造型感都很强'）稍显抽象。综合评分7分。
289,这是一款集优雅、轻熟、时尚于一身的连衣裤裙，上衣采用透视纱质感面料的装饰性花边领，若隐若现的露出锁骨曲线。显得十分女人味十足了，而垂坠的花型面料则可以很好的修饰脸型和身形，营造出立体丰富的层次感。腰部处搭配蝴蝶结系带的设计，精致典雅。加之宽肩带的加持，可以让你自由无拘束。搭配上清新的<UNK>蓝色调的阔腿裤和袖口处的褶皱处理来呈现整体的轻盈浪漫，打造出飘逸感十足的时髦造型。,连衣裤的受追捧程度<UNK>，BRAND也按捺不住加入了此款式的<UNK>，采用通身的蕾丝质地，打造出一款又美又仙的扮靓单品。蓝色调的渲染，带来了湛蓝天空的清新纯净感；两侧的褶皱花边造型，演绎<UNK>蝴蝶般的飘飘然姿态；高腰线和阔腿的剪裁，修饰双腿，立显高挑身姿。,类型#裤*材质#蕾丝*颜色#蓝色*风格#清新*图案#蕾丝*裤长#连体裤*裤型#阔腿裤*裤型#连衣裤*裤款式#抽褶*裤腰型#高腰,5.0,准确性较低，漏掉了多个关键词，如蕾丝材质、高腰、抽褶、连体裤等；生动性一般，部分描述如'女人味十足了'略显冗余，但有一定画面感；自然度尚可，但存在重复感（如'十分女人味十足了'）和前后逻辑不顺（如最后一句搭配描述混乱）。
290,很显优雅和气质的一款连衣裙，采用了简洁大方的经典小圆领设计，衬托出优美的脖颈曲线及秀气的脸型，搭配精美的亮片点缀在胸部周围，散发出迷人魅力，同时提升了服装整体的质感。衣身的立体毛边剪裁丰富整体的造型感且美观耐看，彰显女性的大气与不羁个性。浪漫雅致的袖子设计尽显女人的知性与典雅，整体看起来非常高端，让你穿出低调中的时尚奢华，完美演绎轻奢风范，展现高贵的名媛气场！,此款连衣裙硬挺厚实，细腻的颗粒，凹凸的触感，质感饱满，带来品质体验；把女性之美的璀璨夺目亮片融入其中，摩登与优雅并存，绽放你的美丽与智慧光芒；加上毛边的沿边点缀，简约时尚，削弱原本普通连衣裙的平庸，注入不安分玩转因子，散发出知性优雅的超强气场，摩登轻奢潮品，优雅不失时尚感；精致剪裁，注重每一个细节处理，简约的圆领，凸显优雅气质，勾勒婀娜身姿，犹如一件精致的艺术品，尽显高贵女性韵味。,类型#裙*风格#简约*风格#知性*风格#高贵*裙下摆#毛边*裙长#连衣裙*裙领型#圆领*裙款式#亮片,7.0,1. 准确性：涵盖所有关键词，但未明确提及“毛边”和“亮片”具体位置，而参考答案中“毛边沿边点缀”更准确；2. 生动性：语言较优美，如“低调中的时尚奢华”有吸引力，但“浪漫雅致的袖子设计”略显模糊，不如参考答案具体；3. 自然度：通顺，无机械感，但“搭配精美的亮片点缀在胸部周围”稍显复杂，整体流畅度较好。扣分点在于细节精准度不足。
291,"这件短袖采用优质的面料制作而成，有着挺括有型的质感，给你细腻舒适的穿着享受；优质的羊羔毛面料质地非常的轻柔温暖，给人带来舒适感，非常贴身不<UNK>；简约的款式设计，看起来时尚大方，优雅别致；经典的半高领设计，不仅防风保暖，还能使颈部显得纤细修长，非常凸显你的修长脖颈曲线,让你穿出优雅大气的独特品味，无论搭配短裙还是简单的打底毛衣，都能很好的展现你的时尚气质。",春天到了，你的上衣准备好了吗？这款炒鸡减龄的毛衣，百搭又时髦，设计了优雅的半高领造型，打破常规，新颖简约不失时髦度，让基本款有亮点。以及短袖的裁剪，特别利落，减少造型的臃肿感，且百搭又有范。,类型#上衣*风格#简约*衣样式#毛衣*衣领型#半高领*衣袖长#短袖,3.5,缺乏关键词'毛衣'和'短袖'，未完整覆盖所有关键词；语言较平淡，缺乏购买吸引力；存在复读现象（如'非常'重复），且有<UNK>未知标记，通顺度不足。
292,一款优雅时尚的衬衫，融入了欧美女明星的写真图案和几何<UNK>元素点缀衣身，显得十分的个性时髦，上身有种强烈的欧美风范，吸人眼球。简洁干练的小翻驳领设计，修饰颈部线条感十足。前短后长的剪裁设计，下摆加以可爱的荷叶边搭配，增添几分甜美的气息。修身的版型尽显女性凹凸有致的身材曲线，袖口处的收紧点缀也彰显出都市女性的妩媚气质。,欧美个性几何衬衫搭配包臀半裙，给人带来视觉上的享受。精美印花的点缀，充满着浪漫的气息。干净利落的剪裁打造流畅的线条，修身的上衣塑造完美身形，荷叶边裙的设计很精巧，细节也做得很到位，上身显瘦。,类型#上衣*版型#显瘦*风格#欧美*图案#几何*图案#线条*图案#印花*衣样式#衬衫*衣款式#荷叶边,7.5,待评测文案涵盖了关键词（上衣、显瘦、欧美、几何、线条、印花、衬衫、荷叶边），但缺少‘图案’一词，且出现了未定义的<UNK>标记，准确度略有扣分。语言生动，使用了‘个性时髦’、‘吸人眼球’等表述，能激发购买欲；但部分描述（如‘都市女性的妩媚气质’）稍显夸张。整体通顺，但‘修饰颈部线条感十足’略显机械，影响自然度。总体较好，但仍有提升空间。
293,"这款外套采用了格纹的面料设计，展现出男士的沉稳大气风范。经典的翻领版式穿着舒适，方便调节颈部线条。肩部的大口袋可以彰显出时尚与个性魅力,同时具有实用的功能效果，将手臂放置在里面，轻松打造男士挺拔身姿，让男生气场瞬间提升。整体为黑色的格调选择，展现男人的优雅绅士感，而且不显花哨，充满了一种低调内敛的气质感觉。再结合民族风的色调，让你瞬间成为休闲时尚的风向标。",这款外套领部采用小翻领的设计，显得干净利落。以粗花呢格纹面料制作而成，展现出满满的小香风~衣身四个方形口袋的设计，集美观性与实用性于一体~并以流畅的黑色线条点缀，增加了整体的层次感。下摆和衣袖处做了流苏的设计，增添几分民族风的感觉，休闲范十足。,类型#上衣*颜色#黑色*风格#民族风*风格#休闲*图案#格子*图案#线条*衣样式#外套*衣领型#翻领*衣款式#口袋,6.0,准确性方面，文案涵盖了格子、翻领、口袋、黑色、民族风、休闲等关键词，但未提及线条和流苏，且将口袋描述为肩部大口袋，与原文方形口袋不符。生动性方面，语言较为平实，缺乏画面感和情感共鸣，购买欲望一般。自然度方面，部分语句有机械感，如“让男生气场瞬间提升”“充满了一种低调内敛的气质感觉”，略显重复和刻意。
294,蕾丝与网纱的碰撞打造出甜美的少女风连衣裙，采用两件套的版式作为设计亮点，外层透视的罩衫让你整个人散发着浪漫的气息，里衬舒适的内贴<UNK>你呵护每一点肌肤。衣摆下摆的碎褶让这款裙子非常的飘逸自然，尽显淑女风范。搭配上内搭的小吊带和超细肩带的元素，居家又具有时尚感。,一款优雅的连衣裙，将女人气质十足的体现了出来，蕾丝的小吊带图案饱满，亲肤不扎手，也不用担心起球。里面的连衣裙甜美感十足，网纱的裙摆别有一番淑女名媛风。袖子做了一点微喇效果，增加了甜美的感觉。连衣裙面料亲肤舒适柔软，质感也灰常的好。冬天搭大衣、棉服都灰常的有韵味，逛街，居家，上班，旅行穿都很合适。,类型#裙*材质#网纱*材质#蕾丝*风格#淑女*风格#居家*图案#蕾丝*裙长#连衣裙*裙款式#吊带,7.5,文案准确包含了所有关键词，但漏了裙长（连衣裙）；使用了'浪漫气息'等生动词汇，但部分表达如'内贴<UNK>'不通顺；整体自然度较好，但有个别不连贯处。
295,很显气质的一款衬衫，经典百搭的竖条纹元素，轻松显瘦，演绎干练气质造型；袖口开叉造型设计别具一格，时尚小创意带出率性不羁调调；下摆弧形剪裁搭配宽松版型，凸显腰部曲线；精致的花朵面料点缀整体衣身，平添浪漫清新的味道，上身洋气时髦许多呢！,这款衬衫，衣身采用桔红色条纹设计，视觉上很清新的颜色，很显肤色，显白。条纹也会让身体更加纤细。小宽松的版型，能更更加凸显身材，遮肉显瘦，彰显女性柔美的身姿。上身更显气质，处处弥漫着时尚的气息。,类型#上衣*版型#宽松*版型#显瘦*风格#清新*图案#条纹*衣样式#衬衫,6.5,准确性方面，遗漏了'清新'和部分'显瘦'描述，但包含其他关键词。生动性较好，语言有吸引力。自然度稍差，部分表述如'时尚小创意'略生硬。整体尚可，但需改进。
296,这款衬衣采用了微宽松的版型剪裁，对身材没有限制，上身遮肉又显瘦，可以驾驭各种身形。蓝白格纹条纹图案的点缀，经典大气之余还多了几分小清新的味道，看起来活力十足；圆角弧度的下摆设计感满满，打破了传统的死板和沉闷感，充满灵性俏皮。前短后长的开叉设计个性又不浮夸，轻松穿出时尚范。,春天是属于衬衫的，一款清新的条纹衬衫，碰撞出属于这个时节的清爽利落感，纵向的条纹不仅显得帅气而且能增加视觉上的显瘦效果。前短后长的设计别具一格，在增加设计感的同时超级显腿长，宽松的衬衫版型显瘦显慵懒。,类型#上衣*版型#宽松*版型#显瘦*风格#清新*图案#条纹*衣样式#衬衫,8.0,准确性上，文案包含了所有关键词（类型上衣、版型宽松、显瘦、风格清新、图案条纹、衣样式衬衫），但未直接提及'宽松'和'显瘦'，而是用'微宽松'和'遮肉显瘦'替代，基本准确。生动性较好，使用了'经典大气''小清新''活力十足'等描述，能激发购买欲。自然度流畅，无复读或机械感，但'蓝白格纹条纹'稍显冗余。总体优秀，细节可优化。
297,一款气质的蓝白色直筒衬衣，看起来满满的温柔清新范儿。面料上的颜色是非常好穿的<UNK>，搭配效果也非常棒！微阔的直筒感，穿着比较遮肉显瘦又不会太过夸张那种。稍微有一点小垂感的版式穿起来比较有分量而且宽松度刚刚好，可以适当藏住多余的小肉肉又不会过分暴露自己的劣势哦~经典的蓝白条纹给人一种很清秀的感觉，上身简直不要太清爽了！,这款衬衣，的清新蓝白条纹十分给人自然干净的感觉，大方时尚条纹还有显瘦的功能。胸口的设计很特别，胸口的门襟铜扣，十分有质感，一看就很有品质，有着点睛的作用。宽松的版型，遮肉功能十分强大更显强调。,类型#上衣*版型#宽松*版型#显瘦*风格#清新*图案#条纹*衣样式#衬衫,7.5,文案基本包含了所有关键词，但缺少'胸口的门襟铜扣'等细节描述；语言生动，但部分表述如'好穿的<UNK>'不自然；整体通顺，略有机械感。
298,这款连衣裙采用精致的打揽设计，营造出一种若隐若现的神秘之感。搭配不规则的露肩版型，尽显女性独特的美感。结合飘逸的大裙摆设计，将女性的浪漫情怀展露无遗。更配有高腰的制作工艺，打造出完美的身材比例，凸显女性优美的姿态曲线。并且连衣裙是100%苎麻面料制作而成的，透气性极好，在舒适和美观之间达到双重效果。配合轻盈的雪纺外层，穿上去轻盈仙气无比。,这条连衣裙飘逸轻柔的雪纺材质加上不规则露肩的设计，一举一动之间透露着十足的仙女气质，甜美迷人。高腰的大裙摆在视觉上拉长了双腿，更显大气时尚。纤细的肩带和露肩的设计，更是“”心机”地完美修饰脸型和锁骨。,类型#裙*材质#雪纺*裙型#大裙摆*裙腰型#高腰*裙长#连衣裙*裙款式#露肩*裙款式#不规则,6.5,准确性上，包含了大部分关键词，但缺少‘雪纺’关键词，且多出了‘苎麻’和‘打揽’等无关词。生动性较好，使用了‘若隐若现’、‘浪漫情怀’等词语，但部分描述略显套路化。自然度尚可，但‘打揽设计’与‘露肩版型’搭配不够自然，整体有轻微机械感。
299,这款女士三角内裤精选高品质的<UNK>平纹面料制作，穿着舒适透气；并且选用超短的三角短裤造型，可以露出修长的腿部曲线，很是秀美性感；同时裤头是贴心的小弹力系带设计，不仅穿脱方便自如还不会勒肉感，而腰部更是采用立体有型的荷叶边装饰，结合重工钉珠装点点缀，呈现出层次美感凸显你的气质。另外，整体搭配上丝绒的色调设计，显得更加时尚耐看。,钉珠丝绒短裤精选优质高档丝绒面料，轻盈顺滑，细腻绵软。清爽的松紧腰型设计提升腰线，彰显性感小蛮腰和修长大长腿。甜美高档的手工缝制钉珠提升高档品质，彰显个性的同时又有一份优雅和光泽在其中。,类型#裤*材质#丝绒*风格#性感*裤长#短裤*裤款式#钉珠*裤腰型#松紧腰,4.5,准确性差：关键词'丝绒'提到但描述为'丝绒的色调设计'，未体现材质；'钉珠'、'松紧腰'、'短裤'有误，实际为三角内裤非短裤，且裤头系带而非松紧腰。生动性一般：部分描述如'秀美性感'有吸引力，但整体与商品不符。自然度尚可：语句通顺，但存在'<UNK>'和逻辑矛盾。综合评分低。
300,春夏季节穿上一件清爽的休闲裤是必不可少的哦。这款选用的是轻薄的<UNK>面料，让你在夏天可以感受到凉爽。采用精致的细条设计彰显出时尚格调。而经典的阔腿七分裤更衬托身材。同时选择宽松的设计搭配上流畅的剪裁更是修身十足。简单的用黑白色的格纹元素点缀了这款裤子，清新的暖黄色和淡蓝色的颜色更让人感到非常舒服。而且裤脚采用了罗纹口闭合设计，让裤子看起来更加干练利落，修饰你的双腿线条。,格纹元素在服饰中的运用是永不过时的，融合了经典黑白小方格的图案又创新加入了淡蓝色，别出心裁的设计让这条阔腿裤有了与众不同的辨识度。宽松的阔腿裤也能很好的修饰腿部线条，过膝七分长度露出白皙小腿更加显瘦；时尚单品的穿搭充满了美式田园风格的清新雅致，带来泛着甜美气息的春夏风格。,类型#裤*版型#宽松*版型#显瘦*颜色#黑白*颜色#淡蓝色*风格#清新*图案#格子*图案#线条*裤长#七分裤*裤型#阔腿裤,5.5,准确性部分，缺少“七分裤”“阔腿裤”等关键词，且错将“黑白/淡蓝色”误写为“黑白色/暖黄和淡蓝”；自然度较差，存在“简单的用”等语病和重复表述；生动性一般，用词平淡，缺乏购买吸引力。
301,这款蝙蝠袖套头桑蚕丝针织衫是非常气质优雅的一件百搭单品，<UNK>的设计，上身能够带来优雅的感觉，同时也拥有着很丰富的视觉感可以展现出层次美。加上套头的直筒款型设计，宽松的衣身与蝙蝠袖型的设计都非常修饰手臂曲线，而且也能够勾勒出柔美的气质。并且后背还采用了镂空的细节设计，不仅非常的独特有魅力，更是非常迷人彰显着一丝小性感的味道。再加上它细腻的材质，手感舒适柔软，穿上身会让人感受到慵懒风和优雅时尚范相集合的一种感觉。搭配各种风格的<UNK>都能让你轻松驾驭。,一款蝙蝠袖撕破勾花毛衣女套头宽松针织衫，非常女人味一款设计，里面搭配一条真丝裙子，满满高级感。蝙蝠袖的设计，让肩膀自由不拘束。撕破钩花的设计，透着淡淡的性感。宽松版型的设计，慵懒随性。,类型#上衣*版型#宽松*材质#蚕丝*风格#性感*衣样式#针织衫*衣样式#毛衣*衣袖型#蝙蝠袖*衣门襟#套头*衣款式#勾花镂空,6.0,文案包含了大部分关键词，但遗漏了'衣款式#勾花镂空'，且存在<UNK>占位符，描述重复（多次提到优雅、气质），语言不够生动，机械感较强，购买欲望不足。
302,在初春的季节里，一件卫衣既能温暖身体也能温暖心灵~这件卫衣真的是超显身材的，无论你高或矮都很完美，不挑人的款！经典的款，可以随时出门~这件是宽松的款型，穿的时候，喜欢<UNK>点的就塞腰边，轻松演绎出随性慵懒的气质来，休闲又时尚。面料的选择是非常挺括的，柔软又带着一点硬朗感~很特别的是它选择了经典宝蓝色的调子，加上精致独特的<UNK>图腾绣有特色，别有一番风味。,适合装点春日的三色卫衣，通过把握色彩的饱和与明暗度，使其散发出暗藏的满满活力，柠檬黄、宝蓝色和紫外光，实用多样风格穿搭。而前襟处的英文字母点缀恰当，宽松的oversize版型更显洒脱，丰富从整体到细节的质感。在搭配舒适的面料，结合休闲与时髦理念，带来亲肤体验的同时也简洁大方。,类型#上衣*版型#宽松*颜色#宝蓝色*风格#休闲*衣样式#卫衣,5.5,待评测文案覆盖了部分关键词，但缺少'风格#休闲'，且存在未处理的占位符'<UNK>'，导致准确性和自然度打折；语言上有一定生动性，但重复表达和不通顺处削弱了购买欲望。综合评分5.5分。
303,"这件裙子采用了潮流的假两件设计,内层的白裙与外层纯色的罩衫形成视觉上的立体感，层次更加鲜明，穿上十分减龄可爱~胸前贴心的褶皱处理也使得整体的视觉效果更丰富一些哦；裙子上的精致<UNK>绣花了，增添了艺术感和观赏性~这样的设计细节你不会不喜欢吧！",衣身采取个性化的绣花点缀，增添时尚的韵味，让你举手投足间尽显妩媚的气息。自然的褶皱裙摆，极具潮流的味道，尽情演绎你专属的摩登气息。雅致的纯色系列，更好的为你勾勒出酷帅的气质。,类型#裙*颜色#纯色*风格#潮*图案#纯色*图案#刺绣*裙款式#抽褶,5.5,文案提到了假两件设计、纯色、褶皱，但缺少'刺绣'（出现<UNK>）和'潮'风格，且未提及'抽褶'一词；语言较生动但有'机械感'词汇如'贴心'，并出现未识别标记。
304,这条颇具仙气的连衣裙采用绿色的<UNK>面料设计，十分适合春夏穿。时尚的小圆领将脖子处修饰得更为有气质一点，而且宽松的版型更是为女性的身材起到了修饰作用，能够彰显出自身的优雅与迷人的魅力，显得特别的优雅大方。流畅的线条更能衬托出姣好的面容，穿上它让你秒变小仙女。,这款中长款式的连衣裙，经典的圆领设计，显得利落大方不失优雅，能够在穿着时增添女性的个人气质。精致的荷叶裙摆设计，让宽松的衣着轻松贴身，修饰腰部线条更添纤细之感。选用绿色调装饰，极具摩登时尚气。,类型#裙*版型#宽松*颜色#绿色*图案#线条*裙长#连衣裙*裙领型#圆领,7.5,待评测文案基本涵盖了所有关键词，但出现了'<UNK>'这样的未知词，影响了准确性。语言生动，有'仙气'、'小仙女'等词汇，但部分表述如'显得特别端优雅大方'略有不顺，整体自然度尚可，略有机械感。
305,BRAND以纯黑基调打造的这款西装外套，整体采用了简约的连肩短版剪裁设计，带来较为简洁和干练的身段感，是非常实穿好穿的优质单品。设计师为这款外套做了亮片的点缀效果，配合双面翻领、立体的袖窿造型，带来帅气十足并且精致出众的穿着美感，是追求高品质穿着体验的mm非常值得入手的选择。,这款翻领长袖西装外套，线条利落，版型挺阔，通身采用黑色面料，再融入亮片的设计，简约大气自带女王气场，潮酷有型。胸前采用v字西装大翻领设计，运用面料本身高级的光泽感，增添了造型的层次感与立体感，更加衬托出奢华的贵族气质。金属双排扣的设计，给整体暗色调加入了亮点，极具装饰美。,类型#上衣*颜色#黑色*风格#简约*图案#线条*衣样式#外套*衣样式#西装*衣领型#翻领*衣袖长#长袖*衣门襟#双排扣*衣款式#亮片,7.0,准确性：缺失关键词'双排扣'和'线条'，且将翻领描述为'双面翻领'有误。生动性：语言较流畅，但'帅气十足'等略显普通，购买欲望中等。自然度：较通顺，无明显机械感，但'是...的选择'句式稍显模板化。综上扣分主要在准确性。
306,选用优质轻薄面料，舒适透气，手感细腻爽滑，<UNK>感强；腰部采用弹性抽绳设计，穿着无负担轻松收腹提臀，展现纤细腰身曲线；脚口两侧设有压线工艺压褶处理，增添层次美感，同时凸显出挺翘裤型，修饰出笔直修长的双腿；独特的腰部设计搭配超宽的松紧腰带以及立体感的工整明辑线，上身尽显女人娇俏之态，精致又百搭！另外还有两种可选颜色哦，一款优雅成熟，一款青春活力！可塑性较强的版型。结合了超阔腿，微微有裆部的版型设计，使你的臀部看起来更加的蓬膨突出，腿部更显细长。上身是有点微微夸张效果的紧身感觉，但经过精细的立体裁剪之后，这样的视觉效果是很自然就能做到的了。,<UNK>了一个冬季的赘肉，更是不能在春季暴露，一条阔腿裤就是帮你隐藏下半身缺陷的完美利器。腿短腿胖？这都是不存在的问题。宽松的廓形设计，遮盖住腿部赘肉，更能修饰o/x腿型。腰带也十分精致，阔腿裤搭配同色系的抽绳，在抽绳末端还设计了金属装饰，使绳子的垂坠感更佳。尤为突出的当属臀部剪裁，立体剪裁，形成圆润弧度，上身完美贴合，减少了臀部褶皱的出现，使臀型更佳完美。,类型#裤*版型#宽松*版型#立体剪裁*裤型#阔腿裤*裤款式#抽绳*裤款式#抽褶,6.5,准确性方面，覆盖了所有关键词，但部分表述稍显牵强（如“微微有裆部”）。生动性较好，使用了如“笔直修长的双腿”等吸引人的描述，但整体不够精炼。自然度一般，存在机械感和罗嗦问题，如“上身是有点微微夸张效果的紧身感觉”不够通顺。
307,这款运动衫以纯黑色的渲染，轻松营造出视觉上的静谧之感，而胸前“BRAND”logo和虎头贴布的装点却并不显得突兀；<UNK>设计，结合罗纹小方格点缀其上；彰显出品牌的细节工艺水平；袖子处的品牌大字字母元素为整体平添了几许活力与动感气息；柔软亲肤的全棉面料，缔造轻松愉悦的穿着感受，是一款值得入手的运动型时尚单品；可外穿也可内搭，为搭配提供多种可能性。彰显随性休闲的生活方式。,这件休闲衫采用黑色作为主色调，非常酷炫时尚。胸前是品牌的logo图案，造型是流畅的手写体字字母，给人的感觉非常潇洒自然。这件休闲衫采用的是纯棉面料，贴身穿着也会非常舒服。领口和袖子采用的是罗纹面料，增强了防风保暖的效果，同时运动的时候也会非常方便。,类型#上衣*材质#棉*颜色#黑色*风格#运动*风格#休闲*图案#字母*图案#文字*衣样式#衫*衣款式#罗纹,7.0,待评测文案生动性较好，使用了如'静谧之感'、'活力与动感'等词语增强吸引力，但准确性不足：未提到'罗纹'（仅说'罗纹小方格'但未明确领口和袖子）、'衫'（写成运动衫，但关键词含衫）、'罗纹'未作为单独卖点呈现。自然度有提升空间，存在<UNK>标记和部分冗余表达。
308,这款女童休闲运动长裤采用了舒适的布料设计，透气性好，让宝贝穿着没有束缚感。简洁干净的剪裁做工细致均匀美观，符合孩子的体型，为孩子们带来干净清爽的穿着体验。颜色时尚耐脏。,百搭而凸显都市时尚情结的长裤。自然的版型挺括而修饰身材，深黑色的面料，更加适宜各种商务和休闲场合的搭配。腰部的串珠点缀，修饰出华丽精致的时尚品味，面料具备弹力，上身体验舒爽轻柔。,类型#裤*风格#休闲*裤长#长裤,6.0,准确性方面，文案未明确包含关键词'长裤'（提及'裤子'但非完整词）、'休闲'（仅'休闲运动长裤'），且缺少'商务'和'正式'相关描述；生动性方面，语言平淡，缺少'时髦''华丽'等情感词，难以激发购买欲望；自然度尚可，但略显模板化。总分6分。
309,这条时尚百搭的彩色睡衣长裤，穿在身上尽显慵懒风与时尚感的穿着体验。宽宽松松的版型很显休闲感。两侧插袋设计美观又实用。,背带长裤打破以往的精致剪裁，结合带有垂坠质感的面料，凸显的是一种慵懒的休闲韵味。腰部的交叉系带设计，收腰的同时也使得更加贴合腰部，视觉上更显腰部的纤瘦和背部的笔直。两条大大的裤腿，自然落下，行走方便自如，没有束缚感的同时更显慵懒的浪漫情怀。,类型#裤*风格#休闲*裤长#长裤,5.5,准确性不足：关键词'背带裤'未出现，误写为'睡衣长裤'；生动性一般：描述平淡，缺乏细节和画面感；自然度尚可：语句基本通顺，但略显模板化，无强烈购买驱动力。
310,经典好穿的西装裤型，立体的剪裁设计使得裤子上身非常显瘦。大气的藏青色竖向条纹元素渲染底摆，带有复古风的同时又起到了视觉拉伸的效果。侧边的不规则方形撞色拼接加上经典的两个大口袋，不仅丰富了层次，增加了时尚感还让裤子实用更潮。,印花图案很个性，上身很容易穿出范，而且，真丝面料对色彩的表现力非常好，印染的清晰形象，这非常难得！领口、袖口、下摆，撞色条纹设计轻松点亮视觉，很有气质，不规则下摆，特别有腔调感！无形中拉长身形，倍显高挑！裤子，直筒廓形，修饰腿型，藏肉显瘦前口袋设计，也增添了实用性！裤腿两侧撞色拼接，倍添出<UNK>~,类型#裤*版型#显瘦*图案#条纹*图案#印花*图案#撞色*裤型#直筒裤*裤款式#拼接*裤款式#口袋*裤款式#不规则,6.5,文案包含了大部分关键词，但缺少'印花'、'图案'、'真丝'等，准确性不足；语言较生动，但部分表述如'竖向条纹元素渲染底摆'不够自然，且整体吸引力一般；通顺度尚可，但略带机械感。
311,直筒的版型很时尚，腰部微收，突出女性身材比例。腰下分割线的设计十分用心，勾勒出女性完美曲线。搭配了一款一字肩上衣作为内搭，尽显气质与优雅感。经典的西服领可以修饰颈部线条，加上一粒扣的门襟设计，让简约中凸显着大气与干练。面料选用优质梭织面料，质感非常好，舒适自然。整条裙装选用了不同材质的面料拼接而成，精致又美好。,这款西装设计了经典的西装领设计，有着干净简约的线条，轻松烘托出强大的气场能量。门襟采用一粒扣开合的造型，精致新颖，让心情都觉得活跃起来。袖口融入撞布的拼接，营造出两件套的效果，打破打掉，却增添一份穿衣的风格。,类型#上衣*风格#简约*图案#线条*衣样式#西装*衣领型#西装领*衣门襟#一粒扣*衣款式#拼接,6.5,准确性不足：文案提到'直筒版型'、'一字肩上衣'、'裙装'等，与关键词中的上衣类型、西装样式不符，且缺少'线条'和'拼接'的准确描述。生动性一般：虽然有一定描写，但部分表述如'心情活跃'复制自参考文案，整体缺乏原创吸引力。自然度中等：语句基本通顺，但存在细节矛盾（如描述裙装与西装），略显机械。
312,"卫衣裙是女生日常出街常见的单品之一。BRAND的这款卫衣选用经典宽松版型设计而成,舒适又随意。<UNK>以简洁色调为主,结合侧边拉链元素装饰带来一定的摩登时尚感。再加上衣身前后撞色英文贴布加持则凸显个性张扬气息。腰间松紧收紧剪裁带来别致性感风采。开领和撞色的假兜更添随性慵懒范儿。",此款加大<UNK>型卫衣，宽松舒适。袖子上个性的平面图案为自主开发设计。平面感图案在袖子上排列<UNK>设计，是今年的设计手法。<UNK>，做了撞色的设计处理。整个款式个性感十足，彰显设计感。,类型#上衣*版型#宽松*风格#性感*图案#撞色*衣样式#卫衣,7.0,准确性上，未完全包含所有关键词，如缺少宽松版型、撞色图案（参考中强调袖子平面图案及撞色，但文案提到英文贴布和假兜撞色，部分覆盖），且多出卫衣裙、拉链等无关元素。生动性较好，使用摩登时尚、个性张扬、性感等词汇，能激发购买欲。自然度较高，语句通顺，无明显机械感。但因关键词遗漏且偏离参考重点，扣分。
313,一款具有浓郁古典风格的连衣裙，采用传统的花鸟印花图案铺陈在裙子之上，极具东方神韵，让优雅与气质自然流露。前身的剪裁是宽松的版型，不规则的衣袖设计非常具有现代感，修饰修长的手臂曲线，且衬托出柔美手腕。腰部的收褶设计可勾勒纤细的腰部曲线。,款式简洁的连衣裙，翠绿色的植物印花，能很好的衬托出干净白皙的肤色，同时大面积的满印设计，打破夏日的炎热感，给人的心灵注入清爽与活力。宽松的裙摆营造出丰富的层次感，尽显小女孩的优雅甜美。不规则的下摆，像是随意的剪裁却也不失设计感，个性有趣。,类型#裙*版型#宽松*图案#植物*图案#印花*裙长#连衣裙*裙款式#不规则,6.0,准确性上，待评测文案遗漏了'裙长#连衣裙'和'裙款式#不规则'两个关键属性，未提及连衣裙和不规则下摆。生动性方面，'古典风格''东方神韵'等表述有吸引力，但缺乏对夏日清爽、肤色衬托等卖点的挖掘。自然度较好，语句通顺，但未完全贴合关键词，整体失分较多。
314,这款以半透视蕾丝做底的连衣裙，具有满满的性感魅力。采用纯色的设计，展现出十足的女人味。领口处是小小的v字开口，彰显出精致的锁骨之余又十分耐看。胸口的透视雕花，不仅丰富了整体的细节感，更是增添了优雅的气质来，再加上腰部做了收身和系带的点缀，将女性纤细的腰肢突显出来。<UNK>的高腰设计，还能有效的拉长身材比例，整体更具个性时尚的效果。,这款纯色的连衣裙采用了蕾丝镂空的设计，性感而不会过于暴露，立体的蕾丝花纹同样作为装饰，若隐若现地展示白皙的肌肤，而高腰部位同样设计了镂空，展示腰线，大胆而吸睛。领口处采用了v领配合上小系带，灵动飘逸，举手投足之间散发甜美气质。,类型#裙*材质#蕾丝*颜色#纯色*风格#性感*图案#纯色*图案#蕾丝*裙腰型#高腰*裙长#连衣裙*裙领型#v领*裙衣门襟#系带*裙款式#勾花镂空,7.5,准确性方面基本涵盖了所有关键词，但未明确提及‘高腰’（高腰设计虽有提及拉长比例，但未直接使用‘高腰’一词），且出现<UNK>错误。生动性较好，使用了‘性感魅力’、‘女人味’、‘优雅气质’等词汇，能激发购买欲。自然度整体通顺，但‘半透视蕾丝做底’表达稍显机械，‘小巧的v字开口’与‘精致锁骨’搭配略显重复。
315,这是一款具有甜美可爱气息的连衣裙，裙身的细节上采用百褶元素的点缀设计，让裙子整体在气质上十分的出众别致。领口运用精美的圆领剪裁，简洁大方的同时还修饰颈部线条。腰间辅以精致的蕾丝元素拼接，轻松突出女性优美的身材曲线。腰间的系带元素，起到良好的装饰效果，展现俏皮的少女感。,一款充满着满满女人味的连衣裙，蕾丝面料的拼接增强了衣身的档次感，同时衬托出女性优雅的气质。基础圆领修饰出颈部线条，腰间系带凸显出女性纤细的小蛮腰，玲珑有致的曼妙身材彰显出来。百褶裙摆富有灵动飘逸韵味。,类型#裙*材质#蕾丝*图案#线条*图案#蕾丝*裙型#百褶*裙长#连衣裙*裙领型#圆领*裙衣门襟#系带*裙款式#拼接,7.0,待评测文案覆盖了大部分关键词（如百褶、圆领、蕾丝、系带），但缺少'拼接'，且将蕾丝和系带分开描述，略有重复。语言生动，但部分表述机械（如'点缀设计'），整体自然度一般，购买欲望中等。
316,一款格纹设计的中性风的衬衣是女性凹造型的必备单品。设计师采用经典耐看的蓝黑白三色的配色组合来展示潮流的时尚风范，并且胸袋上的翻盖口袋与<UNK>装饰的小扣子的点缀带来别致的设计感。袖口处的撞色带子更是彰显青春活力，增添帅气风范。,以时尚界中永不落伍的格纹点缀于这件衬衫之上，使其保留着很率性的特色。还通过撞色效果加以点缀，令视觉冲击力更突出。而俏皮的弧形衣摆则展现出活力特色，令趣味性提高了许多。使其虽然是经典的纽扣门襟，却能衬出令人眼前一亮的潮流范。再加上对衬口袋的存在，就演绎出中性风BRAND。,类型#上衣*风格#潮*图案#格子*图案#撞色*衣样式#衬衫*衣款式#口袋*衣款式#纽扣,7.5,准确性方面，文案包含了多数关键词（格子、中性风、衬衫、口袋、纽扣、撞色），但缺少“潮”和“衣样式#衬衫”之外的其他样式关键词，且出现<UNK>未知标记。生动性方面，语言有一定吸引力，使用了“凹造型”、“时尚风范”、“青春活力”等词，能激发购买欲，但整体描述不如参考答案丰富。自然度方面，整体通顺，但“<UNK>装饰的小扣子”出现未知符号，略显机械。综合打分7.5分。
317,自然腰高<UNK>半裙，能够修饰女性的腰部曲线的同时。拉长腿部比例视觉感，轻松展露女性纤瘦优美的下半身，是每个时尚女孩的必入款哦。而其别致的绑带元素结合个性小a摆型设计。使整条裙子更有层次感和立体有型感，并且还能够在凹出迷人的高挑身姿和彰显独特的时髦感呢，那中长及小腿根部的长度，与宽松自然流畅的轮廓，更能衬托出你的修长美腿线条，还能遮住大腿粗的部分呢。,这款中长款式的半身裙，别具一格的腰部蝴蝶系绑带设计，元气活力少女心爆棚，也多了几分趣味，穿着时刻轻松减龄更添气质。精致的自然腰版型设计，让宽松的衣着轻松贴身，修饰腰部线条更添纤细之感。选用深绿色调装饰，极具摩登时尚气。,类型#裙*版型#宽松*图案#线条*裙腰型#自然腰*裙长#半身裙*裙款式#绑带,7.0,准确性上，文案包含了绝大部分关键词，但缺少'图案'（线条）的体现，且'<UNK>'表示未知词，属错误；生动性较好，使用了'修饰腰部曲线''拉长腿部比例'等吸引人的描述，但部分表达（如'凹出迷人的高挑身姿'）稍显刻意；自然度上，整体通顺，但少量标点使用不当（如句号后衔接'同时'），且'半裙'与前面'半身裙'表述略有重复，整体机械感不明显。综合给7分。
318,这是一款富有浓浓复古气息的连衣裙，经典的小立领搭配上简洁而小巧的袖口装饰，衬托出优雅的颈部曲线与精致的五官。经典的木耳花边下摆设计为整体造型增添了几分浪漫风情，同时还能轻松遮住不完美的身材缺陷。腰间采用时尚的系带，将蓝色系带系成精巧的蝴蝶结显得格外的灵动可爱。整个上衣版型简约大气，十分百搭耐看。,难得温柔的连衣裙，让看到的人便觉得舒适，优美的木耳花边小立领，温柔的弧度缱绻，娇俏可人的小女人味，蝴蝶结系带，一丝复古甜美，让裙子变得生动，而简约舒适的版型更让整体加分，淡淡的蓝色不管是在春天还是在夏天都能给人一种舒适的感觉不会<UNK>。碎花纹，时髦的元素组合，赋予整款时尚度，同时透着<UNK>不精心的美。,类型#裙*颜色#蓝色*风格#复古*风格#简约*图案#蝴蝶结*图案#复古*裙长#连衣裙*裙衣门襟#系带*裙款式#木耳边,7.0,准确性方面，文案提到了复古、连衣裙、小立领、木耳边、系带、蝴蝶结、简约等关键词，但未提及蓝色、裙长、复古图案等，且将木耳边描述为下摆设计，与关键词中的衣门襟处不符。生动性较好，语言具有一定的画面感和购买欲望。自然度较高，整体通顺，但前半部分提到袖口装饰，与关键词无关，略有机械感。
319,这件百搭经典款的衬衫采用独特个性的小飞袖设计，不仅增添了整体的层次感，显得人活力十足而且可以衬托的整个人都很俏皮可爱。下摆独特的开叉，拉长了整身高挑身材的比例和视觉效果更显灵动飘逸感。而精巧的小巧扣子以及袖口的袖袢的设计点缀彰显出精致品味不显单调且实用方便。上身更是气质满满，满满的春日气息，整体都是恰到好处的版型，小仙女的标配，短款搭配紧身的高腰裤，露出纤细的双腿。穿上这样的白衬衣给人一种非常温柔美好的印象。,这款半裙采用a字版型剪裁，上身有效修饰腰部，勾勒出完美的身材曲线，更显女人味。短款的版型，受众于人群，从视觉上拉长下身比例，更显身高。绵羊皮面料处理，手感软糯，保留肉感，舒适细腻。上身可搭配衬衫，时髦又俏皮。,类型#上衣*衣样式#衬衫*衣长#短款,6.5,准确性上，关键词‘上衣’、‘衬衫’、‘短款’均包含，但缺少‘短款’相关描述。生动性较好，使用了‘小飞袖’、‘灵动飘逸’等词汇，但部分语句（如‘精巧的小巧扣子’）重复且略显堆砌。自然度方面，整体通顺，但‘受众于人群’等表述有机械感，且存在语病（‘受众于人群’应为‘适合人群’）。评分6.5。
320,非常简洁大方的一款小衬衣，无论是颜色上还是版型设计都很精致。设计师采用了复古的假两件的造型，上半身部分采用经典的直筒衬衫版型加以撞色的蝴蝶结系带领装饰，搭配上下半身的半裙裤，既甜美又不失优雅浪漫的气质；整体的质感更是柔软顺滑。上身穿着舒适美观，轻松减龄。,新颖别致的立领设计，蝴蝶结的造型，打破年龄界限，很是甜美减龄；领口以及袖口的撞色镶边，镶边，别致新颖让人眼前一亮，洋气时髦，加上蝴蝶结的设计，与撞色镶边配合的很是默契，魅力吸睛；同时结合简单正式的衬衫版型，简直就是复古与现代美感的融合，为平淡无奇的衬衫带来了意想不到的时尚感。,类型#上衣*风格#复古*图案#蝴蝶结*图案#复古*图案#撞色*衣样式#衬衫*衣领型#立领,6.5,缺失关键词：衣样式#衬衫，且图案#复古和图案#蝴蝶结未明确体现；描述中加入了‘假两件’、‘半裙裤’等原文未提及的元素。语言较生动，但部分表述（如‘上半身部分采用...’）稍显机械。
321,经典好搭的衬衫裙，可以很好的衬托身材，而长款设计又非常容易打造出大长腿既视感。<UNK>这个品牌一直走的就是街头范儿十足的路线，设计师将这款裙子打造成经典的衬衫款式，整体选用的是轻薄的亚光面料制作而成的同时还加入了百分百纯天然优质的纯棉布料，上身效果很好，柔软舒适。胸口处的slogan印花的加入丰富了整体的视觉效果也更有动感。,这件夏威夷衬衫采用了全棉贡缎面料，质感柔软透气，带来舒适的穿着体验。图案由深浅不一的芭蕉叶子组合，大面积印花尽显街头少年的叛逆不羁，尽显夏日的朝气活力。,类型#上衣*材质#棉*风格#街头*图案#印花*衣样式#衬衫,4.5,准确性方面，缺少'衬衫'这一关键词，且提及'衬衫裙'而非'上衣'；生动性一般，有描述但部分表述如'经典好搭'比较平淡；自然度较差，存在'<UNK>'标记和重复啰嗦的句子，如'同时...还'，且逻辑不够流畅。
322,这款女童的连衣裙可以说是采用了非常别致的剪裁设计，将袖子设计成花色的荷叶边袖口。与简洁大方的圆领形成了鲜明对比，让人眼前一亮，不仅能够很好的起到装饰的作用，还能让小公主们穿着更加舒适凉爽。在材质上选用了优质冰丝面料制作而成，有着较好的透气性，即使是夏天穿也不会觉得闷热。时尚的纯色色调更是起到了衬托肌肤亮丽白皙的神奇效果哦！,这一款端庄的连衣裙，最满意于经典的圆领设计，进一步修饰了柔情的小丽人气质。配合纯色的花色图案印制，处处流露着柔美的都市丽人气质。,类型#裙*颜色#纯色*图案#纯色*图案#花色*裙长#连衣裙*裙领型#圆领,7.0,准确性：关键词中“裙长#连衣裙”和“裙领型#圆领”已体现，但“图案#花色”未描述为图案（而是袖子样式），且“颜色#纯色”和“图案#纯色”重复出现，文案中只提到纯色，但花色部分描述不够准确。生动性：语言较生动，有“眼前一亮”“小公主”等表述，能激发购买欲。自然度：通顺，无明显机械感，但部分描述（如冰丝面料、透气性）与关键词关联弱。综合评分7分。
323,此款<UNK>-女童羊毛连衣裙，将精美的褶裥边作为胸线修饰，修饰身材的比例。凸显挺翘的胸部曲线，尽显优雅迷人的小女人姿态。时尚的腰部采用弹力可调节松紧设计，可以根据每个人的不同的腰围进行调节，舒适又合体，更加彰显女性的好气质。袖子采用了收束的装饰处理，拉长的手臂线条，完美修饰手部纤细修长。下身则用一款俏皮可爱的短裙组成，穿着起来非常方便，适合日常搭配装扮，打造出可爱甜美的风格。,连衣裙采用80％的羊毛面料材质制作，具有吸水性高和保暖性强以及耐用性好和手感柔软而富有弹性等优质性能。可谓是时尚和保暖兼具的单品哟。短裙的裙长设计，不仅能给人带来满满的拉长腿部线条的视觉冲击感。同时又可谓是给小个子女生显高挑带来了好消息呐。,类型#裙*材质#羊毛*图案#线条*裙长#短裙*裙长#连衣裙,4.5,待评测文案未提及羊毛材质，缺失关键信息；部分表述如‘<UNK>’存在错误，影响准确性；语言较生动但自然度略低，有机械感，且整体与参考答案描述的保暖、拉长线条等卖点偏差较大。
324,很有时尚范的牛仔裤，裤子上点缀着精美的绣花，打造出丰富的细节效果，彰显十足的优雅气质。经典的修身的直筒款型，可以恰到好处的修饰出腿部完美的曲线感，更好的勾勒出纤细迷人的双腿线条。后片的两个大口袋装饰设计显得十分的精致别致，凸显了十足的立体感和质感。面料上采用的是亲肤透气的棉纱牛仔布料，触感柔软细腻，上身的效果更加的令人爱不释手。,本款牛仔裤选择了直筒的修身版型，剪裁流畅自然，让整体更显利落清爽。通过简洁细致的线条凸显了整体的修身效果。同时在臀部口袋处加入了精美的刺绣图案设计，让这款时尚单品更具美观性和实用性，让您出行更加自信。,类型#裤*版型#显瘦*材质#牛仔布*图案#线条*图案#刺绣*裤型#直筒裤*裤款式#口袋,8.0,准确性：覆盖了所有关键词（类型#裤、版型#显瘦、材质#牛仔布、图案#线条、图案#刺绣、裤型#直筒裤、裤款式#口袋）。生动性：语言有吸引力，如“修饰出腿部完美的曲线感”、“勾勒出纤细迷人的双腿线条”，能激发购买欲望。自然度：整体通顺，但“使得”、“更好的”等稍显口语化，无明显复读或机械感。扣分点：个别表达可更精炼。
325,一款温柔的针织衫，它细腻的质地配上精致优雅的小圆点，带给人别样的美感和惊喜感！波浪边领口的装饰，让宝贝甜美灵动，更显俏皮有活力哦！精致的袖口点缀蝴蝶结系带领口，俏皮可爱，增添时尚气息的同时又为这款毛线衫锦上添花；含有的天然纯正的高质量高比例羊毛面料，手感非常柔软舒适，穿着也更加的亲肤保暖，时刻呵护着宝贝的娇嫩肌肤哦。,蝴蝶结如诗如画，打破针织衫的规整沉着，加一抹轻盈的灵动风姿。这款针织衫在领口和袖口的地方分别设计成波浪花边状，展现女性出浪漫的情怀；而别致的蝴蝶结装饰，为整体增添一丝甜美俏皮感；采用羊毛面料，手感舒适有着良好的保暖性。,类型#上衣*材质#羊毛*图案#蝴蝶结*衣样式#针织衫*衣款式#波浪,7.5,准确性方面，文案基本覆盖了所有关键词，但图案关键词应为蝴蝶结，而文案中写成了小圆点，存在错误；生动性较好，使用了‘温柔的’‘甜美灵动’等形容词，增强了购买欲望；自然度较高，语句通顺，但‘蝴蝶结系带领口’表述稍显重复。
326,这是一款时尚的休闲运动系列休闲裤，腰部采用运动风的罗纹收身设计搭配可调节的抽绳，修饰腰臀线条，凸显你的曲线美。两侧膝盖处精致缝线点缀，充满年轻时尚气息。精致的logo刺绣使整体显得更富层次感，同时彰显质感。罗纹束脚设计，舒适百搭又帅气洒脱。微弹面料让穿上之后更贴身。,腰部抽绳设计运动休闲感十足，并且与裤脚的螺纹束口上下呼应，可以很好地修饰腿部线条。抽绳腰头，对身材的包容性很大，穿着自由，随心而不拘泥。最后左腿处的刺绣logo，在运动裤休闲舒适的基础上，又增添了时尚个性。面料柔软舒适，品质面料柔软不易起球、不易变形、不易褪色，有一种亲肤的顺滑干，提升良好穿着感受。,类型#裤*风格#运动*风格#休闲*图案#线条*图案#刺绣*裤款式#螺纹*裤款式#抽绳*裤口#小脚,6.5,待评测文案缺少部分关键词（如‘线条’、‘裤款式-螺纹’未准确体现，且未提及面料品质），语言较生动但有些重复（如‘时尚’、‘年轻’），整体自然但缺乏参考文献中对面料细节的描述，因此得分6.5。
327,这是一款让人美得不可方物的睡衣~领口采用双层设计，再以双排的珍珠和蝴蝶结点缀，优雅温柔的感觉就更加浓郁了！还有袖子上的大蝴蝶~举手间尽显翩跹之姿~高腰的弹力松紧设计搭配上层层重叠的唯美透视网纱裙边，妥妥的时尚小淑女一枚~,选用高品质的面料为裙身的载体，立体的蝴蝶结装点在高腰衔接处的后身，一抹少女的优雅气息扑面而来。加以蓬松层叠的网纱裙摆，拥有错综复杂的叠加设计，让整体视觉层次更显立体，演绎出唯美时尚的画面效果，彰显满满的淑女范儿。,类型#裙*风格#淑女*图案#蝴蝶结*裙型#网纱裙*裙下摆#层叠*裙腰型#高腰,7.0,1. 准确性：未明确提及“淑女”风格，且“蝴蝶结”出现在领口而非参考答案中的高腰处，部分关键词（如裙型、裙腰型）隐含但未直接对应。2. 生动性：语言较吸引人，使用了“美得不可方物”“翩跹之姿”等修饰，能激发购买欲。3. 自然度：通顺，但“大蝴蝶”表述稍显口语化，整体无机械感。
328,性感的v字形领口，修饰出纤细的脖颈曲线，轻松穿出优美的天鹅颈来。衣身以花朵和字母印花装饰于裙身，为整体增添了甜美的气息。裙摆边缘以轻柔细腻的睫毛蕾丝花边拼接设计，提升整款设计的美感也丰富层次造型。,BRAND的这款睡衣裙，设计师将蕾丝元素运用到衣面设计中，拼接的蕾丝花纹遍布裙面，营造出隐隐的透视感，身型曲线若隐若现，将优雅与性感相结合。肩带上配以字母的印花设计，为整体增添时尚气息，可自由调节松紧度，给人自由的穿着体验感。面料主材质为彩棉，给人亲肤舒适感。,类型#裙*材质#蕾丝*风格#性感*图案#字母*图案#文字*图案#印花*图案#蕾丝*裙款式#拼接,6.0,文案包含大部分关键词，但遗漏了‘面料主材质为彩棉’和‘可自由调节松紧度’等关键信息，准确性不足；语言较生动，但性感与甜美风格不统一，略显矛盾；语句通顺，无机械感。整体评分6分。
329,这款时尚的卫衣采用淡雅的纯色设计，让人<UNK>一种美好的感觉，上身显得十分的干净利落。精选优质的面料，具有透气舒适和悬垂感好等优良性能，给您以舒适的穿着体验。胸前个性徽章装饰，更是增添了一丝俏皮感。宽松的版型设计给人随意而又不束缚的感觉。,卫衣是纯色款式，非常日常易搭配。微微宽松的版型，对身材不自信的女孩也不用担心。胸前的英文logo设计，非常有个性，很有时尚态度。,类型#上衣*版型#宽松*颜色#纯色*图案#纯色*衣样式#卫衣,7.5,准确性方面，包含了所有关键词（类型#上衣、版型#宽松、颜色#纯色、图案#纯色、衣样式#卫衣），但'淡雅的纯色设计'可进一步强调纯色。生动性较好，使用了'干净利落'、'俏皮感'等积极词汇，但<UNK>显示不完整，略有瑕疵。自然度较高，语句通顺，但'让人<UNK>一种美好的感觉'略显生硬。整体不错，但AI痕迹稍明显，建议更突出个性与时尚态度。
330,经典的黑白色的<UNK>设计，非常具有魅力。黑色给人一种神秘的感觉，也显得非常的时尚。白色的裙子衬托出一种清冷感，两种元素的结合更是给人一闪一亮的感觉，增加了趣味性。领口处的设计也是别致新颖，非常有个性。简洁大方的小飞袖增添了几分优雅的气息。裙身布满了浪漫的法式印花，充满了艺术感。宽摆的裙子版型，上身效果很赞哦，直筒的版型和<UNK>腿非常相像，让你轻松穿出大长腿和气场。,以白色为主打色，再加上袖子的黑色，黑白搭配不显单调，加之3d立体玫瑰印花，使裙子显的立体，玫瑰代表着热情，就好像在表达着女性的青春活力，绽放自己的魅力。直筒的裙型，修饰腿部，展现女性独特的身材比例，更能拉长腿部，显高显身材。,类型#裙*颜色#白色*颜色#黑色*颜色#黑白*图案#印花*裙型#直筒裙,5.0,文案未准确匹配所有商品关键词，存在占位符和错误描述，自然度低，生动性尚可但不够精准，因此给5分。
331,这件女童连衣裙采用经典百搭的黑色色调，结合立体的剪裁设计打造出的宽松直筒样式，遮肉显瘦的同时彰显几分活泼俏皮的气息；别致的腰部织带腰带设计点缀，为单调的衣身平添了一抹优雅浪漫的女性韵味。,黑色连衣裙是每个小仙女都必备的气质单品，黑色天生自带神秘的美感，加之宽松直筒版型剪裁，营造出视觉显瘦的效果，让各种身材的mm都能穿出自信的时尚态度。没有过多繁杂的装饰，一条宽腰带别在腰间，勾勒出纤细的腰身，给宽松的连衣裙增添一抹精致的女人味，极简更具高雅气质魅力。,类型#裙*版型#宽松*版型#显瘦*颜色#黑色*裙型#直筒裙*裙长#连衣裙*裙款式#腰带,6.0,待评测文案包含了大部分关键词（类型#裙、版型#宽松、颜色#黑色、裙型#直筒裙、裙款式#腰带），但漏掉了'显瘦'和'连衣裙'（写成了女童连衣裙），且'版型#显瘦'未明确体现。语言较生动，但'经典百搭'、'优雅浪漫'等词略显俗套；整体通顺，但'立体剪裁设计打造出的宽松直筒样式'略有冗余。扣分项：关键词缺失2个，且未完全贴合商品类型。
332,这款连衣裙采用圆领a字廓形结合蕾丝面料，带来灵动优雅的气质，穿着甜美淑女范儿。时尚的喇叭袖设计，上身增添活力和动感造型。高腰裁剪可提升上下身比例，拉伸腿部曲线，打造黄金身材比例。,这款蕾丝连衣裙的版型非常容易驾驭，高腰a字的版型穿起来很显苗条和高挑，睫毛蕾丝圆领非常的精致，显得脖颈更加迷人。袖子呢是今年很流行的喇叭袖，很浪漫仙美的感觉，让你举手之间显得气质更加出众。,类型#裙*材质#蕾丝*风格#青春*图案#蕾丝*裙型#a字*裙腰型#高腰*裙长#连衣裙*裙领型#圆领*裙袖型#喇叭袖,7.0,准确性较好，涵盖了所有关键词但未提及‘睫毛蕾丝’细节；生动性一般，缺少‘精致’‘迷人’等情感化表达，购买欲略逊于参考答案；自然度较高，通顺无复读，但部分表述（如‘提升上下身比例’）稍显生硬。整体中等偏上，有提升空间。
333,这款衬衣整体剪裁为修身版型，很好的体现身形优势。翻领的设计经典耐看又时尚大方，凸显干练利落的气质，展现女性的优雅温柔范儿。精致的打褶设计，彰显大气优雅的知性美。<UNK>边元素装饰点缀，为整体增加了亮点，具有复古韵味和古典风。微透的白纱面料更显一丝知性美，上身效果自然随性，别有一番风味。,这款衬衫，精致的小尖衬衫翻领设计，衬托小v脸型。散发出女性温婉知性的美感，蓬松的袖子设计。显瘦又可爱俏皮，舒适性自是不用说。既清爽自然又复古时兴，观感超棒，让你清凉整个夏日。,类型#上衣*版型#显瘦*风格#复古*风格#知性*图案#复古*衣样式#衬衫*衣领型#翻领,6.5,准确性基本达标，但遗漏‘显瘦’关键词；生动性不足，描述偏理性，缺乏场景感和吸引力；自然度因<UNK>而扣分，整体机械感稍强。
334,这款连衣裙采用柔软的羊毛呢面料制成，质地非常的厚实有料，挺阔有型不易起皱。设计师大胆的选择了黑色作为配色效果，让裙子更显年轻与时尚感，搭配一件西装小脚裤<UNK>，将女性的妩媚魅力展现出来。加上衣领处的小开叉设计，又极具复古潮流感。,还记得《王牌<UNK>》中的帅气<UNK>吗？传统牛津皮鞋给人非常儒雅老成的印象，就连<UNK>这种原本<UNK>的青年穿上黑色西装和牛津皮鞋，也变成绅士！然而平时总不能一直穿着牛津皮鞋出入各种场合，这个时候一双牛津皮鞋改版的复古板鞋就是你的需求了。它儒雅，能搭配正装而且更显年轻；它略微潮流，能跟休闲裤牛仔裤<UNK>出街装备！,类型#上衣*材质#牛仔布*颜色#黑色*风格#复古*风格#潮*图案#复古*衣样式#西装,2.0,准确性差，未包含关键词（牛仔布、复古、潮等），且商品类型错误（连衣裙而非上衣）。语言生动性一般，有购买欲望但不契合主题。自然度尚可，但内容与商品不符。
335,这件短裙采用的是甜美风格的风格设计路线，尽显出个性帅气的时尚品味。采用了字母的元素添加其中，更显时尚优雅的气息感。别致灰粉色的颜色搭配，低调不张扬中又显出可爱甜美风的格调，彰显青春活力范儿。,简简单单的字母t，想呈现什么样的风格就看你自己发挥了。和各种短裤短裙都<UNK>，如果遇到不会搭配的下装不妨和这件搭配试一试。在如果你已经有了米色的t，推荐可以再入一件橡皮粉色，来给你的衣橱增加一些可搭配的色彩。,类型#裙*颜色#粉色*图案#字母*图案#文字*裙长#短裙,5.0,准确性方面，文案包含了所有关键词（裙、粉色、字母、文字、短裙），但未提及图案。生动性上，语言较为平淡，缺乏吸引力，未能激发购买欲望。自然度较低，存在重复表达（如'风格'出现两次），整体显得机械，不够通顺。
336,来自louisemisha旗下的一款儿童连衣裙，设计师将宽松的版型作为设计的基础元素，不仅有着很好的包容性，穿着更舒适服帖。采用木耳边的褶皱效果结合前襟的双排隐形扣子闭合，既美观实用，使穿脱更方便，也可以增强宝贝们的动手能力哦，且袖口以及下摆都采用了竖条纹拼接的设计，丰富了色彩感，又拉伸了整体的身高比例。搭配轻薄的面料面料，其轻盈和丝滑质感让你在行动时也感觉不到丝毫的束缚，与整体大气垂顺的风格相得益彰，<UNK>甜美公主范儿。,连衣裙做了长版的样式，配合着宽松的剪裁，垂坠感很强，裙摆上还加入了褶皱元素，更加易于带来极强的灵动气息，还能巧妙的掩盖身材小缺点。而裙身下方还选用了条纹拼接，木耳边环绕一周，尽显时尚魅力，同时也打破了纯色调的单一感，层次性油然而出，动人无比。,类型#裙*版型#宽松*图案#条纹*裙下摆#垂坠*裙长#连衣裙*裙款式#拼接*裙款式#木耳边*裙款式#抽褶,7.0,准确性较好，包含了所有关键词（宽松、拼接、木耳边、抽褶、条纹、垂坠、连衣裙），但未明确提及‘版型’和‘裙下摆’（垂坠提到但未点明下摆）；生动性不错，用词如‘灵动气息’‘相得益彰’等有吸引力，但结尾处有<UNK>符号影响体验；自然度方面，整体通顺，但‘面料面料’有重复，略显机械。综合评分7分。
337,春天和绿色格纹是标配的搭配，这种清新的色调能让人眼前一亮，仿佛置身于春天的田野之中，感受一下清新的气息；蝙蝠袖结合上衬衫设计显得优雅大方，而且穿着舒适，上身遮肉显瘦，也丰富了层次感，减龄又显气质；腰间拼接荷叶摆，增添了甜美俏皮感觉，更符合这个流行季节的氛围。,衬衫的百搭性能是非常强的，已然成为了人手必备的单品。这款衬衫选用绿色的格纹拼接，既凸显文艺小清新，又散发出青春的活力，适合学院风穿搭。而蝙蝠袖的设计，不仅起到了显瘦的作用，还增添了慵懒的感觉。再加上收褶的下摆设计，提升了整体的造型感。,类型#上衣*版型#显瘦*颜色#绿色*风格#文艺*风格#青春*风格#清新*图案#格子*衣样式#衬衫*衣袖型#蝙蝠袖*衣款式#拼接,8.0,文案涵盖了所有关键词，如绿色格纹、蝙蝠袖、衬衫、显瘦、拼接等，准确性高。语言较为生动，能营造春日氛围，并突出实用卖点，有一定购买欲。但部分表达稍显堆砌（如‘感受一下清新的气息’），自然度略有不足，整体通顺但可更流畅。
338,优雅气质的一字领上衣加上宽大的雪纺袖子可以更好的展示女性的身材之美。裙身采用的是双层面料设计，上层面料轻薄有垂坠感，让整体更仙美迷人。雪纺的面料自带一种高级时尚感的金属光泽，让人仿佛置身于优雅的大道上！而裙子的腰间部分是系带的处理，更能将女性高贵冷艳的一面展现无疑。精致的喇叭袖口，将女性的精致小细节之处表现得淋漓尽致；搭配裙子的一字肩设计，将女性的优美曲线彰显而出~,这条裙子一眼看过去就能带来甜美的即视感，优雅的一字领设计看上去十分的精致高贵。这样一条裙子穿在身上显得十分的少女，像是捧在手里的棉花糖。半透的喇叭袖设计看上去十分的飘逸，雪纺的面料使得袖子更加有垂坠感，有更好的视觉观感。胸前的系带穿绳设计可以有多种穿法，更加百搭多变。这样一条裙子既有少女的甜美又有轻熟女的娇俏。,类型#裙*材质#雪纺*风格#高贵*裙下摆#垂坠*裙领型#一字领*裙袖型#喇叭袖*裙衣门襟#系带,6.0,准确性：基本覆盖所有关键词，但漏掉了“裙下摆”“系带”未准确体现（“腰间部分是系带”接近但不完全一致）。生动性：语言有一定画面感，如“仙美迷人”“金属光泽”，但“高级时尚感的金属光泽”略显夸张，雪纺通常不具金属光泽，可能误导。自然度：整体通顺，但存在重复用词如“女性的”“精致”，且“优雅的大道上”表述稍显突兀。总分6分，尚可但需优化。
339,别致的领口处理。性感又迷人，后背撞色的点缀设计，使整体的潮流气息飙升。气质的剪裁使得整体上身显瘦效果好，独特的剪裁和束腰的设计，上身更显高挑，精选优质的蕾丝面料，柔软亲肤有质感。上宽下窄的哈伦裤设计更显瘦，且不紧绷。束脚收口的工艺做工精细，彰显品质。优雅大气的蕾丝拼接袖口，时尚美观。,玛玛绨的一款港风风格的哈伦裤，采用的是束脚的版型，非常的显瘦，而且让你的双腿显得也更加的笔直。蕾丝透视的设计，让你的腿部的肌肤若隐若现，时刻都透露着性感，而且还能凸显你的女人味。融入了撞色拼接的元素，非常亮眼的颜色，更凸显了潮流的气息。,类型#裤*版型#显瘦*材质#蕾丝*风格#潮*风格#性感*图案#撞色*图案#蕾丝*裤型#哈伦裤*裤款式#拼接*裤口#小脚,6.5,准确性不佳：缺乏哈伦裤、撞色、拼接等关键词，且错误地描述了领口和后背（裤子无领口）。生动性一般：部分描述如“别致的领口处理”不合适，但“性感又迷人”“提升潮流气息”等有吸引力。自然度尚可：语句通顺，但出现“塞裤子”般的描述（如领口、后背），略显机械。
340,经典的蓝白格子装饰设计，赋予这款衬衣别样的视觉感受，增添青春活力，搭配高腰半身裙穿出显高的身材比例。宽松的慵懒造型感十足，舒适柔软的面料设计不会太过紧绷束缚，轻松驾驭单穿或作为外套都非常出彩。小衬衫翻领结合腰封的设计，尽显女性的优雅妩媚气息，腰部松紧收口的打造让整体轮廓更有型。百搭实穿款。,复古怀旧风的格纹衬衫，配色很别致，出街都基本不会撞衫。简洁的小翻领，修饰脸型显精神都不在话下。整体的设计比较宽松，也可以当做小外套穿着，袖口做了收口，看起来更加利落，两个贴袋装饰。帅气休闲。,类型#上衣*版型#宽松*风格#复古*风格#休闲*图案#格子*图案#复古*衣样式#衬衫*衣样式#外套*衣领型#翻领*衣袖型#收口,6.5,准确性：基本覆盖关键词，但遗漏了'复古'、'休闲'，且'收口'误写为'松紧收口'。生动性：有一定描述，但缺乏冲击力，如'视觉感受'较平淡。自然度：较为通顺，但'搭配高腰半身裙'、'腰封'等不属于原文特征，略显突兀，有机械拼接感。整体尚可但不够精准，缺乏亮点。
341,简洁帅气的oversize衬衣款式，非常经典百搭的款，适合任意一种场合。优质纯棉面料，透气舒适。前短后长的设计，丰富层次感、视觉更有层次。袖口采用收紧设计，修饰手臂的纤细线条，拉长手部比例。整体偏宽松的版型穿在身上显瘦修身又减龄，很显年轻！,这款衬衫的面料采用纯棉面料，面料手感柔软顺滑，穿着舒适亲肤。版型做了宽松版型设计，藏肉显瘦，适合多数mm驾驭。衣袖直筒设计，修饰纤细手臂线条，下摆包边设计，走线工整，凸显品质精致做工。,类型#上衣*版型#宽松*版型#显瘦*材质#棉*图案#线条*衣样式#衬衫,8.5,文案覆盖了所有关键词，语言生动有吸引力，但“前短后长的设计，丰富层次感、视觉更有层次”中‘层次’重复略觉别扭，整体自然度较好。
342,这款BRAND男士多口袋休闲短裤选用精挑细选的皮质面料制作工艺舒适穿着体验极佳，多口袋设计使您的物品随手可取方便又省心。黑色的配色使得该款休闲短裤可以百搭各类服装，时尚帅气拉风十足，凸显个性魅力且修饰腿型拉直腿部的线条。,裤子侧边的黑色五角星图案是她最大的亮点，几乎没有人想到在短裤的侧面还可以有这样的设计，真心赞。盾形的后口袋设计，完美提升臀部线条，这样就既有美腿又有翘臀啦。,类型#裤*颜色#黑色*图案#线条*裤长#短裤*裤款式#口袋,6.5,1. 准确性：包含关键词“黑色”、“短裤”、“口袋”、“线条”，但缺少“图案”、“裤款式”（未提及五角星或口袋设计细节），且提及“皮质面料”与关键词不符，扣分。2. 生动性：语言较平淡，缺乏亮点描述，未突出设计感，购买欲望一般。3. 自然度：通顺，但“精挑细选的皮质面料制作工艺舒适穿着体验极佳”略显啰嗦，有轻微机械感。
343,这款来自<UNK>的女式西装短裤采用立体裁剪的方式打造，舒适贴体，有效提高女性腿部的线条美；经典的纯黑色设计使整体彰显大气利落之感，再以肩章的点缀，增添了不少细节感。前幅的多层翻盖口袋设计不仅实用还很有装饰感。内里选用优质的面料打造，亲肤舒适耐穿，久穿不变形。,这款短裤采用纯黑色的色调，演绎出成熟女性的优雅与沉稳。廓形的剪裁设计，让这款短裤更加有型有范儿。裤脚处的荷叶边造型，更显俏皮可爱的少女气息，也为裤身增添了更多的层次感，丰富了整体的视觉感受。裤身两侧的斜插口袋，兼具美观性与实用性。臀部的尾带设计，将腰臀间的曲线展现的更加凹凸有致，打造曼妙的身形线条。,类型#裤*颜色#黑色*图案#线条*裤长#短裤*裤款式#口袋,5.5,准确性上，关键词基本包含，但缺少线条和口袋的明确提及，且出现无关的肩章元素。生动性一般，语言较平实，缺乏场景感。自然度上，整体通顺，但‘来自<UNK>’显示未识别字段，有机械感。相比参考答案，细节和吸引力不足。
344,卫衣经典款式连帽的造型设计，<UNK>的纯色与单色的布料拼接碰撞出精彩的设计灵感，彰显了经典的魅力所在；而前襟处拉绒材质设计的隐形logo以及金属质感的插兜扣眼装饰，简洁美观富有个性感的同时也丰富了细节层次感与造型感；领部采用翻折半开领的处理加上前短后长的裁剪，在彰显率性洒脱风格的同时能够起到不错的修饰身形和衬托优雅气质的效果；并且连体版型的造型设计搭配撞色条纹的贴边走线，使简约大方的套头短袖也能够穿出时髦洋气范。,舒适套头的短袖连帽卫衣，标准版型穿着更加的合身。纯色的衣身精选舒适面料，就算贴身穿着也无妨。衣身两侧下摆处的撞色竖条纹拼接，并辅以金属拉链开叉装饰，开合随意，更有修饰身形，点睛的功效。,类型#上衣*颜色#纯色*图案#条纹*图案#纯色*图案#撞色*衣样式#卫衣*衣袖长#短袖*衣门襟#拉链*衣门襟#套头*衣款式#拼接*衣款式#拉链*衣款式#连帽,6.0,准确性方面，关键词基本覆盖，但缺少‘衣袖长#短袖’的明确描述，‘撞色’仅在最后提及，‘衣门襟#拉链’未体现，‘门襟#套头’被‘翻折半开领’替代不够准确；生动性上，语言有一定修辞，但用词略显冗余（如‘精彩的设计灵感’、‘经典的魅力’），部分表达机械（如‘拉绒材质设计的隐形logo’不易理解），购买欲望一般；自然度尚可，但存在<UNK>未知词和‘前短后长的裁剪’与卫衣常规不符，整体有少许机械感。
345,这一款衬衣采用了竖纹理丝绸真丝面料，不仅舒适度高垂坠感强，上身之后也十分的柔顺亲肤。而且它最大的亮点在于使用了流行的贴布印花设计，将可爱俏皮的熊猫头像呈现在胸前，显得十分活泼有趣而且非常的减龄，看起来既时髦又精致。采用经典的蓝白条纹设计，使得整体造型更加地大方有型又十分耐看百搭。领口处的弹力橡筋设计让这款衬衣能够轻松应对多种场合的需要，不管是日常还是通勤都适合穿，打造出活力满满的运动潮女形象来。,青色大印花两件套，通勤感又不失流行，拉长的衬衫领是它的小小心情，袖口红蓝白条纹与青色的冲突，更让整套视觉明亮。裙子用松紧带，弹性十足，胖瘦都毫不费劲，适合各类提醒。蚕丝面料舒适而不臃肿，运动风明快，却又带了小女人的气质。,类型#上衣*材质#蚕丝*风格#通勤*风格#运动*风格#青春*图案#条纹*图案#印花*衣样式#衬衫*衣款式#松紧带,6.5,优点是语言较为生动，描述了面料的舒适度和贴布印花设计。但准确性不足：遗漏了'袖子红蓝白条纹'、'松紧带'等关键词，且将'两件套'误写为'衬衣'，也未体现'青色'和'运动风明快'等要点。整体通顺但缺乏冲击力，购买欲望一般。
346,采用真丝丝绸面料打造而成的裙体。手感舒适顺滑，轻薄的面料带来清凉舒适的穿着体验。纯手工雕刻出来的蓝色数码印花，将花朵设计为<UNK>的排列方式，简约而不显单调；融入古典雅致的旗袍元素，典雅精致。尽显复古时尚的气息。经典小圆领与细边五分袖相结合，彰显知性干练的气质。修身h型的下身腰间设有松紧扣的设计，让穿脱更加方便。腰部侧下方的隐形开衩设计，使动作更加灵活自由不受拘束。中长的<UNK><UNK>于内衬之上，使得裙子的长度更富有层次美感，穿着时不会过于暴露裙子也显得格外有气派。两侧排扣闭合可以起到提升档次与美观度的作用，同时便于日常的搭配和选择。,桑蚕丝印花轻柔飘逸，色彩艳丽，彰显高端品质。h型长裙包容身材，端庄优雅又显瘦，用彩色排扣点缀裙摆开叉处，增添复古的文艺风范，露出蓝色双层裙摆，更显浪漫妩媚。圆领口和五分袖都是最简单的款式，简约中流露知性气质。,类型#裙*版型#显瘦*版型#h*材质#蚕丝*颜色#蓝色*风格#复古*风格#文艺*风格#简约*风格#知性*图案#复古*图案#印花*裙下摆#开叉*裙长#长裙*裙袖长#五分袖*裙领型#圆领*裙衣门襟#排扣,5.0,准确性方面，文案涵盖了大部分关键词，但出现了<UNK>标记，且未明确提及‘蚕丝’（而是用‘真丝丝绸’）、‘显瘦’、‘蓝色’（描述为蓝色数码印花但不够突出）、‘复古’、‘文艺’、‘知性’等，部分关键词缺失或表述模糊。生动性上，语言有一定描述但稍显冗长，如‘纯手工雕刻’、‘古典雅致的旗袍元素’等，未完全聚焦商品优势，购买欲望一般。自然度上，存在重复（如‘裙体’、‘裙子’多次出现）、语句不通顺（如‘中长的<UNK><UNK>于内衬之上’），且有机械感，整体不够流畅。综合评分为5分。
347,蓝绿色的调，搭配上亮丽的黄色条纹，不仅带来强烈的视觉冲击力，而且还能打破常规的朴素沉闷感，营造出青春活力的气息；而宽松的衬衫款式，不仅穿着随意自在没有束缚感，加上下摆的开叉剪裁设计，则又增添了个性时尚的态度。领口的蝴蝶结系带设计，精致的小心思打造出减龄可爱的少女范，再配上简约帅气的短外套，就能轻松凹出时髦的造型感，轻松吸睛惹眼。喇叭袖的设计，增添几分俏皮感，更添活力感。,一款简约而不简单的衬衫，宽松合身的款式穿着舒适又不挑身材，看习惯了各种白条或者蓝白条纹的衬衫，暖黄色的条纹是不是给你眼前一亮的感觉呢？袖口小喇叭袖与领口上的蝴蝶结系带相呼应，满满的甜美少女感，穿起来也很减龄。,类型#上衣*版型#宽松*颜色#黄色*风格#简约*图案#条纹*图案#蝴蝶结*衣样式#衬衫*衣袖型#喇叭袖*衣门襟#系带,7.0,准确性方面，文案包含了宽松、黄色、简约、条纹、蝴蝶结、衬衫、喇叭袖、系带等关键词，但缺少‘版型’（宽松已体现）、‘衣门襟’（系带已体现），且未提及‘类型#上衣’，几乎全覆盖。生动性方面，语言有画面感，如‘强烈的视觉冲击力’、‘青春活力’，但未突出黄色条纹的独特吸引力，与参考文案的‘眼前一亮’相比稍弱。自然度方面，整体通顺，但‘加上下摆的开叉剪裁设计，则又增添了个性时尚的态度’略机械，存在‘的…的’结构重复，‘再配上简约帅气的短外套’涉及未提及的商品，稍显冗余。综合评分7分。
348,"双道按扣设计，方便穿着的同时显得更加时尚有型;后长前短裁剪,前袋两侧配有两排方形贴袋，对称的立体大口袋增添视觉立体感，使衣身层次更丰富，实用贴心!单排金属拉链装饰袖子,让整款风衣充满时髦感，不显呆板,彰显个性。",弹力束口袖口以及衣摆设计，松紧适宜，穿着舒适无束缚，加强防风保暖。侧身斜插口袋设计，对称美观，且实用方便。ykk拉链门襟设计，拉合顺畅且穿脱更方便。轻便耐磨风衣面料，亲肤透气，防风防晒。,类型#上衣*衣样式#风衣*衣门襟#拉链*衣款式#口袋*衣款式#拉链*衣款式#对称,6.0,准确性上，遗漏了'拉链门襟'、'对称口袋'、'束口袖口'和'防风保暖'等关键词，但包含了'口袋'和'拉链'。生动性较好，用了'时尚有型'、'时髦感'等词，但缺少对舒适性和功能性的描述，购买欲稍弱。自然度尚可，但'双道按扣设计'与商品不符（原文为拉链），导致部分不准确。整体扣分较多。
349,在时尚设计中融入了时下的流行风元素，a字收腰的版型设计不仅舒适有气质还极具有修饰身形的作用。而经典的吊带款式设计又增加了时尚美感与优雅感，尤其是那撞色的花边裙领设计更是增添了一抹甜美浪漫的气息，再搭配上v领装饰的样式更是凸显你独树一帜的风格与高雅的气质。更有着经典的灯笼袖口和伞状下摆的衬托，呈现出一种独特的复古文艺美。,收腰的小吊带，能够轻松秀出纤细腰肢，下摆呈a字散开，带来几分俏皮甜美感，长度是到小腿的位置，这个长度最显气质，不长不短刚刚好。领口的撞色勾边，很容易就能吸引视线，搭配v领，更有一股复古气息。一款比较偏轻熟风的吊带裙，文艺又不显幼稚。,类型#裙*风格#复古*风格#文艺*图案#复古*图案#撞色*裙型#a字*裙领型#v领*裙款式#吊带*裙款式#收腰,5.0,待评测文案包含了所有关键词，但存在不匹配的关键词：灯笼袖口（关键词中无），且整体语言生动性一般，有较多套话，自然度较低，显得冗长机械。
350,这款时尚优雅的连衣裙是mm们扮靓的最佳利器。经典的a字版型设计，完美遮掩腹部和大腿赘肉，凸显迷人曲线，拉长身体的比例；腰部的系带设计，不仅收腰，还能凸显身材柔美的女性线条，加上蝴蝶结点缀更是优雅动人；精选优质的<UNK>色面料制作而成，触感细软手感舒适顺滑，带来完美的穿衣体验。,连衣裙属于非常好穿的x廓形，这样的线条对于身材不会有太大要求，立体收腰的设计，还会让腰肢看起来更为纤瘦。腰节以下的位置做成了散开的a字摆的样式，中袖的长度也是比较温婉的，袖口附带有绑带蝴蝶结，凸显年轻俏皮的味道。,类型#裙*图案#蝴蝶结*图案#线条*裙型#a字*裙长#连衣裙*裙款式#绑带*裙款式#收腰,6.0,准确性上，待评测文案基本包含了所有关键词，但缺少“线条”一词，且“<UNK>”表示缺失的面料描述；生动性较好，使用了“扮靓”、“迷人曲线”等诱人词汇，但部分表述较常见；自然度上，整体通顺，但“完美的穿衣体验”略显机械感，且面料部分因未知符号影响自然度。
351,这款牛仔裤的裤脚经过毛边的处理，时尚动感中带着女性的温柔气息，轻松摆脱臃肿<UNK>身型的既视感，更显腿长与高挑；而裤身表面加入贴心的补丁设计，打破视觉上的单调感之余又极具层次效果。配合上修身的剪裁和高腰的设计，更是能够衬托出纤细的好身材。还有自然的浅蓝色调也很适合春夏季节穿搭，上身自带清凉属性。,浅蓝的色调迎合夏日明朗的氛围，糅合进牛仔裤间透着一丝丝潇洒大气的味道。简洁的款式摒弃浮华，象征着积极与纯粹的生活态度。高腰的裤型与a字版型相互配合，既能打造黄金身材比例又能巧妙地遮肉显瘦。另外在其裤头与裤腿出运用毛边处理，透着一丝丝不甘于平庸的个性，单调与乏味感瞬间一扫而空，宣扬潇洒不羁的活力。,类型#裤*版型#显瘦*材质#牛仔布*颜色#浅蓝色*裤腰型#高腰*裤口#毛边,6.5,1. 准确性：缺失关键词'版型#显瘦'，且未提及'A字版型'，仅提到'修身的剪裁'，未完全匹配。另外多了'补丁设计'，虽不扣分但非必要。2. 生动性：语言有一定吸引力，如'时尚动感'、'清凉属性'等，但部分表达如'轻松摆脱臃肿<UNK>身型'因未知错误符号影响流畅。3. 自然度：整体通顺，但存在符号错误，且句首'而'字使用略显机械，整体有模板感。综合扣分项较多。
352,这条裙子精选高质量的桑蚕丝面料，穿起来舒适透气且不紧绷，垂顺感佳，质感极好。真丝材质本身具有天然光泽，光泽度好，带来自然美感。裙子的正面采用撞色的印花和花卉作为设计元素，展现出十足的异域风情与民族特色。侧面设有插袋的设计，方便置物。,桑蚕丝是真丝中的翘楚，它能带给女性舒适亲肤的穿着体验，并具有轻盈垂坠的特性，作为高级时装的面料，也是高定晚礼服的时尚宠儿。这款真丝吊带裙充分诠释了桑蚕丝面料的高级之感，轻盈度和垂感都很赞，面料泛着淡淡光泽，夏季有出色的清爽与透气性能。印花图案总是具有化腐朽为神奇的力量，裙身的撞色印花增加几分轻奢味道，也让单品变得生动活泼起来，充满古典雅致之感。,类型#裙*材质#蚕丝*图案#印花*图案#撞色*裙下摆#垂坠,7.0,"准确性上，文案覆盖了所有关键词（裙、蚕丝、印花、撞色、垂坠），但未提及“图案”。生动性一般，语言平实但缺乏情感渲染和购买冲动；自然度较好，语句通顺，无明显重复或机械感。总体尚可，但不如参考答案生动。”

注意：原答案中无意间包含多余字符，现已修正。"
353,这件卫衣采用纯色的设计，时尚简约更显帅气，前短后长的下摆搭配腰间松紧抽绳的设计，可随意凹造型显潮范儿。同时经典款的连帽款式更具休闲范儿更显青春活力气息。再加上落肩设计的运用，可以修饰肩膀和手臂的线条，更随性而不做作。宽松袖口采用撞色的织带装饰，个性张扬尽显时髦风范。,简约又休闲的连帽卫衣版型，搭配上宽松的版型剪裁，瞬间穿出时尚慵懒气质。个性俏皮的落肩袖设计，修饰肩部线条，抹去了肩膀的硬朗感。撞色勾边和撞色抽绳的设计，打破了纯色的单调感，带去丰富的视觉层次感。,类型#上衣*版型#宽松*颜色#纯色*风格#简约*风格#休闲*图案#纯色*图案#线条*图案#撞色*衣样式#卫衣*衣袖型#落肩袖*衣款式#抽绳*衣款式#连帽,7.5,准确包含所有关键词；语言较生动，但“帅气”“潮范儿”等词稍显传统；自然度较好，无明显重复。
354,这款BRAND的格子纹裙子采用时尚的版型设计结合细腻的质感面料使得整体凸显女性的柔美气质，又彰显了品牌的高端做工；此外衬衫裙采用的是经典的撞色竖条纹元素，上身尽显女性的干练与优雅的气质，又能完美的修饰女性纤细的腰身曲线，搭配精致的剪裁工艺和时尚的小翻领，更是衬托的颈部纤长优美，突显完美的身体比例，打造都市时尚女性的利落干练感觉，具有十足的韵味！完美体现一个成熟女性内敛、知性但不失干练的特点。,透气清爽的色织麻衬衫裙，自带回归自然的恬静感，平添几分知性文艺风。整体大廓型的设计，让身体不受束缚的同时，结合撞色的条纹元素，带着时尚的律动感，赋予艺术气息。经典的小翻领，线条硬朗立体，契合裙身，尽显知性温柔，从而呈现出落落大方的穿着感。,类型#裙*风格#文艺*风格#知性*图案#条纹*图案#线条*图案#撞色*裙型#衬衫裙*裙领型#翻领,7.5,【准确性】关键词覆盖较好，但未包含“线条”，且“格子纹”与“条纹”略有偏差。【生动性】描述较具体，但稍显堆砌，如“完美”出现多次，略有重复感。【自然度】整体通顺，但部分搭配生硬，如“显得颈部纤长优美”与“突显完美的身体比例”略显机械。
355,对于春夏时节来说一款清爽又百搭的无袖背心连衣裙，能够起到更好的搭配效果。无袖的款式设计让手臂活动变得更加舒适随性。胸前可爱的卡通印花点缀增添几分趣味性，带来甜美的视觉享受体验。轻松应对日常生活中的各种场合，展现出优雅清新的形象。,让您在夏日穿出清新范的连衣裙。淡雅的色系搭配精美的卡通印花，雕琢出格外唯美的时尚情结。采用欧根纱材质工艺，面料轻柔细腻，无袖背心式设计，上身效果更加清爽通透。,类型#裙*风格#清新*图案#卡通*图案#印花*裙长#连衣裙*裙袖长#无袖,8.0,准确性高，包含所有关键词；语言生动，有购买欲望；自然度较好，但部分表述略显冗余，如‘能够起到更好的搭配效果’可更简洁。
356,这条裤子选用柔软透气的全棉面料制作而成，上身舒适亲肤无刺激感。采用时尚吸睛的喇叭裤型剪裁，既能遮盖腿部多余的赘肉，又非常修饰腿部曲线，让双腿变得笔直纤长。裤脚的毛边设计极具个性前卫的感觉，打破纯色的单调沉闷感。两侧经典的斜插袋具有美观时尚的效果又能收纳小物品。明线包边的走线工艺凸显细节品质感。,这款来自milibam的儿童牛仔休闲裤，甄选棉质牛仔面料，柔软滑糯，带来轻盈舒适的穿着体验；弹力伸缩裤头设计，可以根据宝宝腰身自由调节，舒适自在；裤脚结合毛边喇叭裤的版型设计，颇具时代感，且拉长腿部线条；甜美的纯色色调，在视觉上享受的同时，更于优雅气质中彰显出高街范，妥妥的小时髦精。,类型#裤*材质#棉*材质#牛仔布*颜色#纯色*图案#纯色*图案#线条*裤口#毛边*裤口#微喇裤,8.5,准确性：覆盖了棉、牛仔布、纯色、毛边、微喇裤等关键词，但缺少‘线条’图案；生动性：语言吸引人，如‘时尚吸睛’、‘极具个性’，能激发购买欲；自然度：通顺流畅，无机械感。总体优秀，扣分因遗漏一个关键词。
357,来自BRAND的这款背心裙面料舒适亲肤又细腻，上身效果极佳，具有柔软的手感。精美的绣花装饰凸显出优雅浪漫的气质，彰显新潮欧美风；精致圆领修饰颈部线条，修饰小v脸；独特的喇叭袖设计灵动优雅、别致抢眼尽显细节品质。贴心的内衬配合真丝面料不易走光也保护皮肤；领口与袖口的钉珠和精致的立体的<UNK>点缀，以及下摆的小泡泡裙摆和袖子的立体荷叶边设计都是十分讲究的，穿着更加美丽大方时尚。,经典的圆领设计，修饰颈部线条，时尚的绣花设计，尽显甜美可爱。欧美气质a字裙，真丝工艺打造，舒适的圆领喇叭袖，精湛的钉珠有档次，穿着优雅美丽。优雅的衬衫领口结合荷叶边修饰，干练灯笼袖，搭配一步裙，穿着气质大方，简单大方的款式设计。尽显满满的潮流气息，更有个性。,类型#上衣*材质#蚕丝*风格#欧美*风格#潮*图案#线条*图案#刺绣*衣样式#衬衫*衣领型#圆领*衣袖型#灯笼袖*衣袖型#喇叭袖*衣款式#钉珠*衣款式#荷叶边,7.0,【准确性】待评测文案遗漏了“衬衫”“灯笼袖”（虽然提到“小泡泡裙摆”类似，但并非灯笼袖）、“荷叶边”（提到“立体荷叶边设计”，但未强调“荷叶边”关键词）、“喇叭袖”（提到“喇叭袖设计”）以及“欧美风格”（提到“新潮欧美风”），“潮”关键词未直接体现。整体缺失约3个关键词。【生动性】语言较生动，使用了“舒适亲肤”“优雅浪漫”“灵动优雅”等词汇，能吸引人。【自然度】较通顺，但存在“精致的立体的<UNK>点缀”这样的不自然表述，且部分描述稍显堆砌。综合评分7分。
358,一款时尚个性的半身长裙；富有韵味的肩部设计，采用了撞色的条纹点缀其间，既能增添层次尽显活力感，又可为自信的穿搭摇曳洒脱的气息；不紧绷且能修饰腰肢的不对称半开衩裙摆，打破常规并利用起伏的波浪波纹来凸显时髦个性，为其赋予了轻松运动的气息。,以剪裁和面料的变化，丰富你的衣橱。这款女子半身长裙，以不对称的下摆线剪裁和腰身波浪般的裙褶设计，为你的运动单品添加更多女人味。采用柔软的绉绸面料打造，舒适时尚。裙侧缀撞色三条纹。,类型#裙*风格#运动*图案#条纹*图案#撞色*裙长#长裙*裙款式#不对称*裙款式#波浪,5.0,准确性不足：遗漏了“裙长#长裙”和“裙款式#不对称”中的不对称（仅提到不对称开衩但非下摆线不对称），且添加了未提及的“肩部设计”。生动性一般：有部分描述如“摇曳洒脱”但整体堆砌感强。自然度较差：语句冗长、不通顺，如“富有韵味的肩部设计”不符合半身裙特征，存在机械复读感。
359,这款背心采用了深v领的设计搭配上可拆卸的腰<UNK>，不仅显肤白显脸小，更显苗条纤细哦。再加上肩上的交叉绑带装饰和袖口的蝴蝶结设计，在甜美的基础上还多了些活泼俏皮的气息。更不用说撞色的a字下摆了，还有修身的款式也是让你穿出你的好身材。条纹的款式不会让人感觉到单调乏味。,后背蝴蝶结绑带设计甜美可爱，裙身撞色条纹设计个性十足，经典的条纹元素<UNK>看呢，v领设计修饰精致脸型，a字裙摆遮肉显瘦。,类型#裙*版型#显瘦*图案#条纹*图案#蝴蝶结*图案#撞色*裙型#a字*裙领型#v领*裙款式#绑带,6.0,准确性方面，待评测文案漏掉了'绑带'、'v领'（虽提及深v但未精确匹配）、'图案#条纹'等关键词，且将'后背蝴蝶结'误写为'肩上的交叉绑带装饰'和'袖口的蝴蝶结'，与商品不符；生动性尚可，使用'显肤白显脸小'等短语有一定感染力；自然度一般，'还有修身的款式也是让你穿出你的好身材'略显重复和机械。整体不够准确，故扣分较多。
360,"一字肩的设计,展现性感迷人的香肩和小蛮腰,衬得你更浪漫优雅，微喇叭袖设计,很浪漫的感觉，让你在这个季节更显女人味哦！超吸睛的宽松廓形上身之后可以巧妙的塑造曼妙身姿又特别遮肉显瘦,轻松包容各种身型的需求！经典的条纹肌理加上宽松的衣型，上身特别的温柔显气质，还可以搭配一条腰带系成一个美美的蝴蝶结，随性又甜美~整身就是比较经典的基础款的白色衬衫啦，不挑人穿百搭款,春秋都可以穿了。随便什么裤装<UNK>裙子都好看.小个子女生也很有范儿呢~",这一款衬衫一字领设计，露出肩部性感迷人。微微宽松的廓形，上身包容性比较强，遮肉显瘦中凸显美妙身姿。时尚的蝴蝶结装饰，甜美俏皮自然减龄。加上精致喇叭袖，轻盈大方随风摇曳。,类型#上衣*版型#宽松*版型#显瘦*风格#性感*图案#蝴蝶结*衣样式#衬衫*衣领型#一字领*衣袖型#喇叭袖,7.5,准确性上，缺少了‘蝴蝶结’作为固定装饰的描述，而是作为可选的腰带搭配，未完全覆盖关键词。生动性较好，语言有感染力，如‘浪漫’‘温柔’等。自然度稍差，存在‘浪漫的感觉’重复，且最后一段略显冗长。整体不错，但略逊于参考答案。
361,经典的卫衣基础款，以百搭的灰黑作为主色调，尽显都市女孩的中性帅气范儿。宽松合体的剪裁结合落肩设计，上身效果舒适无束缚感。而领口拼接上的网纱透视面料，则营造出一种<UNK>少女的随波飘逸之美，彰显你的浪漫柔美气质。衣摆前短后长的个性设计，使裙身层次更丰富饱满，行走间散发女性无限魅力。,卫衣真是春日里出门必备单品，而这款拼接的卫衣更是能驾驭多种风格场合，你看那网纱拼接的肩部，是不是很有特色呢？而且舒适好穿的落肩袖宽松舒适，上身自由自在不受拘束。,类型#上衣*版型#宽松*材质#网纱*衣样式#卫衣*衣袖型#落肩袖*衣款式#拼接,7.5,文案覆盖了所有关键词，但准确性有瑕疵，如‘<UNK>’错误；生动性较好，描述有画面感，但部分表达略拗口；自然度一般，存在冗余和不够通顺处（如‘随波飘逸之美’）。总体较好但需优化细节。
362,一款轻逸质感的飘逸连衣裙，以<UNK>明艳的明黄色为主基调，演绎出少女般的活泼气息；简洁利落的经典小圆领设计，让穿着感自然贴伏于颈部肌肤处，凸显出娇嫩白皙的肌肤感。裙身采用轻薄柔滑的雪纺材质打造，若隐若现流露出娇嫩的皮肤触感尽显女性曼妙姣好的身姿曲线，为整体带来不拘一格的小性感味道，裙摆处的不规则裁剪处理，彰显时尚简约的现代感格调。,柔和的黄色能给人带来一股暖意，轻盈的雪纺面料柔软的手感让你浑身散发女人味。时尚简约的大圆领设计，让整体看起来更有活力，穿着可爱减龄；衣袖还采用了透视面料制作，能够修饰出纤细手臂，突显性感魅力；不规则的下摆设计，给整体增添了立体层次，穿着起来也十分灵动飘逸。穿上这款连衣裙，走在大街上绝对回头率满满哟。,类型#裙*材质#雪纺*颜色#黄色*风格#简约*风格#性感*裙长#连衣裙*裙领型#圆领*裙款式#不规则,7.5,文案包含了所有关键词，语言生动且营造了购买欲望，但存在一处未知词<UNK>，且部分表述略显冗余，如'娇嫩白皙的肌肤感'与'娇嫩的皮肤触感'重复，自然度稍差。
363,这款来自<UNK>aiaiaiai的连身裙采用了腰部收褶设计将身形与腿部视觉上的分割开来，同时带来了一抹法式风范，让整体的造型变得知性而又优雅~而裙摆上则是用手工串珠进行点缀着，在穿上了能够凸显你的名媛贵族的气质同时，还显得十分的高端大气哦！腰间还有蝴蝶结的系带装饰，更是增添了一份甜美的少女感。一步走开，尽显魅力！,很气质有范的版型让人穿起来干净舒服，就算小个子女孩也能驾驭的，穿上仍具有一样美美的气质。很有夏日感色系，搭配肩部设计很特别，不夸张但也能体现你的个人品味，知性又浪漫。腰部蝴蝶结的装饰结合一步裙摆的设计凸显身材高挑，勾勒出曼妙的身姿，打造属于自己的优雅，提高众人回头率。,类型#裙*风格#知性*图案#蝴蝶结*裙型#一步裙,7.0,关键词覆盖较好，但存在生硬表述和冗余词汇（如'<UNK>aiaiaiai'、'名媛贵族'），自然度略低，生动性一般，可提升文案流畅性和真实感。
364,此款女童休闲针织开衫，采用罗纹编织工艺制作，质感好穿着亲肤柔软舒适。前短后长设计，使宝贝穿着随性大方的同时又不失时尚感哦~单排扣的设计时尚经典。,针织开衫是都市女性表达出素雅的单品，诠释出一番淡淡的惬意风情，也玩转出一股端庄大气的即视感。单排扣装饰的门襟，注入一股法式优雅的情怀，加之珍珠扣的高级感，显得时髦又摩登，立体的袋盖点缀，平添出素雅的休闲风情，罗纹针织的收尾，增添一股淡淡的惬意风情。,类型#上衣*材质#针织*风格#休闲*衣样式#开衫*衣门襟#单排扣*衣款式#罗纹,6.5,准确性尚可，覆盖了大部分关键词（针织、开衫、休闲、单排扣、罗纹），但缺少'上衣'（可接受）和'衣样式#开衫'已体现。生动性不足，语言平实缺乏画面感和情感共鸣，购买欲望一般。自然度较好，通顺无机械感，但略显模板化。总分6.5。
365,时尚的格子元素作为主打颜色，轻松带出满满的视觉活力感，散发出时髦的气息。这款是来自摩纳纳的女童皮裙，选用的是高密度绵羊皮料子搭配轻奢金属扣点缀，舒适贴身的同时尽显高级质感。简洁的圆领版型，衬托出小淑女的气质同时，还非常显脸小哦！中长款的廓形设计，不挑身材和比例，可演绎休闲或优雅的气质。,中长款款式的气质款式连衣裙，中长款的版型女性穿在身上具有十足的休闲魅力与时尚的个性，极具女性十足的优雅气息。圆领的设计，能够凸显出女性的颈部长度。还能够很好的修饰出女性的淑女气息。,类型#裙*风格#淑女*风格#休闲*裙长#连衣裙*裙衣长#中长款*裙领型#圆领,6.5,准确性方面，未包含关键词'淑女'和'休闲'，遗漏了风格词；生动性较好，使用了'时尚的格子元素'、'高级质感'等描述，有一定吸引力；自然度一般，存在重复感如'中长款'，整体通顺但部分表述（如'不挑身材和比例'）稍显程式化。
366,前方的纽扣造型采用与裤子整体一致的牛仔蓝点缀，让宝宝看起来清新自然，并且带有满满的设计感。裤脚是经典时尚的牛仔蓝色系，在前面配有精致的字母和猫咪刺绣的装饰，可爱又俏皮，更显个性。而且它的侧面还加入了精致的下摆，为宝宝带来十足的个性风采。后背设计了拉链的样式，开合顺滑，日常穿着也比较方便，没有束缚的感觉。正面加入了两道可爱的卡通贴布，加上前面的简单破洞点缀，显得非常活泼，让宝宝瞬间展现出不一样的个性范儿，增添满满的青春魅力。,牛仔裤是衣橱里一年四季都不可或缺的时尚单品，这款就是比较简约版型的，整体优选的牛仔棉弹面料更是提升了穿着的舒适感，腰身的纽扣以及隐形拉链，美观也满足穿脱自如。精美的卡通刺绣更是演绎了无限童趣感，裤身的破洞更是凸显出青春专属的时尚与个性。,类型#裙*材质#牛仔布*风格#简约*风格#青春*图案#卡通*图案#刺绣*裙型#牛仔裙*裙衣门襟#拉链*裙款式#破洞*裙款式#纽扣*裙款式#拉链,7.5,准确性方面，基本涵盖了所有关键词，但“类型#裙”未明确提及，虽描述的是裙子（宝宝裙），但未直接点明是裙款；生动性较好，使用了“清新自然”、“可爱俏皮”等词，能激发购买欲；自然度尚可，但部分句子稍显啰嗦（如“为宝宝带来十足的个性风采”），整体无复读或机械感。综合考虑，评分7.5。
367,气质连衣裙以飘逸的雪纺为主料，上身舒适柔软且轻盈，给人极佳的上身体感！衣袖处的蕾丝与绣花的加入，为整体增添一份优雅精致感；领口处的一圈镂空的<UNK>面料拼接，在朦胧中增添了些小性感的味道，更加时尚有型！！下身同色系的半身裙，搭配上时下的流行元素百褶的设计，将浪漫随性的一面淋漓尽致的表现出来，瞬间就提升了整体的气质美感！让人过目不忘！,让您穿出小心机的雪纺小衫。深黑色的面料，两侧肩部采用蕾丝刺绣拼接工艺，展现出格外动人的肤质。后背的镂空式设计，更让您留下迷人性感的背影。搭配一条半身裙就能气质满满。,类型#裙*材质#蕾丝*材质#雪纺*风格#性感*图案#刺绣*图案#蕾丝*裙长#半身裙*裙款式#拼接*裙款式#勾花镂空,7.0,待评测文案覆盖了所有关键词（类型#裙、材质#蕾丝、材质#雪纺、风格#性感、图案#刺绣、图案#蕾丝、裙长#半身裙、裙款式#拼接、裙款式#勾花镂空），但未提及‘勾花镂空’；语言生动有购买欲，但存在<UNK>错误和少量重复（如‘淋漓尽致’）；整体较通顺，但‘衣袖处’‘领口处’表述略显机械。扣分项：部分描述与商品类型‘裙’不符（描述连衣裙后加半身裙），以及未完全匹配参考答案中的‘性感’风格。
368,这款牛仔裤在面料上选择了优质的面料制作而成，混纺纤维的面料耐磨性较强且亲肤质感良好，上身更加舒适。而裤身上有精致的压线设计，拉长了身材的比例而且也使版型更加的立体挺括。高腰的版型剪裁十分显腿长更显气质，很好的修饰了腿部线条。,这一款牛仔裤采用了棉纤维与聚酯纤维等的混纺面料，裤身具有良好的弹性，上身没有紧绷不适感，行走起来舒适自在。裤身的裁剪相当精巧，根据亚洲女性的独特曲线而裁剪出来的线条，能够更好的修饰腿部线条，结合着高腰的版型，勾勒优美曲线。,类型#裤*材质#牛仔布*材质#混纺*材质#纤维*图案#线条*裤腰型#高腰,8.0,文案覆盖了所有关键词，准确性高；语言生动，有吸引力；通顺自然，无明显机械感。但可进一步突出‘亚洲女性曲线’等细节，提升情感共鸣。
369,这款来自<UNK>的裙子采用经典的黑色和修身的版型，打造出一种精致的女性魅力感；设计师为它融入了后背纽扣开合的设计，这样使得穿脱更加的方便。同时搭配上时尚的高腰设计以及双边的口袋装饰点缀，更添美观实用的效果哟。因此选择这样一款半身裙作为日常的穿搭会是一件不错的选择。,黑色是很典雅深沉的，既能够修身显瘦还能够衬托皮肤的白皙让你看起来更加的充满魅力。半身裙的长度恰到好处，搭配高腰的版型可以说是很时尚又充满美感了。金属纽扣的装饰，就如同沙漠里面的<UNK>一般让裙子充满了生命的活力，粗线条的重工点缀增加了立体感和层次感，口袋的设计可以说很贴心的，能够放一些贴身的物品。,类型#裙*版型#显瘦*颜色#黑色*裙腰型#高腰*裙长#半身裙*裙款式#口袋*裙款式#纽扣,6.5,准确性方面，未包含“裙款式#口袋”和“裙款式#纽扣”中的“口袋”和“纽扣”关键词，仅提到“后背纽扣开合”和“双边口袋”，但纽扣描述与参考不符（参考强调金属纽扣装饰，而非开合功能）；生动性一般，缺乏比喻和情感渲染；自然度较好，但“后背纽扣开合设计，使得穿脱更加的方便”略显机械，整体通顺。
370,黑色的连帽<UNK>防风又挡雨的效果非常棒~而且可以轻松搭配各种上衣不挑搭噢！袖子采用了撞色织带拼接的设计不仅很显活泼的动感气息也很有独特的设计小心机。让这款原本比较简约的外套瞬间变得更有设计感啦宽松舒适的版型既能够遮藏住身形显得身材更苗条呢又能轻松凹出个性时尚的造型。穿它去锻炼或是散步都是很不错的选择噢~,针对运动训练而设计的一款外套，立体宽松的版型剪裁，活动自如不受束缚。整体以黑色做为基调，连帽与后背辅以撞色网眼面料加以拼接，简约之中搭出活力潮范儿。,类型#上衣*版型#宽松*颜色#黑色*风格#简约*风格#运动*图案#撞色*衣样式#外套*衣款式#拼接*衣款式#连帽,6.5,优点：覆盖了大部分关键词，语言活泼有购买欲。缺点：包含未知标记<UNK>，漏掉'运动'风格关键词，部分表述重复如'轻松'，自然度稍逊。
371,一款充满典雅甜美的连衣裙，裙摆处的透视网纱，隐约着修长的美腿，展现几分小女人的性感撩人姿态；采用立体风琴百褶的效果拼接而形成的长裙，呈现出端庄唯美的古典气质，上身瞬间化身复古的欧洲宫廷女神；在色彩与版型上做别出心裁的设计更是吸睛抢眼；细腻清透的朦胧薄纱，衬托出女人特有的婉转风情，让视觉层次更加丰富。结合通体刺绣的花朵设计，将清新活力的桃花粉点亮，甜美可爱的氛围，带来一丝公主的气息，宛若置身花海！,网纱拼接长裙，网纱的点缀设计，舒适亲肤，但是又具有一点挺括性。粉色的甜美，延续女孩<UNK>对梦幻色彩的定义，整体是运用各种几何图形绘制出精细图案，绣花精致的点缀，带来复古宫廷感，演绎浪漫优雅气质。上半身的设计，略带性感味道。单层网纱的设计，不会显得过于膨胀。柔美的仙女色调，朦胧轻盈带着舒适的质感，用在连衣裙<UNK>温柔甜美。,类型#裙*材质#网纱*颜色#粉色*风格#复古*风格#宫廷*风格#性感*图案#复古*图案#刺绣*裙长#长裙*裙长#连衣裙*裙款式#拼接,7.5,文案涵盖了大部分关键词，但遗漏了'拼接'、'刺绣'提及不足，且部分表述稍显堆砌，整体流畅，有一定吸引力。
372,红色的罩衫彰显着浓郁的民族风情。前短后长的设计感在拉长身高比例的同时，又使层次更为突出有型。气质领口的大v字巧妙暴露颈部和锁骨，拉伸了脖颈的线条，更显高挑。荷叶边的袖口和下摆是点睛之笔，将东方女性的飘逸婉约体现得淋漓尽致。整件裙子看起来精致而别致，凸显女性独有的温柔。,用红色来衬托白皙的肌肤，增加在人群中的瞩目度，轻薄的材质冰凉亲肤，即使是在炎热的沙滩，也能最大限度的透气散热。v领设计拉长脖颈线条，彰显气质，荷叶边袖口在沙滩微风的轻抚下，飘逸温柔。腰间松紧设计适合不同身形的女孩子，安全的裤裙有效避免了走光的尴尬。,类型#裙*颜色#红色*图案#线条*裙下摆#荷叶边*裙领型#v领,8.0,文案准确包含了所有关键词（红、线条、荷叶边、V领），语言生动有感染力，如‘点睛之笔’‘淋漓尽致’等表达，能激发购买欲；整体通顺自然，无明显机械感。但‘东方女性的飘逸婉约’略显堆砌，可更简洁。
373,泡泡袖是甜美可爱的一款袖子设计，可以轻松的遮藏住肩部的赘肉，从而让你更显优雅时髦。而且还能修饰肩膀处的线条，看上去更加的纤细有型哦。再搭配上这一件卫衣整体上就是比较宽松的设计理念了，这样的剪裁方式可以更加完美的包容你身上的小赘肉，有着很好的修身效果哦。,春日必备的卫衣，宽松的bf版型，上身舒适修身，遮掩住不必要的肉肉，让你的身材更为纤细玲珑。经典的圆形领口，柔化颈部的线条，修饰下巴的弧线，脸蛋立显精致有型。蓬松的泡泡袖，赋予人惊艳的视觉感，更显轻盈灵动，萌动不失调皮可爱。袖口处的紧实织法，简洁工整凸显质感，让你轻盈又利落哦~,类型#上衣*版型#宽松*版型#显瘦*图案#线条*衣样式#卫衣*衣袖型#泡泡袖,6.5,准确性较好，包含了泡泡袖、宽松、卫衣、修身等关键词，但缺少‘线条’和‘显瘦’的明确提及；生动性一般，语言较为平淡，缺乏画面感和情感吸引力；自然度尚可，但部分表述略显机械，如‘这样的剪裁方式可以更加完美的包容你身上的小赘肉’稍显啰嗦。整体评分6.5分。
374,这款白色的衬衣版型设计简约大方简洁自然，凸显女性温润优雅气质又干练利落；甜美可爱的喇叭袖设计可爱俏皮为整体造型<UNK>一抹亮色增添了一丝活力感让你爱不释手；精致小巧的珍珠扣点缀其上让原本单调无聊的基础款衬衫瞬间鲜活了起来还彰显出女性的落落大方的淑女风范和精致独特的个性特点；侧身搭配的交叉腰封绑带细节丰富整体的造型层次打破单一沉闷感更显得活泼可爱；而袖口下摆的小开叉处理不仅方便了穿脱而且彰显出女性独特新颖的美感时尚又不失个性。,淑女风的衬衫，白色调的晕染，简约大气，清新脱俗，衬托白皙脸庞的同时提升女性的高雅气质。小v的领口，荷叶花边与绑带修饰，遮缮肩膀宽度，并融入甜美风情。插肩袖型与喇叭袖摆，方便活动，突显优雅浪漫。,类型#上衣*颜色#白色*风格#淑女*风格#简约*风格#清新*衣样式#衬衫*衣袖型#插肩袖*衣袖型#喇叭袖*衣款式#绑带,6.0,【准确性】未包含'插肩袖'关键词，且'绑带'描述为交叉腰封绑带，虽相关但未直接提及；【生动性】部分描述（如珍珠扣、小开叉）有亮点，但句子冗长、重复（如'可爱'出现多次），削弱购买欲；【自然度】存在<UNK>符号和机械式堆砌感，如'活力感让你爱不释手'略显生硬。整体中等偏下。
375,<UNK>的女神们当然要优雅与可爱兼有才好，别看这款连衣裙的镂空裙摆设计，但是一点也没有走光的可能哦。精致的钩织点缀衣面凸显着你的少女心。浪漫的绣花装饰彰显你的独特魅力同时散发性感迷人的气息。打造出落落大方的淑女风范。,气质与舒适兼顾的一款连衣裙，因融入刺绣镂空设计，而尽显优雅迷人。小鸟刺绣图案精美逼真，除了透露着甜美大气的淑女气质，还兼备减龄效果。除了栩栩如生的刺绣图案之外，其细腻的针脚也透露出精湛的制作工艺。,类型#裙*风格#淑女*图案#刺绣*裙长#连衣裙*裙款式#勾花镂空,6.5,准确性：漏了关键词‘刺绣’，且未突出‘勾花镂空’的工艺细节。生动性：开头‘女神们’稍显俗套，但‘没有走光的可能’能消除顾虑，整体有购买欲。自然度：通顺无复读，但‘散发性感迷人’与淑女风格稍有冲突，略显机械。综合扣分。
376,这一款牛仔阔腿裤，是很多女生的必备单品之一，既简单又实用。这款采用了高品质牛仔面料，质感很好。版型属于修身款，拉长了腿部线条，更显身材；裤子整体的气质属于百搭的款式，不挑腿型与肤色。搭配鞋子的话可以尝试穿休闲鞋或者小白鞋。因为整体比较简约，所以也可以穿一些高跟单鞋或者靴子的款式来提升气色与女人味。,小直筒牛仔裤，上宽下窄的线条，流畅又简约，视觉修饰腿型和宽胯，显瘦实力满分。优质弹力牛仔，妥帖包裹身体曲线，持久回弹，久穿膝盖部位也不易<UNK>。后腰小v<UNK>带设计，时尚有趣，增添精致细节看点，还能从视觉<UNK>臀部范围有所缩小。,类型#裙*版型#显瘦*材质#牛仔布*风格#简约*图案#线条*裙型#牛仔裙*裙型#直筒裙,4.0,准确性不足：缺少‘裙型#直筒裙’关键词，实际描述阔腿裤而非直筒裙；‘修身款’与‘显瘦’虽相关但未直接提及显瘦；缺少‘线条’、‘图案’等关键词。生动性一般：语言较为平实，缺乏冲击力；‘必备单品’、‘不挑腿型与肤色’等表述略显普通。自然度尚可：无明显重复或机械感，但整体风格偏客观介绍，缺乏情感渲染。
377,这款气质v领翻领格纹不规则长袖连衣裙是充满文雅的韵味之作，简约的两件套设计让人眼前一亮。<UNK>的细碎拼接元素点缀，更显优雅大气，<UNK>/时尚的肩带系带，尽显少女气息，更添灵动美态。时尚而典雅的浅色系配色方案也是十分的吸睛美观，带来浪漫气息。适合于日常商务休闲和商务场合穿着，更加优雅大方。是彰显文艺范儿的第一选择，让你成为人群中的亮点，让路人帮你吸粉赚好评。无论是参加聚会还是逛街或是上班都是绝佳单品。更是优雅大方的淑女的象征，打破格调与常规搭配。更有独特百搭风彩。,这款长袖系带连衣裙，可以说是细节之处都是小亮点了。领口部分运用了常规通勤的翻领样式，形成了一个小v领，可以很好地展现锁骨的曲线。值得一提的是，腰部与袖口处相互呼应的格纹拼接设计，很有文艺淑女的气质，简约中透露着女性的优雅。还有不规则的碎褶裙摆，浪漫又随性不拖沓。,类型#裙*风格#通勤*风格#淑女*风格#文艺*风格#简约*图案#格子*裙长#连衣裙*裙衣长#常规*裙袖长#长袖*裙领型#v领*裙领型#翻领*裙衣门襟#系带*裙款式#拼接*裙款式#不规则,6.0,待评测文案包含了大部分关键词，但存在<UNK>占位符，且'两件套'描述不准确。语言较生动但略显堆砌，部分表述机械如'第一选择''商业和商务'重复，自然度有提升空间。
378,这款仙美的连衣裙，上身凸显优雅的气质。精美的钉珠袖，增添设计感的同时彰显出女性气质和品味。裙身精美的碎花装饰，精致而浪漫，让你穿上它秒变女神。清新的色彩搭配，给人视觉冲击。腰身的压褶工艺，有效的提高了腰线拉长了腿部线条，更衬高挑曼妙的身材。,这款碎花款式的连衣裙，碎花的设计显得很清新优雅，船型领的设计，穿脱方便，前襟压褶的制作，线条整齐自然减龄。最大的亮点就是腰间的手工钉珠的制作，非常的靓丽。,类型#裙*风格#清新*图案#碎花*图案#线条*裙下摆#压褶*裙长#连衣裙*裙款式#钉珠,6.5,准确性：待评测文案未提及船型领和腰间手工钉珠，遗漏了部分关键词（船型领、腰间钉珠）。生动性：语言较优美，如“仙美”、“精致而浪漫”，有一定购买欲。自然度：通顺，无复读或机械感。但整体与参考答案描述的细节差异较大，扣分。
379,这款连衣裙采用经典的黑白色调设计，简约且耐看，同时也增添了女人成熟韵味，时尚的竖向双色条纹，丰富了视觉层次度，同时又能提升气场与气质。修身的剪裁凸显出玲珑有致的身材曲线，穿起来显得高挑修长。加上黑色系带装饰，提升了整体品质和造型，腰部的同色腰带更是修饰身形，搭配单排扣的设计，尽显名媛的典雅知性的魅力，日常上班穿着也很有气质，很是具有通勤风范。,经典简约黑色，自有通勤典雅属性，而两肩和袖口，以及腰带的黑白条纹点缀，让裙身散发出律动的的吸睛魅力。此外，小立领和门襟处的单排扣则带有点中山装的影子，内敛沉稳，气质笃定。加上x版型的修身显瘦性能，凸显出女性优雅端庄的知性气质。,类型#裙*版型#显瘦*颜色#黑色*颜色#黑白*风格#通勤*风格#简约*风格#知性*图案#条纹*裙衣门襟#单排扣*裙款式#腰带,7.5,准确性较好，基本覆盖所有关键词，但‘腰带’未明确提及。生动性尚可，但描述较平实，缺乏参考答案中的比喻和意象。自然度有轻微复读感，如‘气质’出现多次，‘经典的黑白色调设计’与‘黑白色’略有重复。整体通顺但不够精炼。
380,这款休闲裤采用双绉绡，柔软滑爽；前片<UNK>拼接，打造假两件造型感。别出心裁的拼接设计，带来满满的设计感和时髦力！大廓形设计结合腰部收腰打褶处理，使整体层次丰富而立体，配合衣身<UNK><UNK>处理。上身呈现优雅飘逸、蓬松效果，同时具有街头的随性感。,裙摆拼接波浪形镂空花纹，增加整体的时髦度和设计感，看上去挺括立体。为单调的裙摆增添几分酷帅的街头感，蓬蓬的裙摆更具廓形，上身很显精神。收腰的效果真的很棒，束出小蛮腰。很性感，拉高腰线，不压个子不挑人穿。,类型#裙*风格#街头*风格#性感*裙型#蓬蓬裙*裙款式#拼接*裙款式#勾花镂空*裙款式#收腰,4.5,准确性不足：漏掉多个关键词，如“裙型-蓬蓬裙”“裙款式-勾花镂空”“风格-性感”，且商品描述与关键词不符（如提及“休闲裤”）；自然度差：存在占位符<UNK>和语病，如“配合衣身<UNK><UNK>处理”；生动性弱：虽用词如“时髦力”“层次丰富”有一定吸引力，但整体不符商品且不连贯，难以激发购买欲。
381,半身裙采用丝绒面料制作，搭配聚酯纤维衬里和锦纶内衬增加穿着的舒适感，同时结合高腰版型设计，塑造修长的腿部曲线有显瘦的效果。侧边隐形拉链搭配金属环点缀于上形成装饰。而丝绒色织纹理面料制作更时尚，前后的不同颜色衔接层次分明。另外裙摆和下身部分都有亮片和珠片拼接设计，不仅美观更是吸睛效果十足。,一款舒适有型的聚酯纤维半身裙；别具一格的高腰设计，采用了丝绒作为拼接，贴合腰线并衬出纤腰，使曼妙身姿穿搭出柔美小女人的味道；侧腰处的隐形拉链设计，便于穿脱又不影响裙身的外观，穿着更显大方得体。,类型#裙*材质#丝绒*材质#纤维*裙腰型#高腰*裙长#半身裙*裙衣门襟#拉链*裙款式#拼接*裙款式#拉链,6.5,准确性：包含了所有关键词（半身裙、丝绒、聚酯纤维、锦纶、高腰、拉链、拼接、亮片、珠片），但未提及'纤维'与'拉链'作为联合关键词，且对'裙衣门襟'理解有偏差。生动性：描述较具体，有一定画面感，但部分表述如'呈现层次分明'略显平淡，缺乏情感共鸣。自然度：整体通顺，但存在一定机械感，如'设计、形成、呈现'等词频繁出现，且逻辑衔接不够流畅，有复读现象。
382,这款高阶感十足的时髦毛衣，整体选用经典时尚的假两件设计，给人强烈的气场气息，既带来视觉层次美感又能展现出你的摩登大气风范。加之考究细腻的针织工艺，手感柔韧且不易变形。配合上优雅的浪漫的半高领型的设计，完美修饰颈部曲线又能衬托出端庄高雅的气质，同时更<UNK>出一种华丽贵妇的高贵范儿，打造出一位气质淑女的迷人魅力。,来自<UNK>的这件针织毛衣领口采用半高领的花边设计，可以起到减龄的作用，同时又显的更加淑女。结合胸前的奢华镶嵌设计让这件针织上更加贵气，因此更能使穿着者更加的有气场且高贵。,类型#上衣*材质#针织*风格#淑女*风格#高贵*衣样式#毛衣*衣领型#半高领,7.5,文案涵盖了所有关键词，但出现了<UNK>标记，且‘高贵’一词重复使用，略显冗余；语言较生动，但可更自然。
383,一款剪裁简约的连衣裙，上身却充满层次设计感的一款裙装选择，让整个人看起来更有气质、更具格调。个性的<UNK>印花衣身，让整个版型显得很有时髦摩登范儿；再融入上身的独特叠层设计，尽显现代女性不凡气质风范，行走于都市街头也备受瞩目！,作为时尚界的一股清流，时尚连衣裙得到了都市女性的一致认可和青睐，它的设计风格简约，迎合了都市女性的审美追求。这款时尚连衣裙在设计上没有多余的修饰，但是优质面料无疑是一抹亮色，它让这款连衣裙可以自然而然的在街头脱颖而出，轻松打造出<UNK>高端路线，对于都市女性来说，简直再好不过。,类型#裙*风格#街头*风格#简约*裙长#连衣裙,6.5,【准确性】部分包含关键词，但缺少'风格#街头'和'风格#简约'的明确表述，且未提及'裙长#连衣裙'中的'裙长'概念。虽然提到了简约剪裁，但未点明街头风格。【生动性】语言较有吸引力，运用了'层次设计感''时髦摩登范儿'等词汇，能激发购买欲望。【自然度】整体通顺，但出现了两个'<UNK>'占位符，疑似未生成完整内容，且结尾'行走于都市街头也备受瞩目'稍显套路化，略有机械感。综合扣分。
384,简洁的细肩带上加以白色的珠链点缀，甜美中透着优雅的魅力，与裙子整体风格和谐一致；双层网的裙摆采用了垂感极佳的欧根<UNK>，轻盈柔软又挺括，营造一种浪漫飘逸的气质美；领口的细节精致有质感，可以拉长脖颈线更显秀气修长，加上内搭吊带的细节可以很好的防止走光哦！,裙子采用两件套设计，内里为长款吊带，外罩选用珍珠点缀的网纱，精致的做工与纯洁的白色相得益彰，素雅纯洁仙气十足~网纱若隐若现的视觉感受与吊带元素提升了整个人成熟的气质。,类型#裙*材质#网纱*颜色#白色*裙款式#吊带,8.5,待评测文案准确包含了所有关键词（裙、网纱、白色、吊带），语言生动（如‘浪漫飘逸的气质美’），自然流畅且无机械感，完整度稍优于参考答案，但未见明显劣势。
385,这款卫衣设计采用基础款式的造型，既穿着舒适又十分百搭，是春季里不可或缺的搭配单品之一哦！前幅以别致的笑脸表情卡通贴布点缀，瞬间释放你的可爱气质。而且两侧加入斜插袋的造型也十分讨喜，可丰富衣身的层次感同时显得时尚减龄；下摆与袖身采用松紧螺纹处理设计，让穿着更加防风保暖、修饰腰臀的立体廓形，也令这件卫衣充满休闲活力。而利落的直筒剪裁，将显瘦效果发挥到极致。,卫衣既可以很时尚也能够带来接头的炫酷风格，这款却是满满的少女俏皮感，一身的版型是外廓样式的。穿着起来不挑身材也更是显瘦，经典的圆形螺纹领口，贴合颈部更方便穿脱。胸前的可爱卡通图案还富有童趣感，衣摆还带有开叉设计。休闲同时也提升了洋气感。,类型#上衣*版型#显瘦*风格#休闲*图案#卡通*衣样式#卫衣*衣款式#螺纹,7.5,准确性上，文案包含了“卫衣”、“显瘦”、“休闲”、“卡通”、“螺纹”等关键词，但缺少“版型#显瘦”的明确提及，且“风格#休闲”表现充分，“图案#卡通”有体现，“衣款式#螺纹”有提及。缺少“类型#上衣”的直接说明，整体准确度中等。生动性上，语言较有吸引力，如“释放可爱气质”、“充满休闲活力”，能激发购买欲。自然度方面，文句通顺，但“利落的直筒剪裁”与“下摆与袖身采用松紧螺纹处理”略有机械感，且“前幅以别致的笑脸表情卡通贴布点缀”稍显冗长。综合评分7.5分。
386,这款工装式宽松的短外套，采用了较为宽松的版型设计理念。上身给人洒脱不羁的感觉，采用经典的黑色调配色，低调又不简单。胸前大口袋装饰的设计，更显随性慵懒，插肩袖设计修饰肩膀和手臂线条，更加舒适，直筒中长度恰到好处遮挡住小腹赘肉，遮肉又显瘦。整体呈现出来的感觉很有街头风的feel。,这件时尚帅气的工装外套，穿着舒适更显个性。宽松版型，不挑身材不挑人，遮肉显瘦很百搭；口袋设计，立体有型，很有设计感；插肩袖设计，修饰手臂线条的同时，更显慵懒宽松的街头感。,类型#上衣*版型#宽松*版型#显瘦*风格#街头*风格#工装*图案#线条*衣样式#外套*衣袖型#插肩袖*衣款式#口袋,7.5,准确性：基本涵盖所有关键词，但缺少'线条'一词。生动性：使用了'洒脱不羁'、'低调又不简单'等词语，有一定吸引力，但结尾略显平淡。自然度：语句较通顺，但'采用了较为宽松的版型设计理念'稍显啰嗦，略有机械感。整体不错，但可优化细节。
387,精致立体的花朵与花纹点缀于整个裙子之上，充满柔美气息，彰显浪漫优雅格调。精致的蕾丝边缘，丰富整体视觉效果，凸显高端大气风范。性感的深v一字领口设计，完美展现曼妙脖颈优美的线条感，打造颈部纤长视觉感受。贴心的高腰线融入，拉伸腿部比例曲线。自然散开的裙摆剪裁，行走间<UNK>，随风飘逸。,半透一字肩设计的这款婚纱，再饰以立体花朵点缀其中，打造甜美公主范儿的同时，也更能凸显性感锁骨线条。而高腰加上<UNK>的裙型，上身则更衬优雅女神气质。水溶蕾丝面料的选用，更加彰显出了奢华品质感。,类型#裙*材质#蕾丝*风格#性感*图案#线条*图案#蕾丝*裙腰型#高腰*裙领型#一字领,6.0,准确性上，缺少'蕾丝材质'明确描述，但提到了'蕾丝边缘'，部分覆盖；生动性较好，使用了'柔美'、'浪漫优雅'等词汇，但缺乏像参考答案中'甜美公主范儿'等更具吸引力的表述；自然度较好，语句通顺，但'行走间<UNK>'可能因占位符影响，略有机械感。整体中规中矩，有一定购买欲，但不如参考答案细腻。
388,中长款的版型设计，巧妙的遮住了腿上的肉肉，打造出迷人的大长腿。同时飘逸的裙摆随风飘动，更显唯美浪漫的气息。而花朵式的印花图案，不仅打破了整身的单调感，而且尽显俏皮可人的小女生气质。加上松紧袖口的设计，更添优雅灵动之美。,这款卫衣袖口处的假两件设计，增添层次感，一件出门也能穿出不一样的<UNK>~帽檐廓形的袖口设计，增添整体的有趣成分更加亮点。oversize版型，松松垮垮，配以中长款打造，配上长靴不要太洋气~加上胸口及袖口的个性印花尽显青春活力气息~,类型#裙*图案#印花*裙衣长#中长款,6.5,文案包含了所有关键词（中长款、印花），但卫衣描述中未提及假两件设计，与参考答案重点不符。语言较生动，有画面感，但“飘逸的裙摆”与卫衣特性矛盾，自然度一般，部分表述有模板化痕迹。
389,这款情侣外套采用纯棉的优质面料制作而成，穿着舒适无刺激；前幅精致的英文字母logo刺绣装饰，增添设计格调；立体剪裁版型休闲范儿十足的同时又很有运动感与潮流气息！非常适合年轻一代情侣作为穿搭日常出行时穿哦~,这款小外套选用棉质面料，使版型挺阔立体，上身更加有形。英文字母刺绣，增添潮流时尚感，打造出休闲运动风。细节<UNK>袢的大袖扣点缀，设计新颖独特，低调中又不失利落帅气，上身嘻哈范十足。,类型#上衣*材质#棉*风格#运动*风格#休闲*风格#潮*风格#嘻哈*图案#刺绣*衣样式#外套,7.0,准确性方面，文案包含了类型（外套）、材质（纯棉）、风格（休闲运动潮嘻哈）、图案（刺绣）、衣样式（外套），关键词齐全。生动性上，使用了‘穿着舒适无刺激’‘颇具潮流气息’等表达，有一定感染力，但缺乏‘性范十足’等参照文案中的点睛之词。自然度整体通顺，但‘非常适合年轻一代情侣作为穿搭日常出行时穿哦’稍显冗长和机械。综合评分7分。
390,这款衬衣采用经典的小翻领设计彰显出干练利落的气质感，大红色的色调十分显肤色，穿起来不仅显得人皮肤白皙更是吸晴满分。胸前的钉珠装饰增加了几分俏皮可爱的感觉，而且袖口处是开衩的设计时尚感十足。整体上是偏宽松的版型可以遮盖肉肉起到修饰身形的作用。,让您穿出热情洋溢的名媛范，是这款衬衫带给您的惊喜。亮眼的红色系面料，工整的小翻领，适合各种场合穿搭。领口两侧的钉珠工艺非常别致，呈现出精美的时尚品味。自然宽松版型，可以驾驭各种身材。,类型#上衣*版型#宽松*颜色#红色*衣样式#衬衫*衣领型#翻领*衣款式#钉珠,8.0,文案准确包含了所有关键词（上衣、宽松、红色、衬衫、翻领、钉珠），语言生动有吸引力（如‘显肤色’、‘吸晴满分’），通顺自然，无明显机械感。但‘小翻领’略显重复，整体略逊于参考答案的优雅感。
391,这款时尚百搭的牛仔裤，穿着十分舒适大方个性十足。经典修身的版型，适合于各种腿型的选择，结合精密切割的裁剪设计，使得整件裤子看起来干净利落没有丝毫累赘感。宽裕的中腰款式，更是能够突出高挑的身形曲线，让你在众多美女中脱颖而出成为焦点人物。,具有弹性的牛仔裤，在穿着的时候更加注重舒适性。设计师在大腿处采用了磨白的痕迹，打造出了时尚的立体效果，看上去更加显瘦。而中腰的版型能够保护腰腹部，防止寒风的入侵，也更加具有时尚感，实用的性能大大上升。,类型#裤*版型#显瘦*材质#牛仔布*裤腰型#中腰,7.5,文案准确包含了所有关键词，语言生动但缺乏细节，自然度较好。整体优于一般AI文案，但相比参考答案在显瘦效果的描述上不够具体。
392,简约的镂空针织花纹，细腻而有型流畅有致；时尚的尖角领口设计，恰到好处的修饰颈部肌肤以及脸部线条；简洁袖口裁剪精致，打造随性舒适的感觉；搭配开叉下摆设计，为整体增添不少亮点，让整个针织衫焕发新的生命力；<UNK>穿着保暖又显年轻。,这是一款初见简约，再看惊艳的针织衫，它的美，如雏菊，静美极佳。纯白色的衣身，色调大气简约，更好搭配服饰；针织的纹理诠释，竖线的线条更显身姿修长纤细；精妙之处就在于衣身加设了嵌花，精美的小花朵，圆孔镂空，就像一朵朵雏菊般，优雅泛清香。,类型#上衣*材质#针织*风格#简约*图案#线条*衣样式#针织衫*衣款式#勾花镂空,4.5,文案遗漏了关键词'线条'，'勾花镂空'没有完整体现；大量使用'时尚'、'精致'等空洞词汇，缺乏生动性和购买冲动；存在<UNK>未知符号和套路化表达，机械感强，不自然。
393,"将优雅的旗袍与经典的法式<UNK>相结合,采用中式斜襟的设计,让整体又增添了中国风的气质感而中规中矩的a型剪裁和立体的手工缝纫工艺,赋予裙子更为修身且精致的效果也令裙子看上去更有韵味又更具立体感,亮面的绒布材质更是令穿着舒适的同时更显质感。搭配以经典的灯笼袖设计,更是让你轻松展现出温婉知性的美态,让整个女性魅力大放异彩！",这款齐腰短外套，采用中西结合的造型设计，融入中国风的盘口<UNK>元素，展现女性温婉知性魅力。精选提花亮面面料，明暗有致的反光效果，使整体立体感十足。衣身部分，鼓起的衣身遮肉显瘦。齐腰的衣长处理，提高腰线，衬出大长腿。<UNK>的优美弧线，美化脖颈曲线。束口灯笼袖的设计，修饰手臂，亮眼抢镜。,类型#裙*版型#显瘦*风格#知性*风格#中国风*图案#亮面*裙袖型#灯笼袖,6.5,文案包含了大部分关键词，但漏了'显瘦'和'齐腰'；语言生动但有些拖沓，购买欲望一般；部分表达不够通顺，如'让整体又增添了中国风的气质感而中规中矩的a型剪裁'，存在拼接痕迹。
394,简单而不显乏味，时髦与雅致<UNK>一体，彰显都市时尚气质感的短外套。经典的衬衣款型设计，在腰间前搭的围裹款式设计，具有十足的优雅女人味儿。两侧不对称翻盖大口袋造型，个性吸睛又具有实用功能，同时给整体增添了硬朗帅气感。利落的袖口加上同色竖条纹的设计，衬托手臂线条的同时，散发浓浓的复古气息。下摆采用自然下垂的造型，带来率性洒脱的女性气场。,这款衬衫采用了经典的条纹元素，彰显出鲜明的美式复古街头气息，能够打造出雅痞的绅士气度。前幅分别采用了不对称的口袋设计，营造出鲜明的层次感，又具有收纳的作用。弧形的下摆，剪裁比较流畅，可修饰出臀部的线条。,类型#上衣*风格#街头*风格#复古*图案#条纹*图案#复古*图案#线条*衣样式#衬衫*衣款式#口袋*衣款式#不对称,6.0,1. 准确性：基本覆盖关键词，但遗漏了‘复古’、‘上衣’（写为短外套而非衬衫）、‘不对称’（口袋不对称算部分覆盖）和‘条纹’（提到竖条纹），‘口袋’、‘线条’、‘复古’被提及，但‘街头’、‘线条’（下摆修饰臀线）未体现。2. 生动性：‘时髦与雅致<UNK>一体’不通，整体有吸引力但部分用词（如‘硬朗帅气’与‘优雅女人味’矛盾）不够精准。3. 自然度：‘简单而不显乏味’开篇较好，但‘<UNK>’是错误，且‘衬衣款型’与‘短外套’矛盾，逻辑不顺。总体中等偏下，建议优化关键词覆盖和文案一致性。
395,此款时尚优雅的吊坠吊带阔腿连身裤采用了背心式v领设计，修饰颈部展现脖颈曲线美。腰间精致绑带设计，随性飘逸。阔腿灯笼裤版型设计，彰显女性身材的曼妙好身姿。,背带裤带着童年的记忆，总是让人对它爱不<UNK>，是减龄的王牌单品，更是打造百变造型的小心机设计。以阔腿裤版型剪裁打造，实力修饰腿型，完美适配各种身材。藏在裤脚的设计小心机瞬间<UNK>你的心，个性的绑带设计让阔腿裤一秒变成灯笼裤，俏皮感十足又百变，满足你对百搭的需求。,类型#裤*裤型#灯笼裤*裤型#阔腿裤*裤型#背带裤*裤款式#绑带,6.5,待评测文案基本准确，但遗漏了背带裤关键词且误写为连身裤，生动性一般，自然度尚可，因此给予6.5分。
396,这款连衣裙采用经典的圆领款式设计，修饰颈部线条更为优美，尽显优雅气质。搭配下摆两边系带处理，让整体造型更加出彩。时髦大气的蝙蝠袖设计，凸显出女性优雅干练的气场。无论是日常上班穿还是参加聚会穿都很合适，让你随时随地凹造型更亮眼。同时简洁的纯色配色非常容易驾驭，打造清爽干净的都市丽人形象，适合各种正式的场合穿出席，是通勤穿搭的不二选择。,通勤百搭的一款纯色连衣裙，经典时尚的圆领设计，勾勒出优美的颈部线条，结合领口个性的系带装饰，稍微为整体的造型增添几分设计感，显得美观而大方。袖子采用精致的蝙蝠袖，宽宽松松的廓形，能够很好的美化双臂线条，展现温婉优雅的气质。,类型#裙*颜色#纯色*风格#通勤*图案#纯色*图案#线条*裙长#连衣裙*裙领型#圆领*裙袖型#蝙蝠袖*裙衣门襟#系带,8.5,文案准确包含了所有关键词，如纯色、通勤、圆领、蝙蝠袖、系带等。语言生动，使用“修饰颈部线条”、“凸显气场”、“打造清爽形象”等表达，增强了购买欲望。自然度较好，但“凹造型更亮眼”稍显网络化，整体通顺无机械感。
397,此款牛仔裤采用天丝的优质面料，表面具有光泽感。且具有很好的防皱功能。裤腿两侧采用工整的剪裁，对称均匀。使得裤子呈现出来更加有质感的复古气质，纯色为主使得百搭性很强。在腰间还有两个贴布<UNK>口袋装饰，实用美观。加上裤口的束脚设计，使整体风格上比较随和，搭配上也很容易。,选取天丝材质以其与生俱来的柔和光泽度与细腻质感，释放出慵懒复古味道。以基础简洁剪裁碰撞纯色设计，尤为时尚大气。简单而不失雅致的纯色衣身，传递出现代人追求便捷，舍<UNK>简的生活方式，深受大众青睐。胸前口袋设计，在与衣身相同颜色渲染下轻轻点缀，低调添注时尚细节。排扣的设计绅士优雅，简易搭配，可搭配休闲裤、牛仔裤、束脚裤等。,类型#裤*材质#天丝*材质#牛仔布*颜色#纯色*风格#复古*图案#纯色*图案#复古*裤款式#口袋*裤口#小脚,6.5,准确性方面，待评测文案包含了大部分关键词，但缺少了‘牛仔布’、‘复古’（虽提及复古气质但不完整）、‘口袋’（未明确描述口袋位置或风格）以及‘小脚’（束脚与纯色描述不准确）。生动性一般，语言平实，缺乏触动购买欲的感染力。自然度尚可，但存在一些机械感，如‘采用天丝的优质面料，表面具有光泽感’略显生硬。整体可优化，较参考答案有差距。
398,这是一款假两件的连体裤，上身是亮丝的材质搭配流苏领口的的设计，下身是丝绒的面料搭配褶裥设计。这种上衣的版型穿法显得利落又活泼，是女孩子最爱的装扮，所以这条裤子适合各种场合的穿着，让你成为人群中的亮点。,颇具高级名媛气质的一款丝绒连体裤，采用的是质感极好的亮丝丝绒材质，泛着满满的光泽感，让人看一眼便能感受到它的高级感，又带来一种别致的华丽时尚气息；袖口处的羽毛流苏装饰亮眼吸睛，凸显出女性个性的一面；还有那收腰系带的设计，轻松便可勾勒出女性的苗条身姿。,类型#裤*材质#丝绒*裤长#连体裤*裤款式#亮丝*裤款式#流苏,7.0,准确性较高，覆盖了丝绒、连体裤、亮丝、流苏等关键词，但缺少'裤长'（连体裤正确但未强调'裤长'）且未提及'收腰系带'；生动性一般，缺乏高级感和华丽描述，购买欲望较弱；自然度较好，但'上身...下身'结构略显机械。
399,这款女童吊带衫，上衣版型简约时尚，尽显小女生清新气质；吊带设计，穿着舒适自在无束缚感；后幅水手领设计，增加甜美气息；可爱蝴蝶图案点缀，彰显孩子活泼可爱的天性；短裤与吊带相衬，整体造型更具层次美感。,本品采用简约短小的短裤造型，适合在炎热夏季穿着使用，能够带来清凉舒适的体验。短小的款式还可以实现修饰流畅腿型的效果，能穿出大长腿。采用清新的颜色款式，充满时尚气质，满足自由搭配的需求。,类型#裤*风格#简约*风格#清新*裤长#短裤,3.5,待评测文案主要描述的是吊带衫和吊带裙，而非商品关键词中的短裤、简约、清新风格。文案中提到的短裤仅是配角，且未突出短裤本身的简约、清新特点，准确性差。语言虽生动，但偏离主体；自然度尚可，但整体与商品不符。
400,一件很百搭而又不失时尚感的长款连衣裙，修身的版型设计穿着上身非常的显苗条与高挑，再加上经典优雅的百褶下摆设计能够让你展现个性美感。精致小巧的纽扣作为门襟的设计也很有细节感呐，加上时髦的立领设计让整体都多了不少的干练魅力呢。,BRAND这款百褶领连衣裙采用了百褶立领设计，显得十分俏皮可爱。后背带有点缀纽扣开合，方便人们穿脱。腰部带有收腰装饰，<UNK>显瘦。,类型#裙*版型#显瘦*裙型#百褶*裙长#连衣裙*裙领型#立领*裙款式#纽扣*裙款式#收腰,7.0,准确性方面，文案提到了百褶、显瘦、立领、纽扣、收腰（修身版型间接体现）、连衣裙，但未直接使用“遮肉”等词，且“百褶下摆”与“百褶领”略有偏差；生动性较好，使用了“百搭”、“时髦”、“干练”等词，能激发购买欲；自然度较高，语句通顺，无明显机械感。扣分点在于缺少对“遮肉”的直接描述，且“百褶下摆”与参考中的“百褶领”不一致。
401,一款由太平鸟带来的条纹针织衫，运用细腻且富有弹性的针织面料打造而成；整体为修身的剪裁，轻松穿出纤细的身材感，并且还十分具有弹力性能，使女性能尽情去伸展。经典的翻领点缀其中，可以修饰出你优美的颈脖线条，显得气质十足；同时黑白红三个配色相间的竖状条纹，更显层次感，同时也有很强的吸睛度。,十分适合早春穿搭的一款针织衫。经典的黑白竖条纹设计，视觉显瘦效果很好。小翻领设计，能够很好底修饰脖颈线条。特别定制的双层钩针设计，使得整件服饰的保暖性提升一个等级，但是又不会显得过分臃肿。,类型#上衣*版型#显瘦*颜色#黑白*图案#条纹*图案#线条*衣样式#针织衫*衣领型#翻领,7.5,待评测文案包含了所有关键词，准确性高。生动性较好，使用了‘细腻’、‘富有弹性’、‘修身剪裁’等词语，能激发购买欲。自然度稍弱，部分表述略显机械（如‘使女性能尽情去伸展’），且‘黑白红’与关键词‘黑白’不完全一致。整体较好，但可优化流畅度和精准度。
402,这款工装裤时尚又个性，穿在身上时髦帅气。<UNK>腰带设计，收束腰肢勾勒出完美身姿曲线，穿起来更舒适又有型。舒适的纯棉面料柔软贴身，具有良好的透气性，给你带来超高的穿着体验感和幸福感。搭配青春感十足的罗纹腰头，弹性适中，不挑身材上身自然挺阔有型。宽松的萝卜工装裤型，包容性好可以隐藏身形赘肉显高显瘦。两侧弧形的插袋设计，方便收纳的同时增添整体层次效果，使裤子更有立体风。,选用客供高支棉面料，织面平滑细腻，质感挺括，上身有型感。宽松的廓形，搭配上一款颜色艳丽的腰带，不仅可以修身突出腰部曲线，更为裙装增加设计亮点，凸显女性的青春美丽。弧形裙摆剪裁配合前短后长的设计，丰富层次增添一份时尚感。,类型#裙*版型#宽松*版型#显瘦*材质#棉*风格#青春*裙下摆#弧形*裙款式#腰带,3.0,文案完全没有提到裙装，实际描述的是工装裤，商品类型错误，关键词缺失严重；语言不自然，出现<UNK>标记；缺乏购买吸引力。
403,一条个性独特的<UNK>半身裙，上身非常吸引人的眼球！首先，面料采用的是高支数的高密度的上乘苎麻材料，轻薄透气且自然垂顺。其次，镂空的肌理感以及蕾丝的拼接更显设计感，下摆也用了轻盈的长裙摆设计，穿在身上仙气十足！而且这款裙子的腰头是带<UNK>扣装饰的呢！看起来十分别致~,网纱拼接半身裙精选优质网纱质地轻盈、触感柔韧、垂感自然飘逸。拼接精致的镂空蕾丝，轻薄柔软。精美的花型纹路多变、清晰细致。花瓣状边缘采用纤细的睫毛收尾，更添层次美感！清爽半身长裙展现出十足女人味。,类型#裙*材质#网纱*材质#蕾丝*图案#蕾丝*裙长#长裙*裙长#半身裙*裙款式#拼接*裙款式#勾花镂空,2.5,待评测文案严重偏离商品关键词，将网纱和蕾丝误写成苎麻，遗漏了拼接、勾花镂空等关键特征；虽然语言有一定生动性，但准确性不足导致整体可信度低；自然度因<UNK>标记和机械表述受到影响。
404,简洁干练的版型剪裁塑造出挺阔有型的裙身效果，修饰腰身曲线的同时让整体造型更为饱满精致。个性拼接的设计元素融入衣身细节处，用经典的黑白对比色进行碰撞，使简约的造型中不失一丝灵动感，彰显时髦前卫的穿衣态度。流畅利落的线条，为造型的视觉感受增添柔美气息，凸显温柔娴雅气质。,这款鞋子采用牛皮的面料，细腻柔软散发着淡淡的光泽感。纯黑白拼接的设计，展现出简约主义的时髦腔调。方头的设计尽显优雅，平底款式让你行走更加舒适。嘻嘻的扣带的设计，视觉上拉长腿部线条。无论是搭配裙装或是裤子，出街美翻天妥妥的啦。,类型#裙*颜色#黑白*风格#简约*图案#线条*裙款式#拼接,8.0,待评测文案准确包含了所有关键词（裙、黑白、简约、线条、拼接），语言流畅生动，通过“挺阔有型”、“修饰腰身曲线”等描述激发购买欲，无明显复读或机械感，但相比参考答案略显正式，缺少一点亲切感。
405,这件气质的连衣裙是早春不可缺少的一款，上身穿着更显女人味！领口与袖口的<UNK>撞色包边显得十分精致好看~腰部采用了宽边收腰设计，勾勒出纤细的身材比例！下身采用的透视金丝欧根纱，打造仙女范儿，同时让整身的格调感更加突出。肩部蝴蝶结以及后背刺绣都是点睛之笔，使得裙子不显单调；,在裙身上做立体珠片堆砌的星星，和小星星形成对比的同时更显得格外的精致，小女人梦寐以求的连衣裙也<UNK>~在领口及裙摆上用撞色的定制金色网纱做镶边，网纱上特别的刺绣上了撞色的金色珠片，更为贴心的激光镶边，不会散口不说，细节感也做得到位，u型的大领口上系蝴蝶结，甜美一瞬间就出来了，微收腰的版型，裙摆却是散口的a型，甜美，更多的是女人味.,类型#裙*材质#网纱*颜色#金色*图案#蝴蝶结*图案#刺绣*图案#撞色*裙长#连衣裙*裙款式#收腰,7.5,准确性较好，涵盖了大部分关键词，但缺少“图案#刺绣”“图案#撞色”的充分体现；生动性一般，使用了“气质”“仙女范儿”等词，但缺乏细节描写，购买欲望稍弱；自然度尚可，语句通顺，但“透视金丝欧根纱”与原文“网纱”不一致，且略显机械。整体表现中上。
406,设计师为这款连衣裙融入<UNK>印花元素，时尚简约但不失设计感。<UNK><UNK>袖子展现手臂最柔和的曲线，若隐若现的诱惑力自然散发而出。经典的大v领设计更是性感迷人。长至脚踝的中长款式更显干练与知性。,这件简约而不简单的中长款印花连衣裙穿着很显气质，它的设计很用心。设计师采用了经典的v领设计融入衣身，露出精致的锁骨。给人性感而不失优雅的感觉，让你轻松打造出知性迷人的轻熟女韵味，而且v领的融入还能很好的修饰脸型，穿上它让你显得魅力十足。,类型#裙*风格#简约*风格#知性*风格#性感*图案#印花*裙长#连衣裙*裙衣长#中长款*裙领型#v领,6.0,准确性：缺少'图案'关键词，'<UNK>'表示无法识别，存在信息缺失；生动性：描述较有吸引力，但'若隐若现的诱惑力自然散发而出'略显生硬；自然度：整体通顺，但'<UNK>'和'长至脚踝'的表述不够自然，有轻微机械感。
407,这款裤子非常经典好穿不挑人的一款，上身修身又舒适哦。在颜色上做了温柔的樱花<UNK>色和高级灰配色设计，可以轻松驾驭各种身材；结合喇叭阔腿的剪裁设计，在视觉上更显瘦。高腰a字的廓形，很好的修饰了腿部线条，展现窈窕身姿的同时还可以把小肚腩和粗壮的小腿都给藏起来，显女人味同时更显年轻活力感。前短后长的一字隐形门襟开法更是细节之处彰显品质！时尚的金属圆环吊坠，增添了几分酷炫的运动态度感，无论是单穿还是搭配裙子或裤装穿着都是美的没话说，满满的甜美柔美气息呢,这款瑜伽服采用粉色和灰色的搭配，上身后显瘦效果极佳且丰富你的运动生活，精选柔软透气性的面料，拥有极佳的弹力感。裤子腰部高腰的设计，再配以微喇叭版型的裤脚，修饰了双腿线条的同时让肌肉得到放松。,类型#裤*版型#显瘦*颜色#粉色*颜色#灰色*风格#运动*图案#线条*裤腰型#高腰*裤口#微喇裤,7.5,准确覆盖所有关键词，但存在错别字（如'<UNK>'）和少量冗余表达，如多次强调显瘦；语言生动且有购买欲，自然度较好，但部分句子稍显堆砌。
408,这件时尚又百搭的灰色的连衣裙两件套，最大的设计亮点在于衣裙<UNK>带装饰的制作，这样的点缀设计使得整条裙子看起来十分的淑女与个性哟！而且小清新的装扮感也是十足呢，既增加了一丝时髦又多了一份美观性味道哦，这样的设计和制作可谓是经典满满更有型。,这款连衣裙采用了高级灰色的色调，优雅的色彩让整件连衣裙看上去满满的淑女风，优雅大方，立体的剪裁。给人清新可爱的视觉效果，可拆卸腰带处理，新颖时尚，甜美减龄，体现对时尚的追求，灯笼中袖的设计更是别具一格。,类型#裙*颜色#灰色*风格#淑女*风格#清新*裙长#连衣裙*裙款式#腰带,5.5,待评测文案未包含所有关键词（缺失'裙长连衣裙'、'裙款式腰带'具体提及，'腰带'只出现部分且被UNK替换）。语言较生动但略显冗余，如'美观性味道哦'不自然。存在UNK符号，机械感明显。整体可提升空间大。
409,真丝的真谛是飘逸<UNK>仙，所以设计的时候就要更注意细节处的处理，而这件衬衫做了双层的做法，内衬简约的纯白色调，双层拼接的袖部则是采用了花纱打造而出，微微散开的裙摆自然垂感，举手投足间也多了几分柔美温婉的气质，上身很是精致显档次！搭配上一抹精致的刺绣点缀，细节之处更是多了几分古典韵味，瞬间秒杀了小短腿！,一款简约的短款衬衫，融入细腻顺滑的真丝材质后，赋予衣身新的魅力，高雅恬静的气质尽显；直筒的衣身廓形巧妙的修饰身材曲线，包容性很好。圆润的领口显得经典又大方，袖口拼接上飘逸的荷叶边，行走起来灵动而柔美，边缘小巧的收褶也更添立体质感。,类型#上衣*材质#蚕丝*风格#简约*衣样式#衬衫*衣长#短款*衣款式#拼接*衣款式#荷叶边,4.5,准确性不足：遗漏‘蚕丝’、‘荷叶边’关键词，且错误添加‘裙摆’、‘刺绣’等非关键词内容。生动性一般：虽有‘仙’、‘古典韵味’等词汇，但‘秒杀了小短腿’显得不专业。自然度差：出现<UNK>符号、句子不连贯，存在重复‘细节’等机械感。
410,这是一款很有垂顺感的一款连衣裙，选用淡雅又清新的蓝白竖纹面料制作而成，尽显出女性的柔美与端庄的气质；在袖子处也做了<UNK>处理，打造出了假两件的效果，看起来层次分明且层次感十足。同时结合精致的小翻领与细长的肩带，让时尚格调得以提升。而利落的插肩袖更突显干练与大气的感觉，腰间和底部的彩色条纹拼接，使得层次更为丰富。,充满了少女气息的一款连衣裙，气质小翻领设计衬出小巧五官，蓝白条纹裙身清新减龄同时提升整体时尚度和优雅气质，自然垂坠的裙摆带来无限浪漫情怀和灵动美，插肩袖拼接打造挺括肩型，起到修饰肩型的效果，没有肩宽限制，任何身材都能驾驭。,类型#裙*风格#清新*图案#条纹*裙下摆#垂坠*裙长#连衣裙*裙领型#翻领*裙袖型#插肩袖*裙款式#拼接,6.0,准确性方面，虽然覆盖了大部分关键词，但缺少'垂坠'和'拼接'的明确描述，且出现<UNK>占位符；生动性上，有“尽显柔美端庄”等表达，但“层次分明且层次感十足”有重复，略显机械；自然度一般，存在“也做了<UNK>处理”的不自然表达，整体通顺但不够流畅。
411,此款来自slogan，主题系列帽衫后幅的品牌<UNK>刺绣，带有浓浓的街头气息的帽子款式，轻松穿出帅气的时尚look。同时采用了可拆卸设计，可根据需要进行自由搭配，方便不同场合穿搭需要。经典版型，上身酷感十足哦！非常适合追求时尚潮流的你。,卫衣最大的亮点在于胸前新潮独特的logo刺绣，不同于BRAND一贯的设计往事，在其中加入了不同色系的c字logo，令视觉上的层次效果更加分明饱满。而帽子一侧精致的BRAND点缀，强调了双方品牌的联名身份，展现出不羁而时尚的街头气息。,类型#上衣*风格#街头*风格#潮*图案#刺绣*衣样式#卫衣,4.0,准确性差：缺少'刺绣'、'卫衣'关键词，且包含<UNK>标记。生动性不足：语言平淡，未突出亮点。自然度低：存在复读（'街头气息'与'街头'重复），句式机械。
412,这款来自<UNK>男士的卫衣拥有经典的时尚版型设计，上身立体有型，可以轻松修饰和优化身材比例，凸显你的魅力身形。胸口处醒目的品牌刺绣装饰吸人眼球，彰显出浓浓的街头潮流风味。帽子上也采用了精美的品牌logo点缀，简洁明了的设计将品牌特色传递给你。,此款BRAND卫衣，采用经典的帽衫款式，胸口和袖口缀有低调精致的刺绣logo，为衣身增添街头风味和潮人魅力。且搭配柔软面料，内里有加绒设计，手感细腻，带来保暖舒适的衣着感受。此外，俏皮袋鼠兜不仅方便放置物品，同时彰显前卫的潮流风范。,类型#上衣*风格#街头*风格#潮*图案#刺绣*衣样式#卫衣,7.0,准确性：基本涵盖了所有关键词，但'加绒'、'袋鼠兜'等细节缺失。生动性：语言较为吸引，但缺少触感描述，购买欲望稍弱。自然度：通顺，但'<UNK>'标记显生硬，整体无复读感。
413,经典的设计总是能够经久耐看。经典的圆领设计既显气质又衬锁骨，彰显优雅女人味。腰间的系带的点缀增添时尚感，轻松提高腰线的同时，还能很好的勾勒出你的小蛮腰。微微蓬的裤脚和浪漫飘逸的裙摆带来了一种灵动俏皮的感觉，更显温婉淑女范儿。喇叭袖口与v字的结合十分甜美，给人一种随性清新的味道，同时又带着一丝丝的小性感。而且腰部修身的做工凸显着纤细腰身。,简洁的圆领设计，显露出迷人性感脖颈，增添几分娇俏动人。挂脖式系带，丰富了层次感，带着些许的柔美俏皮。修身a摆裙型，结合及膝的长度，遮掩不完美的大腿达到显瘦的效果，唯美浪漫间透着女人柔美气息。喇叭袖凸显甜美气质，更为时尚平添一股秀气，让清新淑女韵味展露无疑。,类型#裙*版型#显瘦*风格#淑女*风格#清新*风格#性感*裙领型#圆领*裙袖型#喇叭袖*裙衣门襟#系带,4.5,准确性差：遗漏了'裙型#显瘦'、'裙衣门襟#系带'（错写为腰部系带）、'裙袖型#喇叭袖'（错写为喇叭袖口与v字结合），且出现'裤脚'错误。生动性不足：用词平淡，如'经典的设计'、'既显气质又衬锁骨'，缺乏美感。自然度低：语句有机械重复感，如两处提到'腰线'和'小蛮腰'，且逻辑不够连贯。
414,这款碎花度假裙以浪漫的樱花粉作为底色，点缀上精致的小碎花，营造轻松愉悦的氛围；v字领修饰颈脖曲线的同时又能打造完美的脸型轮廓，而腰间同布腰带既增添了层次感又提升了连衣裙的设计亮点，且拉高腰线显高挑身材；另外七分袖和侧边开口设计巧妙避免了沉闷感，又方便穿脱更衬清爽。,这款粉色连衣裙精选柔软的面料，上身后能修饰身材曲线，且裙摆的垂落感十足，营造满满的仙女形象。七分袖的设计搭配袖口的小开叉，小巧的展现了可爱俏皮的气质，腰间的碎花腰带，提升你的<UNK>气质。,类型#裙*颜色#粉色*图案#碎花*裙下摆#开叉*裙长#连衣裙*裙袖长#七分袖*裙款式#腰带,8.0,文案涵盖了所有关键词，但未明确提及‘裙下摆开叉’而是写为‘侧边开口’。语言生动，营造了浪漫度假氛围，具有购买吸引力。自然度较好，略有文案腔，但整体通顺。推荐微调准确性问题。
415,这款衬衣采用面料主要是百分百纯棉的优质好料，上身柔软亲肤舒适；整体上色大胆又鲜艳的颜色是整件衬衣最大的特别之处，结合了蓝白条纹和橙黄竖纹两种色调碰撞，为春天带来活力满满的气息；袖口及门襟纽扣处都有精致的圆环设计，打破衬衫给人的严谨感，给与造型随性的自在；而整体的大廓形结构设计更加宽松，适合任何身材的人穿着，日常出街穿起来，更显休闲气息。,衬衫采用纯棉材质手感细腻，亲肤透气性好穿着更舒适，条纹设计色彩清爽干净，活性印染色彩牢固不褪色。厚度适中穿着舒适，宽松版型设计更显休闲自在。干练的衬衫领设计，更显宝贝精神有朝气，精致品牌纽扣富有光泽，细节处更彰显品质。衣摆前短后长圆弧设计，更添设计感更显灵动，两侧心机小开叉，增添一丝甜美活力。,类型#上衣*版型#宽松*材质#棉*风格#休闲*图案#条纹*衣样式#衬衫*衣款式#纽扣,8.0,文案准确涵盖了所有关键词，如纯棉、宽松、条纹、休闲等，且未遗漏。生动性较好，使用了“活力满满”、“随性的自在”等描述，能引发购买兴趣。自然度较高，语言通顺流畅，仅“面料主要是百分百纯棉”稍显冗余，但整体无机械感。扣分点：未提及“衬衫领”和“前短后长圆弧设计”，但准确度仍达标。
416,精选优质纯棉面料打造而成，带来舒适透气的穿着体验；两侧斜插大容量口袋剪裁，方便置物的同时美观大方又不显浮夸累赘感。裤子经过水洗工艺处理，呈现出自然做旧的磨白效果，彰显出别具一格的品质感和时尚大气感；结合上经典而宽松的锥形廓型设计，对腿部的修饰作用非常出色；可以轻松包容各种体型并且遮肉又显瘦，上身舒适自然，尽显休闲大气风范。,选取优质的水洗棉勾勒版型，柔软亲肤的触感，带来舒适透气的穿着体验。引用宽松的廓形版型设计，带来遮肉显瘦的穿搭效果。精致的口袋装饰着裤身，平添了几分休闲随性的气息。个性的圆环金属扣装饰着裤身，呈现出炫酷的时髦感。,类型#裤*版型#宽松*版型#显瘦*材质#棉*材质#水洗*风格#休闲*裤款式#口袋,8.5,准确性：包含了所有关键词（棉、水洗、宽松、显瘦、休闲、口袋）。生动性：语言较生动，如'自然做旧的磨白效果'、'别具一格的品质感'等，但缺少如'圆环金属扣'等亮点细节，略显平实。自然度：通顺流畅，无复读或机械感。整体优秀，略逊于参考答案的丰富细节。
417,这一款衬衣采用精致的细密格纹元素装饰整个衣身，搭配上利落的裁剪显得大气而稳重。小翻领设计加上优质棉质面料的运用，使得穿着舒适并更显干净和清爽。收腰的设计不仅能够凸显腰线还很有视觉立体感。,一款无论什么场合都能驾驭的美裙。精致的小翻领，立体又有型，精气神儿很饱满。<UNK>纹的设计，柔美又浪漫。经典的对格剪裁，彰显出精湛的工艺与高端品质感。100％客供棉，爽滑柔软又亲肤。收腰的款式，勾勒出纤细的曼妙身姿，气质非凡。,类型#裙*材质#棉*图案#格子*裙领型#翻领*裙款式#收腰,6.5,准确性较好，包含了所有关键词，但将裙子误称为衬衣，降低了准确性；生动性一般，缺乏情感渲染和细节描述，购买欲望不足；自然度尚可，通顺但略显平淡，没有机械复读感。
418,这款吊带上衣，采用浪漫的绣花工艺和经典的小花图案装饰胸前，尽显复古韵味。而裙身搭配百褶裙摆设计，灵动飘逸更添柔美女人味儿。无论是内搭还是外穿都能展现出简约大方的形象来！不管是作为一件连衣裙穿着，还是作为吊带背心单穿，都是很好的穿搭效果哦！,这款连衣裙选用素雅的有机<UNK>水面料，纹理富有立体感，复古又不失时尚。亦红亦紫的藕荷色衣身，更能展现女性沉静如水的温婉恬静，再以做工精细的刺绣加以点缀，让其华丽感瞬间提升。以面料的“简”去映衬刺绣的“繁”，努力在简约与繁复中寻求一种平衡。,类型#裙*风格#复古*风格#简约*图案#复古*图案#刺绣*裙长#连衣裙,5.0,准确性不足：关键词包含'连衣裙'，但文案描述为'吊带上衣'和'吊带背心'，前后矛盾，且未体现'简约'、'刺绣'等关键属性。生动性一般：有'浪漫绣花'、'灵动飘逸'等描述，但'简约大方的形象'略显平淡。自然度较低：存在'不管是作为一件连衣裙穿着，还是作为吊带背心单穿'等重复表述，且整体逻辑不连贯，机械感较强。
419,休闲的版型赋予这款短裤极强的潮流气息，在裤身细节上更是用心良苦地融入了时下潮流元素，无论是大号字母，还是不对称腰袢的设计，都彰显着潮女的时尚品位。值得一提的是此款短裤采用了腰部金属<UNK>结合腰带飘带的巧妙设计，不仅装饰性突出，还凸显了裤子的高级质感。而立体工装的口袋更是让整体层次更加丰富。搭配平底鞋就能让你轻松拥有一个元气满满的早春~,休闲短裤在左右两边的裤腿都设计上分明利落的工装口袋，塑造出帅气的工装版型，将男士硬朗的气场凸显。一侧口袋的翻盖装饰字母贴标，营造不对称的时尚感，两边裤脚还装饰飘带，摇曳出随性的味道，突出细节设计的个性和潮流。,类型#裤*风格#休闲*风格#潮*风格#工装*图案#字母*图案#文字*裤长#短裤*裤款式#口袋*裤款式#不对称*裤款式#飘带,7.0,1. 准确性：完整包含了所有关键词，但文案将受众指向“潮女”，与商品关键词无明确性别指向不符，且“不对称腰袢”与原文“不对称口袋”有偏差。2. 生动性：语言较生动，使用“用心良苦”“元气满满”等词语，能激发购买欲。3. 自然度：整体通顺，但存在生僻词如“<UNK>”，且部分描述略显冗长，略有机械感。
420,此款连衣裙运用了丰富的色彩搭配，使整体充满活力与朝气，深色的衣身，彰显出一种深沉内敛之美。不对称的裙身处加入了趣味十足的英文胶印印花，为沉闷单调感增添几丝浪漫甜美的气息。宽大花边的点缀，也具有遮肉又显瘦的性能，可以包容各种身材穿搭，优雅有范儿。袖口处的褶裥处理，既美观大方，又能够很好的防止变形起皱，实用性更强。,此款连衣裙选用优质面料打造，上身穿着舒适度爆棚。独特印花，立体饱满，工艺精湛。不对称的肩部设计，打破传统设计的单调感，更显时尚与活力。花边点缀，为整体注入甜美气息，少女感十足。搭配上深色腰封，有效拔高腰线，轻松优化身材比例，显高显瘦。,类型#裙*版型#显瘦*颜色#深色*图案#印花*裙下摆#花边*裙长#连衣裙*裙款式#不对称,6.5,准确性方面，关键词覆盖了版型显瘦、深度、印花、花边、连衣裙、不对称，但未提及裙长（连衣裙隐含但未明确），且“色彩搭配”与“深色衣身”略有矛盾。生动性尚可，但“趣味十足的英文胶印印花”与参考答案的“独特印花”描述有偏差，且“遮肉又显瘦”表述略生硬。自然度总体通顺，但“为沉闷单调感增添几丝浪漫甜美的气息”稍显啰嗦。整体与参考答案相比缺少对优质面料、肩部设计、腰封显高显瘦的突出优点，建议优化。
421,春天到了，是不是也该换上一件春天的单品了呢？BRAND这款儿童开衫选用质感亲肤的羊羔绒面料，厚度适中，非常适合春季穿着。舒适的宽松版型的设计，上身不仅自在无束缚感的同时也不会有臃肿拖沓的感觉哦。胸前的刺绣图案精致美观，打破了单调的纯色，增加了更多童趣和装饰性。经典的圆形领口设计简约大方，修饰颈部线条打造出小v脸效果。袖子略微设计的卷边，增添了立体感和休闲随性的感觉。开叉的下摆设计更加舒适，增添层次感的同时也更加方便日常的活动。加上细腻的针织纹理，视觉上更加显瘦，提升服装的品质指数哦。,一件上身非常显瘦的针织开衫，轻薄垂顺的款式，无门禁，宽松休闲，自在随性，非常时尚百搭，显慵懒气质。后背做了一个立体的剪裁处理，削弱肩部线条，在视觉上就能显瘦十斤，还有一点<UNK>的效果。简约的纯色设计，简单不单调，两边还有开衩处理，精致立体，更显苗条身形。,类型#上衣*版型#宽松*版型#显瘦*材质#针织*颜色#纯色*风格#简约*风格#休闲*图案#纯色*图案#线条*衣样式#开衫,4.0,文案偏离了参考答案中的关键信息，如只提到‘显瘦’但未提及‘后背立体剪裁削弱肩部线条’等核心卖点；语言生动但准确性不足，关键词中‘纯色’被‘刺绣图案’替代，‘简约休闲’风格未充分体现；自然度尚可但有机械感。
422,简洁利落的立领设计干练大方，巧妙地修饰脸部的圆润轮廓。胸前的镂空花纹缀以细腻的钉珠点缀其上，精巧而闪耀的光彩带来若隐若现的小性感，衬托出饱满的胸部曲线，令妩媚动人的气质呼之欲出。裙身以富有肌理感的面料设计而成，轻盈的质地搭配柔和的光泽感，呈现出灵动柔美的质感。飘逸的裙摆在腰部的剪裁别出心裁，高腰线的分割带将腰以下的长度拉伸了很大一个比例，轻松打造大长腿既视感。浪漫的花边拼接在走线十分干净的下摆处，配合着宽扁的面料，营造出微荡漾的小弧度，轻摇慢动的裙角平添几分优雅女人味；再由裙摆垂坠的面料延伸开到后背处的松紧带，贴合背部的同时更加修饰了女性优美流畅的身形线条。,镂空花边立领设计，勾勒出优美的脖颈线条，衬的人气质不俗，胸前镂空花纹拼接，加上精致的钉珠点缀，婉约朦胧却并不会显得过于暴露，带来刚刚好的性感情调。裙身上立体的花朵装饰，流露出几分婉约风情。高腰设计，自然垂坠的裙摆，裙长过膝至小腿，有很好的修饰作用，举手投足间尽显柔美气质。,类型#裙*风格#性感*图案#线条*裙下摆#花边*裙下摆#垂坠*裙腰型#高腰*裙领型#立领*裙款式#拼接*裙款式#勾花镂空*裙款式#钉珠,7.0,准确性方面，待评测文案覆盖了大部分关键词，但缺少'垂坠'，且'勾花镂空'和'拼接'虽有对应描述但不够明确。生动性较好，使用了'若隐若现的小性感'、'大长腿既视感'等吸引人的表达，能激发购买欲。自然度较高，语句通顺，但部分表述略显堆砌（如'宽扁的面料'），略有机械感，整体接近人工水平。扣分主要因缺失一个关键词和少量不自然表达。
423,在时尚圈的潮流中总会不时地涌现出一两种新的设计元素。设计师们通过不断的探索与尝试<UNK>发现新潮的设计方式：以拼接的手法打破单调无趣的沉闷格局，展现丰富的层次感的同时更能凸显优雅大气。配以后背采用交叉系带进行点缀，不仅起到修饰身形的作用还极具美感。加以小星星点缀的细肩带，带来一丝别致的精致复古范儿；以轻柔柔软的雪纺质地为材料，再结合着浪漫唯美的碎花装饰，让女性的魅力呼之欲出。修身的廓形加上下摆处的微褶处理更是增添几分柔美气质。,很别致的一款碎花雪纺裙，选择温柔到骨子里的色调。带着一丝复古的气息，非常的耐看而且很好搭配。胸下的细褶拼接提高了腰线的位置，视觉上显高显瘦，轻松打造出大长腿的即视感，丰富的层次感充满着浪漫的气息，上身效果非常的轻盈优雅。,类型#裙*版型#显瘦*材质#雪纺*风格#复古*图案#碎花*图案#复古*裙款式#拼接,6.0,准确性方面，待评测文案使用了所有关键词，但“复古”重复了一次；生动性尚可，但描述过于冗长，部分语句如“在时尚圈的潮流中总会不时地涌现出一两种新的设计元素”显得冗余，削弱了购买欲望；自然度一般，存在如“<UNK>”的异常符号，且“设计师们通过不断的探索与尝试”这句有机械感，不够流畅。整体得分6分。
424,复古的印花图案，色彩鲜明典雅，凸显优雅气质，搭配蝴蝶结扣饰腰带和a字的剪裁，修饰腰身更添甜美气息。精选优质布料，质感轻薄细腻穿着舒适有垂坠感，亲肤柔软透气性佳，贴身穿着没有刺痛的感觉。简约宽松的小衫式领口加上袖口的设计，简单而不失设计亮点。荷叶喇叭状的衣袖自然收缩造型飘逸，增添了几分温柔。,这款裙子采用小a字版型，宽松舒适，视觉上提升腰线。慵懒随性的蝴蝶结腰带，增添几分甜美俏皮气息。复古简约方格纹印花，经典百搭不落俗套。垂坠面料与搭片款式的巧妙结合，增加整体层次感，更具独特气质。,类型#裙*版型#宽松*风格#复古*风格#简约*图案#蝴蝶结*图案#复古*图案#印花*裙型#a字*裙下摆#垂坠*裙款式#腰带,6.5,准确性方面，覆盖了大部分关键词，但遗漏了‘版型#宽松’、‘图案#复古’（印花已包含但未强调复古）、‘裙下摆#垂坠’、‘裙款式#腰带’（虽提到腰带，但未突出搭片款）；生动性较好，如‘荷叶喇叭状的衣袖自然收缩造型飘逸’有画面感，但整体略显冗余，不够简洁；自然度一般，部分表述有拼凑感，如‘简约宽松的小衫式领口加上袖口的设计’稍显拗口。
425,这款毛呢两件套是假两件的经典打造，毛呢面料与白色体恤结合在一起，在色调上形成鲜明的对比。将原本正式版型严肃的西装，改造成为一件休闲风十足的洋气外套，同时运用了宽身的袖子剪裁方式，修饰手臂线条比例更为修长和纤细。而在下摆处还有别致的皮质围裹设计，与毛呢面料相互拼接，增加了整体的层次和立体感！,这款外套拥有硬挺的牛仔面料，诠释了西装的版型。设计师运用拼接手法，为西装加入了一丝趣味和休闲感。白色的线条更是勾勒出整体的效果。,类型#上衣*材质#牛仔布*颜色#白色*风格#休闲*图案#线条*衣样式#外套*衣样式#西装*衣款式#拼接,7.5,待评测文案准确包含了所有关键词：上衣、牛仔布（但文中写为毛呢，不准确）、白色、休闲、线条、外套、西装、拼接。但将牛仔布误写为毛呢，准确性有缺陷。语言较生动，有购买欲望，但存在不实描述。自然度较高，无明显复读或机械感。综合扣分主要因材质错误。
426,这是一款自带慵懒气息的无袖连衣裙，穿着时轻松凸显气质女人味。裙子采用优质纯棉面料制作而成，穿起来柔软舒适亲肤性佳。经典的圆领，修饰脸部柔美曲线。同色腰间系带的装饰点缀，增添细节特色和设计感的同时带来满满的造型看点。,此款连衣裙采用百分百的纯棉面料制作，具有极好的吸湿透气性，上身以后格外亲肤舒适。时尚大气的圆领，能够更好的贴合颈部，凸显女性的落落大方。利落简洁的无袖版型，清爽自在，特别适合夏季穿着。腰部贴心的系带设计，更是可以帮助你塑造纤细腰身。,类型#裙*材质#棉*裙长#连衣裙*裙袖长#无袖*裙领型#圆领*裙衣门襟#系带,8.0,准确性：包含了所有关键词（裙、棉、连衣裙、无袖、圆领、系带）。生动性：语言富有画面感，如'自带慵懒气息'，能激发购买欲。自然度：通顺流畅，无重复或机械感。但未明确强调纯棉的吸湿透气性，扣0.5分；缺少对腰部系带塑造身材的说明，扣0.5分。整体优秀。
427,经典款式的蓝白细<UNK>纹衬衫，是<UNK>人衣柜里不能少的单品之一。这款在设计上摒弃了常规的造型设计，而选用优质面料，为你的穿着带来更美好的感受。通过精致剪裁以及立体做工，令整体廓形更加有型美观。结合经典版衫的领口设计，轻松展现都市女性的优雅魅力。,咋一看好像只是常规蓝白条纹衬衫，其实袖口处有着不经意的小亮点，打结的设计多了一些趣味性，使这件衬衫不会显得单板。领口大v设计，修饰脸型有瘦脸的效果。,类型#上衣*图案#条纹*衣样式#衬衫*衣长#常规,5.5,准确性：基本包含所有关键词但漏了“图案#条纹”具体描述，且出现<UNK>乱码。生动性：语言较平淡，缺乏亮点和购买冲动，不如参考答案有趣味性。自然度：通顺但略显模板化，有机械感。
428,这款时尚衬衫的亮点非常丰富，采用了假两件式的叠穿设计，加上复古印花元素，凸显出浓浓的青春活力与少女气息，整体搭配更加具有视觉冲击力。领口采用优雅的开襟设计，加上撞色的包边，勾勒出柔滑迷人的颈部线条，再加上清新的蓝绿色基调，打造出别致的视觉效果，彰显浪漫甜美感的同时还能将典雅和知性融合的体面。经典的衬衫造型辅以鲜艳靓丽的宝蓝色裙摆装饰，尽显小女人魅力气质，让穿着者成为淑女的典范。袖口的收紧设计能够有效收缩肉肉显得胳膊纤瘦细长。,撞色衬衫领拼接裙身，突出复古精巧的设计感，衬显出优美的天鹅颈，修饰精致脸型，上身穿着更显简单大方。个性花边剪裁的宝蓝色印花裙身，鲜明的色彩碰撞，给人活力又明快的俏皮感，凸显出女生清新柔美的气质，看起来纯净又优雅。高腰a字版型剪裁，使腰身的线条看起来更加自然、柔和，完美遮掩腿部线条和臀围的缺点，帮助穿衣者保持应有的淑女风范。,类型#上衣*颜色#宝蓝色*风格#淑女*风格#复古*风格#清新*图案#复古*图案#线条*图案#印花*图案#撞色*衣样式#衬衫,7.5,文案准确覆盖了所有关键词，但部分细节如撞色拼接的突出不足。语言生动性尚可，但购买欲望激发一般。整体通顺自然，无严重机械感，因此评分为7.5分。
429,来自lilybrown的这款衬衣在领口的设计上下足功夫，采用宫廷风的尖头扣装饰造型精美优雅，既体现了穿着者的不俗品味，又能带来典雅而迷人的迷人气息；选用优质桑蚕丝面料进行裁剪，穿着起来更轻便透气还十分保暖。时尚个性的装饰设计充满了年轻与时髦的气息，凸显穿着者青春活力的一面。,这款处处流露高贵典雅的桑蚕丝衬衣，尽显女性的优雅魅力，给人端庄大气的宫廷范儿，设计感以及质感完全不输大牌。衣袖采用透视真丝材质，舒适透气触感柔顺，给你清爽的体验。微喇的袖口尽显甜美可人，成熟中含有青春的气息。,类型#上衣*材质#蚕丝*风格#宫廷*风格#青春*衣样式#衬衫,6.5,文案覆盖大多数关键词，但存在重复表述和风格矛盾，购买欲望中等
430,半身裙的表面布满了个性十足的磨白处理，带来浓郁的时髦感。配合上俏皮小清新的破洞设计，可以更好的展示出你的不羁与潇洒一面。加上后背处的磨毛和破洞的处理，更能突显出你不俗气的大牌调性。搭配一件经典牛仔裤就能穿出个性十足的感觉。,BRAND的这样一条别致迷人的牛仔裤设计感极好，彰显出你的独特韵味，让你吸睛十足更洒脱。它的别致半裙设计，甜美万分，同时带给你满满的层次感，让你大气十足。破洞的设计更是高端洒脱，想找别致韵味。,类型#裙*材质#牛仔布*裙长#半身裙*裙款式#破洞,6.5,准确性方面，待评测文案包含了所有关键词（半身裙、牛仔布、破洞），但缺少对裙款式的明确提及，且‘搭配经典牛仔裤’与商品为半身裙的语境冲突，存在逻辑问题。生动性较好，使用了‘个性十足’、‘时髦感’等词汇，有一定吸引力。自然度尚可，但‘后背处的磨毛’等表述稍显机械，整体通顺。扣分点主要在于逻辑错误和关键词覆盖不完全。
431,长款的风衣外套是非常时髦的单品，它能够展现出都市女性柔美不失干练的一面，所以受到了人们的广泛追捧。这一件具有强烈复古风范的单品采用了修身版型的剪裁方式，打造出优雅的女性魅力，腰间的系带则提升了整体的气质的同时又具有显高的效果。精致的金属圆环与双排扣相映衬给这款单品带来了独特的时尚气息，再加上利落的毛边下摆，让穿搭变得更加随性舒适，散发出知性的名媛风范。,经典款式的双排扣风衣外套，搭配上色泽柔和的米色调，呈现出了更为复古知性的优雅感。系带设计的融入，让风衣可以更好的贴合多样化的身材，穿出更合身、也更显瘦的视觉效果。将它穿在身上，既优雅又不失气场，让你尽显时尚。,类型#上衣*版型#显瘦*风格#复古*风格#知性*图案#复古*衣样式#风衣*衣样式#外套*衣门襟#系带*衣门襟#双排扣,7.5,准确性较高，包含了大部分关键词，但缺少'知性'和明确提及'显瘦'（仅提到'修身版型'，未直接说显瘦）。生动性较好，语言有一定吸引力，但稍显冗长。自然度较高，通顺流畅，但最后一句'散发出知性的名媛风范'略显刻意。
432,这款来自dolce＆gabbana的连衣两件套，以简洁的设计迎合时尚界的简约风潮，尽显极简风格；采用<UNK>白色的主色调来展现出干净纯粹的风格；独特的撞色印花在视觉上带来了强烈的对比度，从而散发出耀眼的光芒。半身裙是略微宽松的a字样式，结合细腻柔软的面料，上身更加舒适亲肤，而经典的百褶收腰则修饰身体曲线更显身形高挑纤细。,这款连衣裙的主体采用藏青水果印花图案，肩部和下摆加入白色布料，形成时尚的撞色效果。腰部采用收腰的设计造型，能够轻松打造流畅的身段。下摆是宽松的百褶裙摆，活动灵动自然，也能够体现细节美感。,类型#裙*版型#宽松*颜色#白色*图案#印花*图案#撞色*裙型#百褶*裙长#连衣裙*裙款式#收腰,5.5,准确性方面，待评测文案遗漏了'宽松'、'连衣裙'、'收腰'等关键词，且错误提及'两件套'和'A字'样式。生动性尚可，有比喻和风格描述，但缺乏细节美感。自然度较差，存在明显机械感如'<UNK>'，且'百褶收腰'表述不准确。
433,一款舒适又修身的设计感西裤。裤子腰部设计在常规之上增加了宽腰带的细节，增加舒适度，并且穿出随性帅气之感。腰部有贴布袋扣和单粒同色调钉珠固定住，提升时尚度同时增添层次感。大腿部分的立体剪裁和刺绣工艺搭配了精致亮片和金属钉扣的点缀，给整体增加质感。脚口上做了小收紧，打造细腿效果。,不同于常规西装的一板一眼，这套西装凸显出了令人惊艳的设计感。翻驳领挺括有型，加入了亮片钉珠的点缀，优雅中折射出唯美光芒。修身剪裁贴合身躯，勾勒出纤细腰姿更显精工的立体剪裁。通体刺绣考究精致，<UNK>出立体花型堪称艺术，提升整体品相。,类型#上衣*版型#显瘦*版型#立体剪裁*图案#刺绣*衣样式#西装*衣长#常规*衣款式#钉珠*衣款式#亮片,6.0,准确性较低：待评测文案误将主题写成西裤而非上衣，遗漏了西装、翻驳领、亮片钉珠等关键词，且无通体刺绣描述。生动性一般：语言较平实，缺乏视觉感染力。自然度尚可：语句通顺，但整体与商品关键词不匹配，建议重写。
434,这件连衣裙以清爽的版型和简单的设计，将女性与生俱来的那份典雅的气质展露无疑。大气简洁的v字领口修饰脸型又显气质，而小碎褶和白色流苏点缀胸前，更是增添了一丝别致俏皮的小女人味。腰间的系带设计，则让裙身自然收拢勾勒完美曲线，凸显纤细身姿。直筒的廓形设计让你轻松舒适。飘逸的长款裙摆，既优雅又清新脱俗。打造了一种浓浓的文艺感与复古气息，上身更显你的大方知性。,清新典雅的直筒连衣裙，经典时尚，营造出靓丽形象。清爽的白色基调，更好的凸显白皙肤色，营造文艺气质。精致优雅的提花纹理，充满浪漫知性的文雅气质。经典大气的v领样式，活力可爱，搭配个性系带设计，充满与众不同的个性魅力。点缀复古流苏，营造出飘逸灵动的丽人形象。,类型#裙*颜色#白色*风格#复古*风格#文艺*风格#知性*风格#清新*图案#复古*裙型#直筒裙*裙长#连衣裙*裙领型#v领*裙衣门襟#系带*裙款式#流苏,8.0,关键词覆盖全面，但‘小碎褶’未包含在关键词中，略有偏差；语言生动有画面感，能激发购买欲；行文自然流畅，无机械感。
435,这条格子连衣裙，最醒目的地方还是其上层的细格子设计。层叠式的层次感以及格纹的纹理看起来都很有文艺气息，让人仿佛置身于一个安静文艺的世界中不自觉的爱上它。再加上其背带的款式穿在身上俏皮可爱还减龄。,这款独具学院风格的连衣裙采用背带的版型设计，穿搭起来更具减龄的效果，让你充满少女的<UNK>气息。格纹的BRAND图案修饰其中，衬托出满满的格调，文艺气息脱颖而出，蛋糕裙效果的层叠裙摆造型又很有立体感，看起来很有活力，穿起来更加年轻。,类型#裙*风格#文艺*图案#格子*裙型#蛋糕*裙型#背带裙*裙下摆#层叠*裙长#连衣裙,6.0,准确性：未包含关键词‘蛋糕’、‘层叠’（仅提及层次感），‘连衣裙’未明确；风格匹配但漏关键点。生动性：描述较平淡，‘让人仿佛置身’略抽象，缺乏购买冲击力。自然度：通顺但‘不自觉的爱上它’略显机械，结构简单。总分6分，需补充缺失关键词，提升感染力。
436,卫衣上有字母印花的贴袋设计很个性又很有辨识度。首先它的整体色调就能吸睛。其次贴袋的形状上宽下窄，像是<UNK>有倒置字体的感觉，而这款卫衣的主体的颜色很干净大气。但是印上去的<UNK>的文字在整款的设计中也算是个亮点，能让你更帅气也更有格调。,这款卫衣是以当下热门的<UNK>元素作为设计题材，胸前印花采用高清数码印花贴布工艺，呈现出逼真的视觉效果。左侧文字设计配以右侧<UNK>的宇航员，轻松点出主题，两侧袖子特色贴标装饰，让整体视觉效果更为丰富时尚。,类型#上衣*图案#文字*图案#印花*衣样式#卫衣,5.5,准确性：未提及“宇航员”等关键元素，缺少对图案、贴标等细节描述；生动性：语言有一定吸引力但亮点不足；自然度：存在“<UNK>”缺失和表达不够流畅的问题。
437,春夏季节需要一件清爽的衬衫作为内搭穿着或者单穿。这件衬衫采用紫色的底色设计，具有浓郁的春天气息。v形的领口，以及交叉式的设计，在增加穿着舒适度的同时不失性感的韵味。宽大的露肩设计，展现出女性姣好的锁骨。搭配中长的版型，穿着随性大方。搭配薄一点的春秋款长袖，是出门必备的单品。,欧时力新款的长袖衬衫实在是太凸显女性的魅力光彩了。独特的长袖和性感露肩设计，走到哪里都让人忍不住望一眼，性感时髦的设计会让人爱不释手。搭配亮眼的紫色使得衬衫焕发光彩，加上精选优质柔和面料，亲肤无刺激，舒适不起球，轻松驾驭各种场合。,类型#上衣*颜色#紫色*风格#性感*衣样式#衬衫*衣袖长#长袖*衣款式#露肩,8.0,准确性高，完整包含所有关键词；生动性较好，但略显平淡；自然度优秀，通顺流畅，无明显机械感。
438,<UNK>的这件针织衫版型简单大方，但亮点却很多。胸口的英文字母很别致，不仅增添了细节感而且充满个性，为整体增添了一抹亮色。袖子上的三个小格子图案也恰到好处，十分凸显整体的层次感和精致感。而且整件套头针织衫都是采用的麻花针设计，看起来立体有型但是很有层次感。加上下摆、帽子与袖口三者的对称以及中间部分的<UNK>，使得整体十分协调，非常耐看。整体的设计十分简约时尚，却又十分彰显品质，让你在无形中穿出了时髦感。,针织衫洋气舒适又保暖，是秋冬两季应该选择的一种服饰。这款针织衫设计上非常用心，时髦又透露着典雅风，而且针线很密集，给人一种高大上的感觉，袖口，领口，<UNK>相同颜色的线，看上去非常简约大气，又有一种对称的美感。,类型#上衣*风格#简约*衣样式#针织衫*衣款式#对称,6.0,准确性不足：缺少'对称'关键词，未强调衣样式为针织衫（提及套头针织衫可接受），但整体未突出对称美感；生动性一般：有细节描述但部分用词普通（如'简单大方'），缺少购买冲动；自然度中等：存在专有名词UNK，个别表述稍显机械。
439,小个子mm们可以参考这款气质减龄的少女感十足连衣裙哟。衣身浪漫雅致的碎花装饰，衬托出柔美气息；时尚的气质大v领设计，既能很好地修饰颈部线条又显优雅动人范儿；独特的荷叶袖的设计，视觉上更显纤细修长的美臂线条的同时还增添了几分甜美的气息；加上飘逸自然的雪纺材质的运用，行走间自然生风动感，唯美浪漫更时髦~,这条唯美浪漫的雪纺碎花连衣裙，穿着舒适更显气质。v领设计，修饰脖颈部线条，更显修长白皙；荷叶边裙摆设计，甜美浪漫更显层次感与设计感；荷叶袖设计，修饰手臂线条，更显纤细。,类型#裙*材质#雪纺*图案#碎花*图案#线条*裙下摆#荷叶边*裙长#连衣裙*裙领型#v领*裙袖型#荷叶袖,8.0,文案准确包含了所有关键词，语言生动有吸引力，能激发购买欲望，但部分表达稍显冗长，如“行走间自然生风动感”略显刻意，整体自然度良好，无明显机械感。
440,这条铅笔裙有两条，<UNK>的、灰度的牛仔面料，都是那种偏柔软的感觉所以不会硬朗有挺。上身感觉比较温柔那种。版型上比较接近直筒裤，但是它比直筒稍微瘦一点点。高腰做了两颗扣子装饰，扣起来会更显腿细、拉长腿的比例，不扣也可以穿。,这款牛仔裙，背带的设计充满青春活力，减龄效果max。裙摆则选择的是直筒铅笔裙的版式，罕见而又不突兀的搭配让人眼前一亮，更是增添了优雅的魅力。下摆开叉设计，行走起来更加自如。高腰的版式在视觉上更是有显高的效果。,类型#裙*裙型#背带裙*裙型#牛仔裙*裙型#铅笔裙*裙型#直筒裙*裙腰型#高腰,5.0,准确性不足，缺失'背带裙'关键词，且包含<UNK>占位符；生动性一般，描述较为平淡，缺乏吸引力；自然度较低，存在不通顺表达（如'有两条'、'偏柔软的感觉所以不会硬朗有挺'），且重复使用'比较'导致机械感。
441,这款雪纺衫以明艳的红色为主色，衬托出肌肤的白皙，尽显少女娇俏活力感；别致的雪花装饰点缀全身，为整体增添了一份别具一格的美感和灵动感；修身短款的剪裁配合优雅气质的小立领，勾勒出了纤细的手臂线条和纤细优美的颈部线条，加上个性的压皱袖口设计，营造出一种精致细腻的美感；荷叶花边的松紧收褶木耳边装饰，更显甜美个性，凸显了女性柔美姿态；袖口的黑色滚边缝制增添了整体的层次感。,这套裙装是经典的红黑配色，非常的百搭时尚。上衣的红色雪纺衫，短款修身更显瘦。精致的木耳花边小立领，凸显脖颈纤长优美的线条感。袖身的木耳花边，和甜美的灯笼袖口，彰显活力甜美的气质。下身的黑色半身裙，高腰a字的版型更显瘦。这套裙装不论是上班还是约会，都非常的夺目吸睛！,类型#上衣*版型#显瘦*颜色#黑色*颜色#红色*图案#线条*衣样式#雪纺衫*衣领型#小立领*衣长#短款*衣款式#木耳边,5.5,准确性方面，关键词覆盖率约70%，缺少黑色、A字版型、红黑配色、灯笼袖和裙装描述；生动性一般，有雪花装饰等不准确表述，且未突出百搭时尚和场合适用性；自然度尚可，但存在刻意堆砌感官词，缺乏整体画面感。
442,BRAND家这款圆领刺绣短款的修身卫衣，穿着起来不仅显年轻更显少女范儿。胸前点缀精致的小鸟绣花装饰，为整体时髦度加分不少，同时也增添视觉层次感。舒适利落的圆领，修饰颈部线条更加美观大方。采用高腰的款式造型，巧妙的拉长了女性的身线比例。搭配a字版的衣摆造型，凸显温婉的淑女气质。,这款淑女风卫衣，采用圆领的设计，加上条纹的装饰，修饰颈部柔美线条的同时，且丰富视觉美观。衣身精美的绣花，彰显女性的几分典雅气质。短款直筒的版型，遮掩女性身材的不足，上身毫无束缚感又显瘦。此外，品质的面料，给你带来贴身舒适的穿着体验。,类型#上衣*版型#显瘦*风格#淑女*图案#线条*图案#刺绣*衣样式#卫衣*衣领型#圆领*衣长#短款,6.5,文案内容生动、自然，表达了显年轻、修饰颈部线条、拉长身线等优点，但缺少参考答案中的‘线条’、‘直筒版型’和‘品质面料’等关键词，准确性不足，因此扣分。
443,以蓝绿色织就的哈伦版型造型别致而有趣，尽显男士沉稳大气之风；胸口处缀有卡通英文字母贴布点缀其上，更添青春活力气息；立体的口袋设计<UNK>方便实用的同时还具有一定的装饰性作用；腰节处的撞色彩条装饰，打破单调沉闷感更突显时尚气质，侧缝开衩加持着精致的明线车工走线美观又利落。,绿色的裤身，充满了活力阳刚之气。撞色的弹力裤头，松弛有度，穿着舒适不勒小肚子，还方便了孩子们自由的穿脱。腰后侧字母图案修饰，醒目亮眼，丰富整体的视觉感。两侧对称的假口袋造型配以卡通图案修饰，栩栩如生，构成了一幅妙趣横生的画面。后侧还设计了字母与图案，可爱充满童趣，完美的彰显了男孩子的活泼天真。再加上哈伦的版型设计，让这款裤子的时尚<UNK>一级。,类型#裤*颜色#绿色*图案#卡通*图案#字母*图案#文字*图案#撞色*裤型#哈伦裤*裤款式#口袋,5.3,准确性：未包含所有关键词，如绿色（写成了蓝绿色）、图案（仅提及字母，缺少卡通、文字、撞色图案）、口袋（写成立体口袋，缺少假口袋）、哈伦裤（有提及）、裤款式（口袋有涉及但未准确），且商品为男童裤，文案描述为男士，与儿童不符。生动性：语言较平淡，缺乏童趣和购买冲动。自然度：部分表述生硬，如‘蓝绿色’、‘胸口处’（裤子没有胸口），全文有AI生成痕迹。
444,这是一条有设计感的牛仔裤哦，不同于常见休闲裤的宽大垮塌版型，采用了时尚的小直筒廓形，穿在身上显得腿部笔直又修长。而潮流的五分长度剪裁，让这条裤子更加适合春夏季节穿着。裤腰处点缀着醒目的撞色字母织带，增添视觉层次感的同时尽显青春活力气息。,该款牛仔裤采用五分款型设计，夏季穿着清凉舒适。简洁的直筒裤脚走线均匀细密，不易脱线和变形，结合裤腿处的撞色字母logo，成功体现出裤子的品牌魅力，时尚显潮流感。,类型#裤*材质#牛仔布*风格#潮*图案#字母*图案#文字*图案#撞色*裤长#五分裤*裤型#直筒裤,5.0,准确度不足，遗漏了'裤型#直筒裤'直接描述，'图案#字母'仅部分体现；语言较生动，但自然度中等，有一定机械感。
445,这款百褶中长连衣裙优雅而浪漫的设计效果，结合独特的下摆设计，将小女孩气质衬托得完美无缺。别致新颖的裁剪带来十足的造型美感与视觉冲击，展现孩子时尚气质的同时彰显少女俏皮个性。简约的大圆领设计舒适自然，不仅勾勒优美脖颈更添一丝温婉柔和气息，让女孩子无论参加什么场合都充满十足的女人味儿。腰间精致打褶工艺既丰富了整体造型层次感又凸显可爱，修饰身材更显匀称修长。袖子处压褶工艺丰富衣身层次质感，增添甜美度。,23区的这款连衣裙，经典的圆领，既能修饰脸型小巧，还能凸显出颈部的纤细，皮扣的设计，不仅能随意转换造型，还能给人一种抢眼的视觉感。百褶的款式，简约又不失时尚，还很好的丰富了整体的立体感。,类型#裙*风格#简约*裙型#百褶*裙长#连衣裙*裙领型#圆领,5.0,待评测文案未包含关键词'百褶'、'简约'（仅出现一次但未强调风格）、'连衣裙'（称'中长连衣裙'但缺少'裙型'明确对应）和'圆领'（仅提'大圆领'但未直接匹配），同时添加了'中长'、'袖子压褶'等无关细节，偏离商品重点。语言较生动但略显堆砌，有重复感（如两次'层次感'），自然度一般。
446,这款连衣裙采用蚕丝面料，柔滑亲肤十分舒适。优雅又充满浪漫气息的印花遍布裙身，仿佛艺术家笔下的抽象画一般，色彩丰富层次分明。领口、双肩和腰部均点缀着立体木耳花边的装饰，尽显精致而立体的轮廓感。时尚大方的高腰设计加上恰到好处的七分袖长度，展现优美的肩颈与腰部线条的同时更加修饰身材比例，展现出婀娜多姿的女性气质哦。红色色调更是充满热情和活力。,连衣裙抽象的印花融入大自然的元素，清爽自然，赋予创新的艺术韵味，<UNK>优雅之美。流畅的廓形，做了高腰线的处理，拉伸视觉比例，勾勒曼妙迷人的身姿。七分袖的修饰纤细的手臂线条，木耳花边的袖口柔美大方，平添一份浪漫女人味。绚丽的红色与清爽的桑蚕丝浑然天成，质地清透柔滑。踩上一双单鞋，摇曳的步伐，美得不可收拾。,类型#裙*材质#蚕丝*颜色#红色*图案#抽象*图案#线条*图案#印花*裙腰型#高腰*裙长#连衣裙*裙袖长#七分袖*裙款式#木耳边,7.7,文案基本覆盖所有关键词，但漏掉了'图案#抽象'、'图案#线条'等，仅概括为印花；生动性较好，有购买欲望，但部分表达稍显堆砌（如'层次分明'重复）；自然度较高，略有机械感，但整体通顺。
447,这一款来自<UNK>的宝宝连体衣，穿着舒适又保暖，经典的款式设计不仅能够给孩子带来贴心的穿着感，也十分的百搭呢。<UNK>系腰的设计十分经典耐看，而精致的狗狗头像和树叶都采用了刺绣工艺而成，精美十足还带着一种艺术气息呢。配上背带的版型，时尚可爱哦！,绣工精美的动物刺绣图案，形态栩栩如生，非常软萌可爱。腰间装饰扣袢，做工精细，对称整齐，于细节彰显高端品质。实用贴袋<UNK>平整，裁剪利落，增添背带裤的层次感。重工车线，<UNK>等距，简单的工艺透出精工细作的品质。,类型#裤*图案#动物*图案#刺绣*裤型#背带裤,6.0,准确性方面，文案包含了'背带裤'和'刺绣'，但未提及'动物'和'图案'关键词，而是具体化为'狗狗头像'，且没有体现'裤型#背带裤'中的'裤'类属性（实为连体衣）。生动性一般，语言较平淡，缺乏细节和购买冲动。自然度较好，语句通顺，但存在'<UNK>'占位符问题。整体低于参考答案。
448,这款<UNK>的时尚圆领系扣高收腰女式羊毛气质连衣裙让你时刻焕发年轻女性的青春活力，彰显优雅气息和魅力气质，收腰束腿设计能够显出你的纤细曲线，露出小性感哦，同时显得身材特别挺拔笔直。经典的圆领设计修饰脖颈线条凸显颈部纤瘦，彰显成熟魅力。下摆是较为宽松的裙摆剪裁方式，修身显瘦，而且还可以突出女性身姿完美性感的曲线线条，展现婀娜多姿的女性身姿更带得有魅力。适合在春季穿着，搭配一件简单的平底鞋就可以出门啦，逛街、购物or上班，都不在话下~,美丽家这件ol风连衣裙，宽松大圆领设计，轻松彰显脖颈线条，透出性感吸睛魅力。裙面采用羊毛面料制作，呈现出的毛呢材质兼具手感与质感，上身亲肤舒适。宽松的伞摆设计，上身立显活力气质。修身收腰版型设计，上身舒适不紧绷，轻松展现身材曲线。,类型#裙*版型#宽松*版型#显瘦*材质#羊毛*风格#ol*风格#性感*图案#线条*裙长#连衣裙*裙领型#圆领*裙款式#收腰,7.0,✅ 包含所有关键词，准确性高；❌ 语言较啰嗦，有重复（如多次强调曲线、魅力），且出现<UNK>错误，生动性一般；✅ 自然度基本通顺，但部分句子稍显冗长，有轻微机械感。
449,腰间处做了可爱的蝴蝶结绑带装饰的设计，彰显甜美优雅的感觉，也能很好的展现女性的小女人的娇俏的一面。同时搭配整体的版型设计。在喇叭裤型的基础上，又做了九分的剪裁设计，在修饰腿型的同时又能穿出大长腿的既视感！整体的设计都是非常的适合于日常生活的穿着和外出。既能给你带来时尚性感的搭配体验，同时还十分显高挑气质哦~,这款的设计亮点在裤脚。利用了绑带的多变化，可以绑成各种造型。超简单的就是绑个蝴蝶结了，增添了裤子的时髦裤。而且让裤脚处略带喇叭式，更加显高挑了。九分的款式，露出脚踝既有几分小性感，也更显高挑了。,类型#裤*风格#性感*图案#蝴蝶结*裤长#九分裤*裤款式#绑带*裤口#微喇裤,7.0,准确性上，文案包含了所有关键词，但将绑带与蝴蝶结的位置错误描述为腰间（实际在裤脚）。生动性较好，使用‘甜美优雅’‘小女人的娇俏’等词汇吸引人。自然度一般，存在‘同时搭配整体的版型设计’等稍显机械的表达，整体通顺但缺乏参考答案的灵动。
450,这是一款优雅而不失个性的半身裙，经典的<UNK>结合时尚感十足的撞色织带设计，使整件裙子看起来很有韵味而且十分大气；版型为松紧腰围，对身材的包容性好，穿着比较舒适没有束缚感。而且这样还显得腰身更加纤细，裙子的下摆很大。整体给人感觉非常休闲舒服。,一款休闲百搭的半身裙，采用富有弹力的优质面料，给宝贝带来舒适的穿着体验。撞色的松紧腰设计，不仅方便穿脱，还温柔的呵护着腰部肌肤，品牌的图案装饰，增添一丝小俏皮。宽大的裙摆设计，让宝贝穿着清爽舒适。,类型#裙*风格#休闲*图案#撞色*裙型#大裙摆*裙腰型#松紧腰*裙长#半身裙,7.0,"【准确性】缺少关键词'裙型#大裙摆'（未明确提及大裙摆，仅说下摆很大）、'图案#撞色'（仅提及撞色织带，未强调图案）、'裙长#半身裙'（未明确半身裙），但大部分关键词已包含。
【生动性】语言较流畅，'优雅而不失个性'、'韵味且大气'有一定吸引力，但缺乏具体场景或情感共鸣，购买欲望一般。
【自然度】整体通顺，无复读或明显机械感，但存在符号序列'<UNK>'影响自然度。"
451,这款来自teenieweenie的男仕卫衣采用<UNK>设计带来随性范，经典的帽兜造型点缀经典徽标印花，精致字母呈现于背后增添细节美感，时尚有范儿！前胸和腰两侧破洞<UNK>工艺处理，个性张扬带来些许叛逆气息。脚踝部收紧收口处理贴合自然，穿出你的帅气风采。,肩袖处有破洞的设计，顺着破洞处的缝线别出心裁，不同于以往的卫衣，就是很好看又很显随意的感觉，立马年轻活力起来。袖口和下摆都做了收口的设计，柔软舒适穿着体验感很好，后背的字母印花打破整体的单调性~,类型#上衣*图案#字母*图案#文字*图案#印花*衣样式#卫衣*衣袖型#收口*衣款式#破洞,7.0,准确性较高，但部分词汇（如<UNK>）影响评分；生动性尚可，但破洞设计描述不准确（前胸和腰两侧）；自然度较好，但有一处机械感（脚踝部收口）和轻微复读。
452,这款衬衫，纯白色显得很干净优雅，是那种不张扬的美丽很适合职场女性穿搭。衬衫采用单边下摆拼接<UNK>的设计让简洁的衬衫顿时变得立体丰富起来，很有时尚感，同时视觉上也很显身材曲线，轻松提升整款的格调。胸前有经典的包扣设计，穿脱方便而且还兼具装饰性，在细节处做到极致。加上胸前的蝴蝶结点缀，更显甜美气质。,白色衬衫是职场女性不可缺少的经典单品，如果你没有更好的设计，fendas可以为你提供多一种选择。这件衬衫在袖口的位置用甜美的蝴蝶结装饰，展现出女孩青春活泼的一面。并且用不同的材质拼接，丰富了视觉效果。,类型#上衣*颜色#白色*风格#青春*风格#职场*图案#蝴蝶结*衣样式#衬衫*衣款式#拼接,7.5,准确性方面，关键词基本包含，但缺少'拼接'含义明确，且出现了<UNK>错误；生动性较好，描写具体有购买欲；自然度中上，但'包扣'描述稍显堆砌，整体通顺。
453,在衬衫的领口和门襟加入拼接设计，打破单调的感觉。在视觉上显得更加有趣，精致的做工加上精细的走线彰显出其品质细节处理能力，袖口处也有精致的袖标。精致的花边袖配合绣花点缀其中更显层次感和飘逸感，前幅有一个贴心的口袋装饰，方便储物使用。小翻领设计衬托出女性干练从容的气质。,袖子的拼接设计是这款衬衫的亮点之处，轻松显不同，穿着更容易凹凸个性魅力。经典的翻领，很好衬托气质优雅大方，显颈脖修长。口袋装饰提升整体的丰富性，绣花点缀，体现细节设计，彰显与众不同。,类型#上衣*图案#刺绣*衣样式#衬衫*衣领型#翻领*衣款式#拼接*衣款式#口袋,7.0,准确性方面，涵盖了所有关键词，但‘口袋’虽提到却弱化了参考中的装饰性；生动性较好，但部分表达如‘精致做工’略显通用，购买欲望一般；自然度较好，基本通顺，但‘花边袖’与‘绣花’略重复。
454,此款复古浅蓝的网纱连衣裙最夺目的就是清新的印花设计，既展现你的大气与典雅，又展现你的清纯与秀美。加之松紧束腰的设计，既能修拉身线更能突出你纤细腰部线条的小缺点。以及飘逸大摆裙的设计，在让你走路犹如仙女般梦幻的同时又凸显你的飘逸灵动和浪漫随性。而衣门襟采用按扣闭合的方式，即美观大方又能方便了穿脱。搭配内附里布的设计更性感迷人。,这款独具仙女气息的连衣裙采用浅蓝色作为主基调设计，穿搭起来更具清新文艺感，结合大气的印花图案修饰其中，带来更具复古典雅的韵味。网纱的半透明材质更具性感的味道，大裙摆的线条悠扬而有型，轻松增加端庄优雅的女人味。,类型#裙*材质#网纱*颜色#浅蓝色*风格#复古*风格#文艺*风格#清新*风格#性感*图案#复古*图案#线条*图案#印花*裙型#大裙摆*裙长#连衣裙,7.0,准确性方面，文案覆盖了所有关键词，但未明确提及‘性感’和‘线条’；生动性较好，使用了‘仙女’、‘梦幻’等词，但‘修拉身线’表述不当，易引起歧义；自然度一般，部分语句稍显冗长和堆砌，如‘既展现你的大气与典雅，又展现你的清纯与秀美’，整体较通顺。综合评分7分。
455,这款针织衫采用微弹的纱卡面料，手感柔软滑爽，透气性好，而且有着良好的弹性，更贴身舒适。半高领设计加上交叉的v形开衩的设计，既温暖了颈部，同时还能展现出性感的锁骨，a字的廓形剪裁，更加修身显瘦。在手臂处点缀着精致的树脂扣装饰，起到了很好的装饰作用，使得整体造型更加的别致吸睛，再加上螺纹袖口和下摆的收紧设计，防风保暖效果更好。,含蓄细腻柔软的螺纹针织，温暖有型，穿上之后成就你的性感女神。双排手工缝制纽扣，非常有特点，视觉上显瘦，小众显品味，出街不易撞衫。优雅a字版型，演绎名媛风格，既满足了基本款的百搭又兼具了时髦。,类型#裙*版型#显瘦*材质#针织*风格#性感*裙型#a字*裙款式#螺纹*裙款式#纽扣,5.0,准确性：未提及'针织'、'显瘦'、'性感'、'螺纹'、'纽扣'等关键词，且错误地描述为'纱卡面料'、'树脂扣'（应为纽扣），偏离商品属性。生动性：语言较为平实，缺乏吸引力，未能激发购买欲望。自然度：部分表述生硬，如'交叉的v形开衩的设计'，且有重复感。总体与参考答案相比，关键词缺失较多，描述不准确，因此评分较低。
456,这款吊带连衣裙采用假两件的衬衫搭配a摆设计的裙子设计打造视觉层次感穿出高挑身形，衬衫后背装饰的大大蝴蝶结飘带为整体增添了甜美的女人味。裙子两侧的立体翻盖口袋能够存放一些小物品且方便实用，柔软舒适的雪纺面料上身效果轻盈飘逸十分透气舒适适合夏季穿着。双层荷叶裙摆蓬松有型又具有仙气。,精选上等的雪纺材质打造的衬衫，更加呼应夏天酷热的气氛，时刻为你提供一个舒爽干净的穿着环境，轻松应对尴尬的夏季。领口处的飘带装饰突出丰富的立体层次，不论是打成蝴蝶结，还是随意<UNK>着都很有腔调感。口袋剪裁打造满满细节亮点。,类型#上衣*材质#雪纺*图案#蝴蝶结*衣样式#衬衫*衣款式#口袋*衣款式#飘带,5.0,准确性：原文描述为吊带连衣裙，但关键词是衬衫，完全偏离商品类型。同时蝴蝶结和飘带位置描述错误（后背 vs. 领口），且未完全覆盖所有关键词。生动性：语言较有画面感，但缺乏针对性，未能突出衬衫特点。自然度：通顺，但存在“<UNK>”问题，且将衬衫混入连衣裙表述不够自然。
457,来自安奈儿的女婴连身裙采用纯真粉和亮丽红两种颜色的设计，甜美娇俏的颜色适合时尚小公主，穿起来减龄又好看。肩带加宽设计舒适度高更不磨肌肤。后领开钮单排扣闭合方便穿脱和日常换尿布，妈妈们也不用担心会<UNK>哦！裙子前面是圆环扣的背带，收腰的样式穿着凸显腰部曲线。两侧对称的口袋点缀丰富视觉层次感。袖口松紧舒适贴合宝贝手腕活动无束缚，更显时尚活力气质。袖子是荷叶花边的造型更加可爱，彰显少女甜美的浪漫风情感觉。,背带式的连衣裙，增添了青春俏皮的女性气息，上身起到了减龄的效果，展现出女性美好灵动的风采。腰部一根腰带的搭配，提升了整款设计的美感，在一定程度上起到了收腰的效果。单排扣的设计，美观又实用，同时彰显出优雅大气的女性风采。红色色调十分显白，美丽动人，凸显出精致的女人味。对称的口袋设计，发挥了实用效果。,类型#裙*颜色#红色*风格#青春*裙型#背带裙*裙长#连衣裙*裙衣门襟#单排扣*裙款式#口袋*裙款式#腰带*裙款式#对称*裙款式#收腰,6.0,准确性方面，待评测文案未包含全部关键词：缺少‘青春’风格、‘对称’款式（虽提到两侧口袋但未明确对称）、‘收腰’效果未直接关联腰带。生动性较好，使用了‘甜美娇俏’、‘时尚活力’等词语，但‘减龄又好看’略显普通。自然度较通顺，但存在<UNK>未知符号，影响流畅性；‘更不磨肌肤’语法稍显别扭。整体表现中等，需补充缺失关键词并优化表达。
458,这是一款非常实穿的日常款衬衣裙两件套，面料透气轻薄，夏天穿也很凉快~基础款的版型设计简洁大方，上身很是洋气时髦。裙摆和袖口的收口工艺处理很有格调，细节的设计感很好！衣领的荷叶边装饰，让裙子更有美感，很有学院风的特色。中长a字型的轮廓设计，比较修身，不显宽松臃肿，更显得高挑纤瘦。无论是单穿还是内搭都是非常不错的选择~很有腔调的一款哦！纯黑的色调，更是彰显帅气有型的酷炫范儿，很适合春夏出门穿搭。优质混纺的面料柔软舒适，亲肤透气，耐脏性好而且不容易变形不易起球。是一款百搭又时尚的单品哦~街拍街头的达人们一定都get这款哦~,这款哈伦裤是松紧腰头，穿上的舒适感超好，适合各种身材的宝宝们。裤脚有收口的设计，让裤子显得比较立体，在视觉上打造显瘦的效果，而且也带上了几分酷酷的街头味道。裤子的材料是混纺的，比较类似衬衫的那种爽滑度，宽松舒适。,类型#上衣*版型#宽松*版型#显瘦*材质#混纺*风格#街头*衣样式#衬衫*衣袖型#收口,4.0,待评测文案与商品关键词严重不符。关键词要求描述上衣、宽松、显瘦、混纺、街头风格、衬衫、收口，但文案描述的是衬衣裙两件套，且提及荷叶边、学院风等无关特征，基本未包含核心关键词；虽然语言较为生动，但严重偏离商品信息，准确性得分低，自然度尚可。
459,这款牛仔裤是经典的五袋设计，简洁利落大方。两侧插袋方便实用，后面的贴袋彰显细节品质的同时，又兼具了保暖功能。背带设计让你秀出迷人小蛮腰。腰部设计为可翻折的设计，让你轻松<UNK>多种造型，高腰的搭配也起到了很好的收腹显瘦效果！下边百褶拼接加上流苏的设计让你时尚靓丽，更具有活力，整体宽松的微阔腿处理穿着更舒适大方，让你成为行走的帅气拉风女汉子！裤子上面的纽扣点缀和背后两个猫头标志性的胶印图案不仅精致美观更有青春不羁的味道，走在街上倍儿有气场，妥妥的就给人一种街头的酷帅味道。,BRAND的这款牛仔裤俏皮而灵动的拼接裤脚设计，配合上独特的流苏缀边装饰处理，既带来一份不羁叛逆的街头潮感，又能诠释出你时髦玩味的个性风采。而其简洁利落的高腰剪裁，配合上唯美雅致的斑斓纽扣点缀设计，锦上添花的好效果自不必说，还能张扬出你活力满满的青春动感气息。再加上它宽松自在的阔腿裤型，藏肉显瘦的同时也能绽放出你洒脱率性的自在风姿。,类型#裤*版型#宽松*版型#显瘦*材质#牛仔布*风格#街头*风格#青春*裤型#阔腿裤*裤款式#拼接*裤款式#纽扣*裤款式#流苏*裤腰型#高腰,7.5,准确性方面，基本涵盖了所有关键词，但缺失了‘青春’这一关键词，且‘拼接’被表述为‘百褶拼接’，虽相近但不完全匹配；生动性方面，语言较为口语化，如‘行走的帅气拉风女汉子’略显风格化，但整体有购买欲望；自然度方面，部分语句如‘让你轻松<UNK>多种造型’存在不通顺（可能为AI生成错误），整体较通顺但有轻微机械感。综合评分7.5分。
460,这是一款纯棉的面料制作的衬衫，纯棉的面料亲肤透气吸汗性强，不易起球。条纹衬衫的设计经典时尚，更显大气魅力。v字领口设计露性感锁骨，整体造型更优雅性感。宽松的裙摆遮肉显瘦不挑人，各种身材都可以轻松驾驭。,蓝白的条纹从远处看仿佛就是一条靓丽的风景线，设计师将其融进衬衣的设计当中，并使用宽松的v领版型，微露锁骨的同时。将小性感的气息散发出来，精致又不失时尚感。而细腻的棉质面料的加入更是增添了舒适的体感，让穿搭更加时尚。,类型#上衣*版型#宽松*材质#棉*风格#性感*图案#条纹*衣样式#衬衫*衣领型#v领,7.0,待评测文案包含了所有关键词，准确性高。但语言缺乏生动性，如重复使用'纯棉'两次，略显机械；部分表达如'更显大气魅力'较平淡，购买欲望不强。自然度一般，因存在复读和稍显生硬的表述。
461,<UNK>这款经典中款的灯芯绒小直筒西服裤，经过手工做旧的处理，营造出一种<UNK>的时尚复古格调；经典百搭的咖啡豆色更是时髦有范儿，穿上以后气质和气场倍增。舒适的纯棉面料结合锥形剪裁，适合各种身型的男士穿着，可随心凹出完美笔挺腿型，搭配简单的白t或者黑/卡其色上衣就非常合适了。,这款休闲裤选用特别舒适的棉质面料，加入氨纶带了<UNK>弹性，穿着无束缚感。直筒立体版型，穿着挺括硬朗，非常利落。锥形裤的款式，让你气质倍增，使身材很明显，搭配上不拘束。有黑色和卡其色两款可选，都是裤子中的经典配色。,类型#裤*材质#棉*颜色#黑色*颜色#卡其色*裤型#直筒裤,6.5,准确性方面，文案未包含所有关键词：缺少‘黑色’、‘卡其色’和‘直筒裤’，且提及‘灯芯绒’与‘棉’不符，颜色‘咖啡豆色’与‘黑色/卡其色’不匹配。生动性尚可，但不够自然，存在明显拼凑感，如‘<UNK>’占位符和‘气质和气场倍增’的冗余表达。
462,这条a字廓形的短裤，面料是透气舒适的棉质混纺的材质做成的，夏日穿着很清爽。搭配上清新的米白色，视觉上给人一种朦胧感，打造出一种飘逸感，上身减龄效果非常好。腰部是松紧高腰的款式，勾勒出女性凹凸有致的身材。,avivaonearth以清新、淡雅的米白色为主基调打造的这款短裤，整体采用了高腰的剪裁设计配合短款的裤腿设计，带来较为显身材且轻便舒适的穿着效果。设计师为这款短裤了苎麻和棉的对半混纺效果，兼顾麻的干爽和棉的亲肤，是非常好穿的单品。,类型#裤*材质#棉*材质#混纺*颜色#米白色*风格#清新*裤长#短裤*裤腰型#高腰,8.5,准确性高，覆盖了所有关键词（短裤、棉、混纺、米白色、清新、高腰）；生动性较好，使用了“飘逸感”、“减龄”等词语，能激发购买欲；自然度优秀，语句通顺流畅，无重复或机械感。
463,这是一件特别有个性的花卉上衣，前襟采用了金属扣装饰。穿起来更是有女人的魅力，性感迷人。精致的裁剪方式更显女性魅力，搭配一条长裙更有女人味。,领口的松紧设计可以视觉上收紧脖颈，营造完美天鹅颈，优雅迷人，同时腰间的松紧设计收紧腰身，轻松露出小蛮腰。性感撩人，二者相互呼应，打造出完美比例。优雅长裙是是女神们的最爱，仙气十足。大片花卉让人仿若置身花海，远远望去像是花中仙子，沉迷其中。,类型#裙*风格#性感*图案#植物*裙长#长裙,5.0,待评测文案仅包含'长裙'和'性感'关键词，缺少'植物'、'图案'和'裙长'；语言较平淡，缺乏画面感和购买冲动；语句基本通顺但略机械。
464,一款简洁大方的连衣裙穿出满满的知性与气质。时尚的蕾丝面料点缀在腰节处，带来镂空的视觉美感，修饰着婀娜身形。经典的圆领廓形凸显脖颈曲线。利落的剪裁方式衬托修长动人的双腿。经典的小黑裙将女性柔美与浪漫诠释的淋漓尽致。衣袖处的薄纱拼接更是呈现出独特的视觉效果，释放出妩媚的女人味来。,好像小黑裙总会给人一种很神秘很妩媚的感觉，裙身采用秀气的圆领设计，贴合颈部，凸显知性优雅，展现女性的天鹅颈。以及领口设计了小镂空的裁剪，微露肌肤，平添了不少性感韵味。肩部采用蕾丝的拼接，显得甜美带洋气的气息。,类型#裙*材质#蕾丝*风格#知性*风格#性感*图案#蕾丝*裙型#小黑裙*裙领型#圆领*裙款式#拼接*裙款式#勾花镂空,6.7,文案基本覆盖了所有关键词，但‘腰节处’的蕾丝未明确体现‘拼接’和‘勾花镂空’；语言有一定吸引力，但整体略显模板化，不够生动；自然度尚可，但‘释放出妩媚的女人味来’略显刻意。
465,这款束脚裤适合任何职业和身形的人穿着，无论是男性还是女性，以及任何身材的人群，均可以轻松驾驭。暗色系色调设计低调内敛又神秘高雅，凸显出低调成熟的绅士气息。束脚收尾版型设计，可以掩盖腿部缺陷，修饰腿型，同时营造出长腿的既视感。选择高品质材质制作成一条休闲裤，穿在身上十分舒适透气不易皱，带来舒适的干爽触感和极致柔软的上身体验。搭配黑色<UNK>底鞋，更加协调有范儿。,个性时尚的休闲裤采用了纯黑色的色调设计，纯黑色的色调，打造时尚摩登的风格凸显的随性自然的特点。束脚裤的版型设计，展示了最具个性时尚的风格魅力，精湛的可口可乐<UNK>，凸现时尚，摩登。,类型#裤*颜色#黑色*裤口#小脚,7.0,包含所有关键词（裤、黑色、小脚），但缺少可乐联名信息，准确性稍有不足。语言生动，能引发购买欲，但部分表述如‘任何职业和身形’略显夸张，自然度较好，无明显机械感。综合评分7分。
466,采用棉涤面料制作而成的小脚裤，触感舒适柔软亲肤透气吸汗不贴身，弹性大不易变形。简洁黑色的配色和立体的剪裁，让穿着者更加有型魅力十足的同时具有独特的风格特点。,经典的黑色小脚裤，多少条都不嫌多，也不用担心搭配出错的问题。厚度适中的面料，不管是稍有寒意的春季还是酷热的夏季，它都是那么的柔软透气。,类型#裤*颜色#黑色*裤口#小脚,8.0,准确包含所有关键词（黑色、小脚），材质和版型描述具体，生动性较好但略偏技术化，自然度较高，无明显机械感。相比参考答案，缺乏经典百搭和四季适用性的强调。
467,经典的束脚设计将整条牛仔裤从基础的长裤转变为显瘦利器，裤子的版型以工装式的宽松剪裁展现其独特个性；随性自然的元素更是能够带来不费力的时尚度与帅气指数。而破洞及猫须边的点缀简约中暗藏小心机。,非常<UNK>春日穿搭的一款基础风格的牛仔长裤。简约的版型，对腿型没有过分的限制，更加宽松舒适。磨毛的裤脚设计，能够凸显出脚踝部分，更加显瘦哦。个性的破洞造型，展现出青春活力之感。,类型#裤*版型#宽松*版型#显瘦*材质#牛仔布*风格#简约*裤长#长裤*裤款式#破洞,7.5,文案包含了所有关键词，语言生动有吸引力，但部分描述（如束脚设计、工装风格）与关键词中的宽松版型、简约风格略有出入，导致准确性稍减；整体通顺，无明显机械感。
468,这是一件气质优雅小香风格的雪纺连衣裙，采用双层设计，内层有里衬不透的，外层的纱质面料舒适透气。搭配上精美的绣花打造出精致的时尚感和细腻感，大v领开口和腰间的交叉系带设计让这件裙子非常的显个性。喇叭袖口的设计让女人味满满,女人和雪纺仿佛天生就有一种不解之缘。一见钟情，<UNK>倾心。这款雪纺连衣裙设计了优雅的系带v领造型，精致之余显格外与众不同，且予以肩颈万种风情，还让胸型更饱满。七分喇叭袖的造型，举手间灵动柔美，由内而外散发着小女人味。,类型#裙*材质#雪纺*裙长#连衣裙*裙领型#v领*裙袖型#喇叭袖*裙衣门襟#系带,7.5,准确性：基本包含了所有关键词（雪纺、连衣裙、V领、系带、喇叭袖），但未强调7分袖且漏了‘裙衣门襟’。生动性：使用了‘气质优雅’、‘时尚感’等词，但缺少情感共鸣和画面感，如参考答案中的‘一见钟情’、‘万种风情’。自然度：通顺，但‘内层有里衬不透的’稍显别扭，‘非常的’口语化，整体略机械。
469,<UNK>的这件裙子采用了百分百的优质纯棉面料来剪裁缝制而成，穿着在身上之后，能够带来舒适柔软的手感且有着透气的效果。裙子上半身的娃娃领元素和袖口的荷叶边的相互拼接很是精美，给人仙气十足的灵动美态。小宽松的a字廓形修身又不会显肚子肥肉。,这款甄选进口<UNK>棉并经过细腻的剪裁和拼接工艺，实现了超宽松的廓形，没有了修身版型的这款连衣裙依然可以让我们穿出瘦瘦的身材，同时还能在视觉上将腹部赘肉隐藏住。此外该款连衣裙采用娃娃领造型，它能给我们带来减龄效果。,类型#裙*版型#宽松*版型#显瘦*材质#棉*裙长#连衣裙*裙领型#娃娃领*裙款式#拼接,7.0,准确性部分缺失，未提及‘宽松’关键词（‘小宽松’不匹配），且‘拼接’未明确指出版型拼接；生动性较好，使用了‘仙气灵动’等词汇，但‘修身又不会显肚子肥肉’与‘宽松显瘦’略有矛盾；自然度整体通顺，但‘<UNK>’和‘裙子’前未加‘这个’或‘这款’略有突兀。
470,这款牛仔裤版型干净利落，没有做任何夸张的设计造型；<UNK><UNK>裤身面料柔软，质感细腻，挺括有筋骨感不易变形掉色。舒适的九分裤长露出脚踝时尚百搭显高挑，上身轻松穿出大长腿的效果。中腰与直筒的版型设计很好的解决了男士对于身材的不完美。无论是通勤风还是街头风都很适合穿搭，非常适合酷炫又帅气的你！上身效果也是妥妥的大长腿效果哦。不管是搭配西服外套还是休闲衬衫都十分好看。,九分裤的版型加上中腰的裤型设计，给人一种别样舒适的休闲感。直筒版型修饰腿型，上身之后秒变笔直大长腿。中腰的版式设计，给裤子的穿有丰富的选择性，百搭而又时尚。小亮点在于裤边的磨边装饰，带有个性气息，街头风格十足。牛仔面料硬挺时尚，穿着上身透气性好。,类型#裤*材质#牛仔布*风格#街头*风格#休闲*裤长#九分裤*裤型#直筒裤*裤腰型#中腰,6.5,准确性方面，关键词基本覆盖，但缺少'牛仔布'和'磨边'等细节。生动性尚可，但部分语句略显冗长（如'感'重复），且出现<UNK>占位符，影响体验。自然度较好，但'大长腿的效果'重复两次，略有机械感。总体中等偏上。
471,这款旗袍裙采用了中国风的斜襟式样，配以精致的盘扣点缀衣身，不仅增添了几分古典韵味，同时又不失传统韵味。而修身包臀的版型裁剪，则勾勒出曼妙曲线凸显女性魅力。其<UNK>花卉点缀裙身，搭配上渐变色渲染其中更是优雅动人，展现端庄浪漫的一面。再结合袖口的捏褶设计，营造丰富的视觉效果更添几分层次感哦！,中国风盛行的时代，衣橱里怎能少得了优雅的改良式旗袍裙呢?缤纷浪漫的花卉，装点在裙面上瞬间就吸引了别人的目光，浑身上下都充斥着无穷东方韵味；斜襟如意花苞盘扣，将女性的温柔感全带出来了，配合修身包臀的廓形，女性该凸该凹的好身材都能完美呈现，俨然一副古雅端庄的小家碧玉的模样。,类型#裙*版型#显瘦*风格#中国风*图案#植物*裙型#花苞裙*裙型#包臀裙*裙款式#盘扣,6.5,准确性方面，待评测文案包含了商品关键词中的中国风、盘扣、包臀裙、花苞裙（通过'花卉点缀裙身'间接体现）、植物（花卉），但缺少'显瘦'和'花苞裙'的直接表述。生动性方面，语言较为平淡，缺乏情感共鸣和购买冲动，例如'优雅动人'、'端庄浪漫'等表述较常规。自然度方面，整体通顺，但存在<UNK>标记处理不当的问题，且'其'字开头略显生硬。综合来说，文案基本合格但缺乏亮点，因此给予6.5分。
472,衣身镂空的造型能够展现若隐若现的美妙肌肤让小仙女们更显神秘气质来个迷人的诱惑吧；袖子采用了竖条的条纹装饰丰富了衣身的细节设计感，还起到了修饰手臂的作用；而别致唯美的蕾丝点缀领口和门襟处更是带来了柔美优雅的气息哦。收腰裙型的裁剪能完美的勾勒曲线，尽显时尚魅力。,这件裙子的颜色本身就够惹眼了，所以在鞋子、包包和其他配饰上不用太费心，简单些就好。竖条纹的设计让身材更加修长，肩部和裙摆的镂空蕾丝，给人优雅朦胧的感觉。收腰的设计不会凸显小腹，还能显出傲人的身材。,类型#裙*材质#蕾丝*图案#条纹*图案#蕾丝*裙款式#勾花镂空*裙款式#收腰,7.0,优点：1. 准确性较好，包含了所有关键词（蕾丝、条纹、勾花镂空、收腰、裙子）。2. 语言较生动，使用“若隐若现”、“迷人诱惑”、“唯美优雅”等词汇，能激发购买欲。不足：1. 自然度较低，语句稍显冗长，有机械拼接感，如“来个迷人的诱惑吧”略显生硬。2. 部分表达重复（如“镂空”与“蕾丝”），可更简洁。整体质量中等偏上。
473,来自<UNK>的设计师带来的这款单品以个性的不对称版型点缀裙装身姿。不规则的腰头及<UNK>设计使本款短裤具有时尚新颖的视觉效果，彰显活力与青春气息；而侧边饰以超大的口袋点缀，平添出几分趣味性，结合弹力裤腰的剪裁又增添舒适度，极具个性且穿着更加方便。此款设计轻松凸显潮人时尚不羁的街头格调，更将女性的率性与自信展露无遗。而且修身剪裁又能完美展现修长双腿。搭配上各种休闲风格的服装即可营造出随性的都市女性魅力形象。,虽然夏天还没到，但是短裤好囤起来啦，毕竟这么好看的！这款带点民族风情，还蛮有特色的，在一众短裤里很容易出彩版型是有点a字的，裤腿微宽，不会有束缚感，也能显瘦显腿<UNK>腰头口袋都做了明缉线装饰，视觉上很有立体感裤口不规则磨破撕边效果随性不羁，休闲街头感很浓,类型#裤*版型#显瘦*风格#街头*风格#休闲*裤长#短裤*裤款式#口袋*裤款式#不规则,6.5,准确性较差，缺失'显瘦'、'短裤'、'口袋'(口袋未体现不规则)、'裤款式'中的'不规则'描述不准确(实际为口袋和腰头不规则)；生动性一般，堆砌词汇但缺乏具体细节，购买欲望不强；自然度尚可，但部分表述机械（如'展露无遗'、'完美展现'等老套用语），且出现'裙装'错误。综合评分6.5。
474,炎热的夏季怎么能少了个性时尚的裤子呢？这款很有个性的不规则短裤带来夏日休闲感，个性磨白处理设计让穿着更富有气质，让你成为街头最亮眼的一个，彰显你的年轻姿态。修身的设计更显腿部笔直，两侧插袋和后部方形口袋设计增加层次感。,虽然夏天还没到。但是短裤好囤起来啦，毕竟这么好看的，这款带点民族风情，还蛮有特色的。在一众短裤里很容易出彩，版型是有点a字的，裤腿微宽，不会有束缚感。也能显瘦显腿细，门襟腰头口袋都做了明缉线装饰，视觉上很有立体感。裤口不规则磨破撕边效果随性不羁，休闲街头感很浓。,类型#裤*版型#显瘦*风格#街头*风格#休闲*裤长#短裤*裤款式#口袋*裤款式#不规则,7.0,准确性方面，所有关键词均已包含，但‘修身’与参考答案中的‘A字微宽’相矛盾，略显准确度不足。生动性较好，使用了‘个性时尚’、‘最亮眼’等词，但缺乏细节描述，不如参考答案有场景感。自然度较高，语句通顺，无机械感，但略有模板化痕迹。整体表现良好，但仍有提升空间。
475,这款休闲短裤的裤口设计了不规则的边条样式，看起来很时髦大方，而且不会觉得<UNK>单调感。裤子上用精致的贴布点缀了两个口袋，不仅增加了层次感还彰显街头的味道哦！修身的版型加上挺阔的面料，上身轻松遮肉更加有潮范儿呢~,虽然夏天还没到，但是短裤好囤起来啦，毕竟这么好看的！这款带点民族风情，还蛮有特色的，在一众短裤里很容易出彩版型是有点a字的，裤腿微宽，不会有束缚感，也能显瘦显腿<UNK>腰头口袋都做了明缉线装饰，视觉上很有立体感裤口不规则磨破撕边效果随性不羁，休闲街头感很浓！,类型#裤*版型#显瘦*风格#街头*风格#休闲*裤长#短裤*裤款式#口袋*裤款式#不规则,6.5,文案未提及关键词“不规则”和“显瘦”，准确性有缺失；语言较生动，但描述不够详尽，购买欲望一般；自然度尚可，但存在机械感，如“不仅...还...”结构常见。
476,这一款衬衣时髦的一字肩设计，露出迷人的锁骨和香肩，看起来柔美又动人，时尚的<UNK>边，显得整体更加大气精致，搭配出来轻松彰显品质。加上利落裁剪，修饰身材自然出彩。纯色格调，干净利落特别清新。,“一抹<UNK>，一曲<UNK>”的风格在这款衬衣上悄然体现，一字肩简洁大方，轻松勾勒肩部的迷人<UNK>。花苞袖的设计扩大了优雅的气息，举手投足都是满满的温柔感。清新感十足的纯色打造，给人一种极为雅致的视觉感，好似“犹抱琵琶半遮面”。,类型#上衣*颜色#纯色*风格#清新*图案#纯色*衣样式#衬衫*衣领型#一字领,7.5,文案包含了商品关键词，但缺少'衣领型#一字领'的明确提及；语言有一定生动性，但不如参考答案丰富；整体通顺自然，无机械感。
477,一黑一红的搭配可以说是非常经典的组合了，将两者进行结合，这款优雅的a型连衣裙就诞生了。黑色的裙身，彰显着内敛气质，配合大身<UNK>设计营造出丰满的廓形感。而双排扣则从肩部延伸到腰间，将腰线提高并突出你的迷人身段，而且可以拆下或系上绑带呈现出不同的风格，方便你凹出多面造型；领口处的红色蝴蝶装饰更是起到了画龙点睛的作用！,炎炎的夏日我们想要赶走阳光带来的<UNK>，选择这件连衣裙是个不错选择。大红色的衣身配色活力十足，让你轻松地回到年轻时代。同时这种色彩也可以，让你的肌肤看起来白嫩具有光泽。腰间应用的系扣绑带，具有很好的显瘦显高效果。精致无比的黑色双排扣，体现出大牌的做工。,类型#裙*版型#显瘦*颜色#黑色*颜色#红色*裙长#连衣裙*裙衣门襟#双排扣*裙款式#绑带,6.0,文案提到了黑色、红色、双排扣、绑带，但缺少‘裙长-连衣裙’和‘版型-显瘦’关键词，准确性不足。语言较生动，如‘经典组合’‘迷人身材’等，但‘丰满的廓形感’与‘显瘦’矛盾。整体通顺，但‘可以拆下或系上绑带’与原文‘系扣绑带’不符，自然度一般。
478,这款来自BRAND的单排扣针织衫以假两件设计为亮点，领口撞色的织带提升整体的层次感，彰显品牌的品质格调，同时也让廓形更为立体。宽大的落肩袖对肩部的线条起到了修饰作用，可以遮盖手臂上多余的肉肉；单排扣加持胸前口袋设计让整体更具功能性。开衫直筒式的版型结合长袖的剪裁上身利落有范而不失优雅的感觉。下摆拼接了波浪花边，甜美而又俏皮。,众所周知，春季是针织衫的专属季节，采用冰丝面料的开衫，不会到来过热的穿着触感，能够轻松应付早晚的温差。落肩长袖的拼接，美化了肩臂的线条感，单排扣门襟的装饰，可敞开or合并来穿，各有一番味道，撞色锁边元素，去除单一，营造出立体的层次效果。,类型#上衣*图案#线条*图案#撞色*衣样式#针织衫*衣样式#开衫*衣袖长#长袖*衣袖型#落肩袖*衣门襟#单排扣*衣款式#拼接,7.5,准确性上，文案覆盖了大部分关键词，但缺少“线条”“撞色”明确提及（仅提到领口撞色，未强调撞色锁边），且“拼接”仅提及下摆波浪花边，未体现参考答案中的整体拼接设计。生动性较好，使用了“假两件”“提升层次感”“利落有范”等表述，但部分语言略显模板化（如“优雅的感觉”）。自然度上，整体通顺，但“单排扣加持胸前口袋设计让整体更具功能性”稍显拗口，存在轻微机械感。综合评分7.5分。
479,这条百搭的包臀牛仔裙，不管是在夏季或是冬季都非常合适的一款时髦单品；可搭配性很强，可以随意搭配一些简单的小皮鞋或是细带凉鞋都很能呈现出女神的气质范儿哟。恰到好处的长度露出纤细迷人的大长腿，裙身精致的走线剪裁工艺，凸显高级质感以及细节上的讲究，还多了几分女人味呢。时尚的前开衩设计，很好的修饰身形比例，更显优雅魅力！,此款牛仔裙<UNK>大亮点，第一就是它包臀设计，能完美的展现女性的翘臀，在细节处勾勒出女性婀娜曼妙的体态。二是它的开叉设计，行走时能看到大腿曲线若隐若现，增添了神秘感。,类型#裙*裙型#牛仔裙*裙型#包臀裙*裙下摆#开叉,8.5,准确性上，关键词覆盖完整：裙（牛仔裙、包臀裙、开叉）、裙型（牛仔裙、包臀裙）、裙下摆（开叉）。生动性较好，使用‘性感’、‘女人味’、‘优雅魅力’等词汇，能激发购买欲。自然度高，语句通顺，无重复或机械感。扣分项：开叉设计描述不够突出‘大腿曲线若隐若现’，且未明确提及包臀对翘臀的展现，略偏离参考答案的核心卖点。整体优秀，但细节可优化。
480,这款睡裙甄选聚酯纤维面料制成，质地光滑坚韧，触感柔软细腻，穿着舒适亲肤。衣身整体为经典的a字廓形搭配，结合不规则的领口，带来几分复古范儿。腰间采用交叉系带的细节处理，起到收束腰身的显瘦效果，点缀出文静的淑女风范。精美的复古印花图案点缀衣身，渲染了整体文艺雅致的味道。独特的<UNK>与v字的翻边袖口造型，营造出与众不同的少女气质。中长款的版型剪裁适合各种身材的女性轻松驾驭。裙摆宽松的剪裁，使穿着没有紧绷勒痕的尴尬现象，穿起来更加自在舒适。,时尚印花图案，优雅又大气，聚酯纤维面料，手感柔软舒适，经典复古又永不过时，时而甜美少女时而文艺淑女；素致淡雅的色彩搭配，中长款的版型，修身与宽松的合理搭配，温柔而又显气质；裙摆的不规则裁剪，使得与众不同有个性，腰间系带又恰当的显瘦。,类型#裙*版型#宽松*版型#显瘦*材质#纤维*风格#淑女*风格#复古*风格#文艺*图案#复古*图案#印花*裙衣长#中长款*裙衣门襟#系带*裙款式#不规则,7.5,文案准确覆盖了所有关键词，尤其对材质、显瘦、印花、中长款等描述到位；语言有一定生动性，如'质地光滑坚韧'、'文静的淑女风范'等能激发购买欲；但存在'<UNK>'未知符号和'v字的翻边袖口'等不够自然的表达，整体通顺但略有机械感。
481,这款条纹衬衣采用的是蓝白格子元素的设计，使得整款衬衫给人一种清爽的感觉。在袖口的贴布口袋设计也体现出了街头感十足的感觉，并且非常实用方便的款式让你能够展现出时尚的同时还具有实用性，看起来更加大方有格调。袖口和下摆的设计也很别出心裁，使得整件衬衫洋溢着满满的青春气息。,<UNK>，慢慢的气味回暖。这时候穿件帅气的衬衫，在合适不过啦。想在<UNK>的街头脱颖而出，经典的条纹衬衫是个不错的选择哦，经典是在时代<UNK>之后还能流行于大街小巷中，简单明了的规整条纹，简单的口袋做了很好的修饰版型的作用，喜欢的千万别错过哈！,类型#上衣*风格#街头*风格#青春*图案#条纹*衣样式#衬衫*衣款式#口袋,7.0,准确性方面，包含了“上衣”（衬衫）、“街头”、“青春”、“条纹”、“口袋”等核心关键词，但“口袋”位置描述有误（参考文案袖口口袋，待评测文案袖口贴布口袋尚可），且“蓝白格子”与“条纹”不完全等同。生动性较好，使用了“清爽”、“街头感”、“时尚”、“大方”、“青春气息”等词汇，但缺乏参考文案中的经典、怀旧情感。自然度较高，表述通顺无机械感，但“非常实用方便的款式”稍显生硬。综合评分7分。
482,这一款休闲裤采用了文艺风的印花装饰，显得特别的典雅、大方和优雅哦。加之它的刺绣设计，增添了一抹灵动气息，精致中更添几分趣味性呢。搭配上简洁的宽松剪裁，对于身材也更加的包容，穿着舒适的同时，也能起到很好的遮肉显瘦效果呦。加之它的松紧收腰，方便又自由不拘束。配以阔腿的设计，随性自在间让你在行走中尽显洒脱魅力。,松紧一字领搭配上荷叶边的设计，增添了甜美俏皮的灵动感，露出锁骨和肩头，更<UNK>感情调。刺绣花朵设计带来文艺浪漫的气息，宽松的阔腿裤遮肉显瘦，很有垂顺感。,类型#裤*版型#宽松*版型#显瘦*风格#文艺*图案#刺绣*裤型#阔腿裤*裤腰型#松紧腰,7.5,文案准确覆盖所有关键词，表达较为生动，但细节上可更精炼，减少语气词，以增强专业感。
483,很时尚的时髦吊带短上衣，性感不失优雅的姿态散发。纯色的设计搭配上修身的样式能够凸显曼妙的身材魅力，轻松撩人十足的女人味。领口采用交叉蝴蝶结点缀，精致小巧的造型增添甜美气质，加上长裤的高腰设计拉长腿型，舒适又显高挑的身姿，展现不一样的身段美感。,为避免纯色设计太过单调，e<UNK>在这款长裤侧边加入拼纱丰富层次给人视觉上的惊艳感，小透性感且颇为个性！而高腰紧身版型修身效果佳，勾勒长腿并可遮肚收腰、提臀显瘦，一展苗条身姿轻松穿出气质范，不仅是瑜伽装也是潮感满满的穿搭单品。,类型#裤*版型#显瘦*颜色#纯色*风格#性感*图案#纯色*裤长#长裤*裤腰型#高腰,4.5,准确性：缺失多个关键词，如'显瘦''纯色'(虽提及但未突出)、'裤长''裤腰型'(高腰)仅提及但未展开；未正确匹配商品类型(描述上衣而非裤装)。生动性：部分语言有吸引力，但偏离商品主体。自然度：通顺，但存在与商品无关的描述，且未聚焦核心卖点。
484,这款<UNK>是采用传统唐装式样设计而成的一款裙子。胸前民族风的立领设计，让你显得更加端庄。吊带的样式，更添性感和妩媚。内加了打底裙的搭配，避免了走光的尴尬。整身的精美印花装饰，彰显出精湛的制作工艺。高腰打揽和束紧下摆都是细节处理非常到位。,灵动裙摆设计，展现出优美的律动感，同时也带来了民族风的味道，带有不羁风情。面料舒适柔软，穿着无拘束。高腰设计突显美丽曲线，在视觉上提高了腰线。吊带设计，十分的性感，加倍吸睛。上有印花图案点缀，尤为精致美观。,类型#裙*风格#民族风*风格#性感*图案#印花*裙腰型#高腰*裙款式#吊带,6.5,文案包含了大部分关键词，但遗漏了‘裙腰型#高腰’中的高腰设计（仅提及高腰打揽，未强调腰线提升），且缺少‘民族风’的明确提及。生动性一般，语言较平实，缺乏情感吸引力。自然度较好，但‘<UNK>’显突兀，整体略有机械感。
485,这款充满浪漫气息的纯白色雪纺连衣裙，结合甜美复古的木耳花边的装饰点缀裙身和领口，少女减龄更加有型，同时丰富了细节的设计看点。结合修身的版型和飘逸的裙摆设计，行走飘逸灵动又不失气质，穿着起来十分温柔女人味十足。而领口处的蝴蝶系带设计，充满了青春俏丽的味道，轻松凹出满满的活力气息，打造吸睛摩登女神范哦！加上精致灵动的碎花搭配，提升美感更丰富层次感！,这一款雪纺连衣裙精致的木耳边领，精致俏皮特别出彩，利落的裁剪，塑造出迷人身段，给人恰到好处的视觉效果，显瘦的同时彰显高挑身姿，加上领口系带，塑造造型特别灵动。碎花装饰，青春减龄丰富视觉。,类型#裙*版型#显瘦*材质#雪纺*风格#青春*图案#碎花*裙长#连衣裙*裙衣门襟#系带*裙款式#木耳边,8.0,准确性上，待评测文案涵盖了所有关键词（裙、显瘦、雪纺、青春、碎花、连衣裙、系带、木耳边），但未明确提及“门襟”。生动性较好，使用了“浪漫气息”、“甜美复古”、“温柔女人味”等吸引人的词汇，能激发购买欲。自然度高，语言通顺流畅，无机械感。扣分主要因为未完全覆盖所有关键词，且略有冗余。
486,这款裤子整体采用的是偏灰的豆沙色调，能够为整体的肤色起到修饰的效果，看起来人非常的温柔且柔和。腰身的织带设计不仅方便调节尺寸，同时还起到了装饰作用，尽显随性的自然风。黑色的系扣的设计让穿着更加便捷，同时更显干练和利落感十足。两侧的插袋能够满足放置各种物品的需求，斜插口袋美观又实用。微微毛边的裤脚增添了活力气息。,裤装以简单的黑色打底，凸显出服装的百搭属性，以军事风为主体设计，更能呼应主题，展现出裤装散发出来的男人味。两侧的立体口袋装饰，不仅美观还很实用，让裤装的视觉装饰更加饱满。另外裤脚处的毛边设计也是充满了时尚的小心机。,类型#裤*颜色#黑色*裤款式#口袋*裤口#毛边,6.0,准确性不足：待评测文案未包含全部关键词，尤其是缺失了'黑色'（文案描述为偏灰的豆沙色调）和'口袋'（仅提到插袋，未突出立体口袋）。生动性一般：语言较为平实，缺乏时尚感和购买欲望。自然度较好：语句通顺，无明显机械感，但整体与参考答案相比在主题和细节上差异较大。
487,一款很有女人味的修身衬衫，采用优雅的褶皱细条纹面料制作而成，具有极好的垂顺效果；精致的荷叶花边小v领设计，修饰出精致五官和天鹅颈；飘逸的<UNK>堆堆袖配合腰部的蝴蝶结系带领带及腰带加持，散发出十足的的女人味儿。,极具学院风的一款衬衫，前后v领的设计，既能勾勒出迷人的天鹅颈，又能衬托出娇俏的小脸。时髦的褶皱堆堆袖，打破基础款的单一更具层次感。同色系的蝴蝶结腰带，不仅能够修饰身形，还能诠释出个性腔调。大热的条纹元素，结合开叉的衣摆，视觉上更显瘦显气质。,类型#上衣*版型#显瘦*图案#条纹*图案#蝴蝶结*衣样式#衬衫*衣领型#v领*衣袖型#堆堆袖*衣款式#腰带*衣款式#抽褶,6.5,准确性方面，缺少'显瘦'、'v领'（实际描述为v领但未明确提）、'抽褶'（虽提褶皱但非抽褶），且多出'荷叶花边'、'修身'等非关键词，部分关键词未完整覆盖。生动性较好，使用'女人味'、'优雅'等词，但整体略显平淡。自然度尚可，但'<UNK>'标记与'蝴蝶结系带领带及腰带'表述重复冗余，稍显机械。
488,这款来自sophnet.的男士防风外套以藏青色为主色彩制作而成，并采用半<UNK>的面料制成，具有较好的抗寒性能；配合优质压线工艺处理的翻领和袋盖式的前口袋设计，为整体增添帅气时尚感的同时提高使用的便利性，结合袖口精致的走线和侧边的纯黑色滚条加以点缀，突出细腻品质感。,这是一款经典的黑色西服外套，版型看上去没有特别的设计，但就是因为经典，才更受欢迎。帅气的翻领设计让整个人显得更有气质，还带有两个翻盖的口袋，在起到装饰作用的同时也十分便利。,类型#上衣*颜色#黑色*衣样式#外套*衣领型#翻领*衣款式#口袋,5.5,准确性较差：缺少关键词'黑色'（颜色错误为藏青色），且存在未识别词<UNK>；生动性一般：使用了'帅气时尚感'等词汇但整体描述偏平淡；自然度中等：语句通顺但略有机械感，如'配合...结合...'句式。
489,裙子是比较修身的版型加上中长的宽松程度，能很好的遮掉不完美的身躯曲线，勾勒出腰线的位置。衣摆两侧是很有层次感的剪裁，搭配上宽松的喇叭袖型，展现出慵懒而随性的气质。纯黑色的色调没有过多颜色的装饰，却能在举手投足间感受到优雅韵味的高雅气质，配合高腰的设计也能穿出大长腿的效果。,这款孕妇裙采用黑色的主色，黑色有视觉显瘦的效果。宽松的领口将脖颈修饰的更加修长。喇叭袖的设计可以遮挡手臂<UNK>的问题。高腰的版型是为了不让凸起的小肚子有紧绷难受的感觉。,类型#裙*版型#宽松*版型#显瘦*颜色#黑色*裙腰型#高腰*裙袖型#喇叭袖,7.0,待评测文案语言生动，有吸引力，自然流畅，但未包含所有关键词，如'版型：宽松'、'显瘦'、'孕妇裙'缺失，且准确性与参考答案的侧重点不符，故扣分。
490,一款波点的a形的印花连衣裙，采用修身的版式设计，完美贴合身型勾勒曼妙身材曲线。优雅甜美的浪漫波点点缀衣身，散发出浓郁的甜美气息，更显气质。可爱的娃娃小圆领以及袖口的小花边的<UNK>修饰，更添可爱气质。大气的h型的廓形，穿上后轻松显高、瘦腰。,这款由itmichaa推出的连衣裙，修身h版型设计，穿搭上身有着显瘦的效果，适合各种身材穿搭。花边圆领的设计，个性又时髦，又能巧妙的修饰出小巧迷人的脸型。衣身通体以波点印花图案点缀，时尚而新颖，也为衣身带来了丰富的视觉看点。,类型#裙*版型#显瘦*版型#h*图案#波点*图案#印花*裙下摆#花边*裙长#连衣裙*裙领型#圆领,6.5,文案包含了大部分关键词，但出现'波点的a形的印花'语序错误，且存在<UNK>占位符。语言有一定生动性，但'优雅甜美的浪漫波点'与'可爱气质'重复，略显啰嗦。自然度一般，部分句子结构略显生硬，且前后对版型描述前后矛盾（先a形后h型）。整体上可读性尚可，但细节处理不足。
491,春日里怎么少了件帅气的连衣裙呢？这款裙摆和风衣<UNK>一样的立体廓形感，既有着风衣的率性利落又结合了裙子甜美，十分迷人减龄。后中大领的设计能从视觉上修饰你的脸型同时展现锁骨，让你更显精致娇媚美腻。松紧收腰的设计能更好的勾勒身材曲线，尽显完美身姿。落肩系带的宽松袖子更是飘逸灵动增添了几分活力气息，轻松穿出少女心。短款的长度视觉拉长了身高比，更显干练潇洒。,这件风衣的最大好处在于短款且收腰的设计，非常适合小个子女生。短款的版型能够拉高腰身显腿长，宽松的版型非常遮肉，腰身加上收腰系带的小细节使整体不会臃肿，反而会使腰间看起来更加纤细。落肩袖很适合肩宽的妹子，可以很好的在视觉上削弱肩宽。,类型#上衣*版型#宽松*衣样式#风衣*衣长#短款*衣袖型#落肩袖*衣门襟#系带*衣款式#收腰,5.5,准确性不足：关键词中'风衣'、'宽松'、'短款'、'落肩袖'、'系带'、'收腰'已提及，但'衣门襟系带'未明确描述，'短款风衣'被描述为'连衣裙'，与商品类型'上衣'不符。生动性中等：使用'帅气'、'甜美'等词汇，但存在'<UNK>'、'美腻'等错误或不当表达。自然度一般：语句基本通顺，但将风衣写成连衣裙造成歧义，部分表述略显冗余。
492,"浪漫的小红裙真是令人惊艳，无论是走性感路线的女生,还是穿校服的女生都非常推荐你们入手一条；领口和袖口的系带设计，为整体增加了层次感和小心机的气息；侧边高开叉的设计，行走间轻松露出雪白纤细的长腿；上身后十分随性，搭配起来很显身材；自然垂坠的裙摆，飘逸灵动之余也带着一份优雅的女人味；而且正红色的色调，也是今年的大热色哦！",独特的材质选择，让裙身具有很好的垂坠感，讲女性优美的身体曲线展现出来，采用了系带与开叉的设计，不仅表现出现代女性的干脆利落，同时还流露出女性特有的妩媚味道。纯正而大气的红色，十分的吸睛，展现浓浓女王范儿~,类型#裙*颜色#红色*裙下摆#开叉*裙下摆#垂坠*裙衣门襟#系带,7.5,准确性：包含所有关键词（类型#裙、颜色#红色、裙下摆#开叉、垂坠、系带）。生动性：语言有吸引力，如“浪漫的小红裙”、“小心机的气息”、“雪白纤细的长腿”等，能激发购买欲望，但部分表达略显俗套（如“穿校服的女生”与整体风格不太协调）。自然度：整体通顺，无复读或机械感，但“而且”略显多余。综合较好，有提升空间。
493,一眼看去十分吸睛的一款红色连衣裙，色彩鲜艳的橙色印花点缀在上面，充满浪漫少女气息的同时又时尚大气。领部的小飞袖拼接设计以及胸上的一圈荷叶边装饰，尽显女性的甜美可爱气质。高腰修身的设计凸显女性完美的身形，飘逸的系带领配上宽飘带，不仅美观大方还不失优雅的气质感，衣身的整体设计都非常巧妙与精巧，充满了精致的细节处理，展现出属于你的小奢华的质感。看似简约却不简单哦~,简约而彰显个性的一款连衣裙，纯白色系面料，一侧的红色拼接设计，宛如一条浪漫的飘带坠入眼帘。个性的扇子印花图案，更点缀出满满的诗意。高腰显瘦版型，轻松穿出高挑曼妙的身段。,类型#裙*版型#显瘦*颜色#红色*风格#简约*图案#印花*裙腰型#高腰*裙长#连衣裙*裙款式#拼接*裙款式#飘带,7.5,准确性方面，文案覆盖了大部分关键词，但遗漏了“红色”作为主色调（文中强调白色系而红色为拼接）和“简约”风格。生动性较好，使用了比喻和细节描写，能激发购买欲，但部分表述稍显堆砌。自然度一般，句子较长且重复“设计”，略显机械感。整体良好，但可优化关键词覆盖和简洁度。
494,来自阿玛尼的束脚裤采用了简约而不简单的剪裁设计，整体运用立体的<UNK>打造而成，塑造出修长的腿部曲线。经典的斜边口袋设计更是增加了层次感，加上精湛走线更显工艺质感。在搭配上利落的收脚设计更是修饰了你的腿部线条感。优质的棉布面料给你柔软舒适的感觉。无论你是出席什么场合都让你魅力满分。,这是一款简约百搭的束脚裤，穿搭实用性高，让你赚足回头率。两边的斜插口袋，可放随身物品，解放你的双手，也是街边凹造型的好帮手；束脚裤型，拉长腿部线条让你变身长腿欧巴。,类型#裤*风格#简约*图案#线条*裤款式#口袋*裤口#小脚,7.5,准确性和自然度较好，包含大部分关键词，但缺少'口袋'一词；生动性尚可，但引用'阿玛尼'可能误导且与商品无关，部分表达如'立体<UNK>'不通顺，影响了整体评分。
495,<UNK>系列印花面料在版型设计上延续经典的欧式廓形，搭配简洁流畅的大裙摆，展现女性优雅浪漫的一面。采用前短后长的高腰裁剪，结合收束腰部的设计，突出腰部优美线条和曼妙身姿。此外，运用精美细腻的贴布印花元素，赋予这款连衣裙一种更为鲜明的层次感与视觉冲击力。,见惯了摩登的都市女郎，不妨来点独具匠心的民族风情。此款连衣裙，采用传统交领改良设计，颈部的优美线条瞬间凸显出来，女人味儿十足。斜襟与袖口的仿<UNK>珠扣装饰，非常有古典风味。醒目的印花加上明亮的颜色，色泽的碰撞形成了一大冲击感，低调奢华。,类型#裙*图案#线条*图案#印花*裙长#连衣裙,6.5,准确性方面，待评测文案提到了'印花'和'裙长（连衣裙）'，但未提及'线条'和'图案'关键词，有缺失。生动性方面，语言较正式，缺乏情感冲击，不如参考答案有画面感。自然度方面，句子通顺，但'欧式廓形'、'前短后长的高腰裁剪'等表达略显机械，缺少与服饰的共鸣感。整体表现一般。
496,<UNK>衬衫的设计和版型都十分随性休闲，落肩袖设计完美贴合身形曲线，穿着时更能修饰柔美的肩胛骨，将慵懒范儿发挥得淋漓尽致。肩部点缀立体小蜜蜂刺绣，充满个性，彰显品质做工，精致又细腻的做工令人爱不释手，穿上之后特别显得俏皮有活力，整个人更精神饱满，减龄轻松达到。,当刺绣遇上了衬衫，让你的穿着美到<UNK>；时尚刺绣落肩袖衬衫，休闲的版型设计，优雅有气质，配上非常有特色的花朵刺绣图案，会给你的穿搭带来不一样的时尚范儿~,类型#上衣*风格#休闲*图案#刺绣*衣样式#衬衫*衣袖型#落肩袖,8.5,准确性：包含了所有关键词（上衣、休闲、刺绣、衬衫、落肩袖）。生动性：语言形象，如“慵懒范儿”、“俏皮有活力”，能激发购买欲。自然度：通顺流畅，无机械感，但开头有<UNK>需补全。
497,a字的版形将优雅与俏皮集于一身，可以很好的修饰腿部曲线，让造型更加有设计感。而格纹图案的加入更增添一丝文艺复古的气息，单排扣的设计增加了造型的视觉层次，更显趣味性。高腰的剪裁让造型拉长了身材比例，更能展示大长腿，加之宽宽的下摆具有很好的垂顺性，行走间自带风韵之感，更加随性自然。,手感光滑柔软的面料，拥有极佳的垂坠感。清爽简洁的a字廓形，剪裁利落，上身优雅大方，洋溢着满满的文艺气息。贴心的高腰设计，轻松勾勒腰线，凸显纤细腰肢。腰部的<UNK>处理，巧妙的塑造了裙身的层次变化，增强裙身立体廓形感。前门襟处采用单排扣固定，精致的格纹圆扣，带来浓浓的复古学院风，有趣又独特，颇为时尚减龄。,类型#裙*风格#复古*风格#文艺*图案#格子*图案#复古*裙型#a字*裙下摆#垂坠*裙腰型#高腰*裙衣门襟#单排扣,6.5,文案涵盖了大部分关键词，但缺少'垂坠'和'裙衣门襟'，且用词略显重复，如'造型'出现多次。语言较为流畅，但生动性不足，未能充分体现面料的质感与细节。整体表现一般。
498,这款衬衣v领的设计很别致独特，将锁骨展露的淋漓尽致，露出白皙颈部肌肤的同时。还能在视觉上拉长颈部线条感，显得脖颈越来越修长，搭配上腰间的蝴蝶绑带设计，凸显出甜美的少女心，同时营造出一款优雅知性的美态。腰部是x型的版型，不仅能遮挡住多余的肉肉。而且还能衬托纤细小蛮腰，让你做个知性而又甜美的小女人。,采用柔软的粘纤面料制作而成，带来亲肤透气的舒适感。个性的衬衫领结合v领的造型设计，别致的绑带缠绕着领口，修饰了颈部线条，同时凸显出干练知性的气质。精美的双层饰边装饰着前襟，尽显甜美浪漫气息。飘逸的百褶裙摆，摇曳出优雅迷人的身姿。,类型#上衣*风格#知性*图案#线条*衣样式#衬衫*衣领型#v领*衣款式#绑带,7.5,文案准确包含了所有关键词，但在生动性和自然度方面有提升空间。语言表达较流畅，但部分表述如‘展露的淋漓尽致’略显刻意，整体吸引力尚可，有购买欲望。扣分点在于少量机械感和不够自然的连接。
499,这是一款由经典西装演变而来的吊带连衣裙。将传统的领口设计改成蕾丝的装饰物，显得更加的妩媚而性感。腰围和袖子的设计也采用了蕾丝，既不显单调又能与整体造型和谐统一。采用高腰剪裁工艺，能很好的提升女性的气质比例，让身材看起来更加的丰满而修长。,吊带同样配置了内衬，所以如果想单独穿的话，一点问题都没有，得体还带那么一些小性感。胸襟的地方，做了睫毛边的蕾丝来点缀，这个细节满分，如果搭配西装外套，或者其它的单品，在胸前恰当露出来，是超巧妙又<UNK>的性感穿法。,类型#上衣*材质#蕾丝*风格#性感*图案#蕾丝*衣样式#外套*衣样式#西装*衣款式#吊带,5.0,准确性方面，遗漏了'外套'、'西装'、'吊带'等关键词，且'蕾丝'仅作为装饰提及，未突出'性感'风格；生动性一般，缺乏情感共鸣和购买冲动；自然度尚可，但存在'蕾丝的装饰物'等表达略显别扭。综合评分5分。
500,这款绿色长裙真的太美啦！整条裙子做了非常丰富的工艺处理，细节感十足，尤其是裙摆的荷叶边拼接设计，俏皮可爱又减龄；胸前的半圆形荷叶边花边点缀，灵动飘逸的美感；以及<UNK>波点的加入，真的是让人心动不已。这款单品采用有质感的丝绒面料制作而成，质感亲肤顺滑，上身十分舒适，内里设有里衬，无需打底；印花是由设计师从油画作品中汲取灵感，加以巧妙排列后描绘在纯白的布料上，清新耐看。穿上它你就是行走的艺术品。,这件连衣长裙多处都运用了荷叶边的拼接设计，肩头处添加花边点缀，更加凸显女性温柔典雅气质，而腰部的荷叶边正好能够勾勒修饰腰部曲线，裙摆处则是让裙装更具灵动飘逸感。波点印花元素的融入，又让裙子有了另一番俏皮可爱的气息。采用高级靓丽的绿色丝绒面料，看着摸着柔软而有质感。,类型#裙*材质#丝绒*颜色#绿色*图案#波点*图案#印花*裙下摆#荷叶边*裙下摆#花边*裙长#长裙*裙款式#拼接,6.5,准确性方面，遗漏了关键词'波点印花'中的'印花'，且'波点'出现位置被<UNK>替代，另外关键词'花边'未明确提及（仅提到荷叶边和花边点缀，但花边具体位置与描述不完全对应）。生动性较好，使用了'心动不已''行走的艺术品'等表达，能激发购买欲。自然度略低，'以及<UNK>波点的加入'存在未知标记，且句式略显堆砌。综合扣分主要因缺失关键词和未知标记。
501,BRAND的这款连衣裙，在简约素雅的版型设计里，也采用了腰部系带给设计，不仅为穿搭带来了甜美俏皮的感觉，同时也使得衣身增添了柔美气息。还有那袖口处的蝴蝶结装饰<UNK>增添了一份优雅的女人味。以及它整体的立体挺括廓形，穿起来更加的自在舒适。,素雅而又简约的连衣裙，在腰间缝制上了两条系带，起到了画龙点睛的作用。两根带子既可以系在一起，塑造成一个蝴蝶结的造型，又可以自由的放在两边，打造出慵懒随性的风格。这种独特的设计不仅能够起到装饰性的美观作用，同时还能凸显出穿着者腰间曼妙曲线，令人回味无穷。,类型#裙*风格#简约*图案#蝴蝶结*裙长#连衣裙*裙衣门襟#系带,6.0,文案包含大部分关键词，但缺少“裙衣门襟#系带”中的“门襟”元素，且出现未登录词<UNK>。语言较流畅，但未突出“画龙点睛”等生动描述，购买欲望一般。自然度尚可，但部分表述略显机械。
502,淡雅的藕色上衣与清新的白色褶皱裤裙相搭，展现出十足减龄感，上身还带着几分优雅大方的名媛气质；简洁的小翻领设计衬托出修长的脖颈曲线，打造小v脸效果，同时还有修饰<UNK>的效果；衣身和裤子采用了两种不同的面料进行拼接，层次分明又时髦前卫。无袖剪裁方便手臂活动，腰间做了收紧设计，轻松勾勒出窈窕的身姿。,白色的裙子第一眼就容易让人移不开眼，纯洁乖巧的气息可以想象，上身绝对是甜美清新的完诠释。还有小巧的翻领设计，特别显可爱，还能修饰出优美的颈部曲线。加上无袖，露出纤细白皙的手臂，是不是很诱人呢？最重要还有肩部和腰部的拼接处理，十分具有特色。,类型#裙*颜色#白色*风格#清新*裙袖长#无袖*裙领型#翻领*裙款式#拼接,7.0,准确性：未包含颜色白色，描述为藕色和白色，但关键词要求纯白色，有偏差；缺少裙型（类型#裙）直接描述；缺少裙袖长（无袖）描述但有提及；缺少裙领型（翻领）描述但有；缺少裙款式（拼接）描述。生动性：语言优美，有画面感，能激发购买欲。自然度：通顺流畅，无明显机械感。综合扣分主要在关键词遗漏和颜色偏差。
503,"非常百搭的一款束脚裤，非常适合在春季与任何运动鞋一起搭配！简单而又有型的松紧腰带设计让裤子穿起来更加舒适，腰部和臀部有<UNK>立体造型,为裤身带来更多层次感的同时还起到修饰腿部的线条作用,结合简洁利落的束脚裤型穿着起来非常显高显瘦哦！此外其侧缝有斜下摆装饰，又带有一定的休闲韵味。",这款裤子，结合了休闲与运动两种风格，彰显了不一般的帅气感。腰部的松紧绳设计，不仅不挑人，也显得十分时尚，束脚的设计，避免了整体过于臃肿的尴尬场面，而完美的修饰了腿部线条，衬托得人更加修长。,类型#裤*风格#运动*风格#休闲*图案#线条*裤腰型#松紧腰*裤口#小脚,8.5,准确性方面，涵盖了所有关键词（风格、线条、松紧腰、小脚等），但缺失了'休闲'风格关键词且出现<UNK>符号；生动性较好，使用了'百搭''显高显瘦'等吸引词汇，能激发购买欲；自然度高，语句通顺，无明显机械感。综合扣分在于关键词遗漏和符号问题。
504,一款具有民族风情的吊带衫搭配半身包臀裙组成的两件套。精选优质面料打造，具有良好的透气效果和舒适的穿着体验感。吊带设计可以凸显女生颈部优美的曲线。整体的花边装饰彰显女性温婉气质的同时还带来满满的少女甜美气息。个性抽褶处理结合经典的百褶裙摆为整款服饰增添时尚元素，既不显得臃肿还十分减龄又显瘦。穿<UNK>女人味十足同时又给人充满朝气活力的感觉。同时其具有很好的延展性，能勾勒出窈窕曼妙的性感身材，打造都市现代女性的魅力形象，演绎流行色彩。,可爱与性感兼并的双面性时尚。这一款包臀裙，阳光黄的颜色非常特别，不止显白，而且能给你添加不少温柔的气质。膝盖以上的长度能显腿长而包臀的设计，能完美展现你的身材比例，极具女人味。让人心动的是裙身的花边，充满个性，适合轻熟女。经典的褶皱元素，化作甜美含蓄的百褶，显得青春又优雅，让人不由得回忆起那个校服裙摆飞扬的年代。,类型#裙*风格#青春*风格#性感*裙型#百褶*裙型#包臀裙*裙下摆#花边*裙款式#抽褶,7.5,文案涵盖了大部分关键词，但遗漏了'青春'和'性感'风格关键词，且'包臀裙'只出现一次。语言较生动，有描述性词汇，但部分表述如'穿<UNK>女人味十足'出现未知字符，影响通顺度。整体有一定吸引力，但可更突出双面性主题。
505,这款半裙采用松紧适宜的中腰设计搭配上舒适的高腰式内衬设计，让宝贝穿着起来更加温暖舒服。此外，它以压褶的工艺在腰头处带来了一丝精致的法式气息，配合独特的<UNK>风印花加持裙身上，凸显出优雅俏皮的视觉亮点。,这款印花半裙是经过高温压褶的，不易变形，印花有种凹凸的层次美感，内敛含蓄。是上身会微微撑开的a型，整洁有序的褶裥营造出挺括的廓形，并伴随着你的步履摇曳舞动，为设计注入了几分灵动气息。经过高温定型的褶裥，富有层次感，弹力松紧腰，好调节高度，高腰、中腰不受限制，可以根据自己的喜好来。,类型#裙*图案#印花*裙下摆#压褶*裙腰型#高腰*裙腰型#中腰*裙腰型#松紧腰*裙长#半身裙,5.5,准确性上，应包含的关键词如压褶、高腰、中腰、松紧腰、半身裙、印花已覆盖，但缺少'裙摆'相关的压褶描述，且'高腰式内衬设计'表述不准确。生动性方面，'法式气息''优雅俏皮'等词有吸引力，但'<UNK>风'出现未知标记，影响整体效果。自然度一般，'松紧适宜的中腰设计搭配上舒适的高腰式内衬设计'略显绕口，有机械感。整体虽提及了部分卖点，但细节不足，因此评分中等偏下。
506,BRAND的设计师以纯黑作为主调渲染裙身，辅以经典的小波点图案装点其上为其平添一份俏皮活力感；领口运用同色系的压褶装饰，丰富层次感并增添了一丝设计亮点；后幅加入金属拉链开合样式，便于穿脱又透着几分摩登意味儿；宽松的裙身廓形搭配高腰剪裁勾勒出纤细柔美感；裙身处采用同色系的面料进行拼接，为整款裙身营造出立体的层次感与浪漫气息；而松紧荷叶边的融入，则打造灵动飘逸的即视感；加之高腰处的侧边打揽线处理，更使其在视觉上优化身材比例，尽显穿着者的优雅浪漫的别样韵味，演绎轻奢复古的小情调。,复古的波点一直都是不败的经典，想来大家都有目共睹。柔美流畅的荷叶边与经典复古的波点相结合，性感有魅力，黑色的高腰裙设计，凸显出腰身的优美曲线，腰间无松紧，平整的腰部显得质感很好。而且在侧面拼接了隐形拉链用于日常穿脱，方便又贴心整体的版型偏宽松，行走之中带来足够的自由感。,类型#裙*版型#宽松*颜色#黑色*风格#复古*风格#性感*图案#复古*图案#波点*裙下摆#荷叶边*裙腰型#高腰*裙衣门襟#拉链*裙款式#拼接*裙款式#拉链,6.5,准确性：基本覆盖了所有关键词（类型裙、宽松、黑色、复古、性感、波点、荷叶边、高腰、拉链、拼接），但略显刻意。生动性：语言较丰富，有画面感，但部分表述（如‘摩登意味儿’）欠自然，购买欲望中等。自然度：整体通顺，但‘裙身处采用同色系的面料进行拼接’等句子略显机械，有堆砌感。综合评分6.5。
507,白颜色的衬衫连衣裙有着不简单的设计感，胸前的大号贴布花朵是整款服装的点睛之笔，用印花来诠释春暖花开的季节美好，浪漫唯美，又带来满满的幸福感。前短后长的下摆设计，营造出不规则的美感，打破常规，个性大胆，显得人时尚且与众不同。,精致干练的翻边衬衫领设计，简洁大方，勾勒出干练气质。衣身不规则涂鸦印花，错落有致，凸显时尚活力感。弧形下摆裁剪，优美的曲线营造出优雅气质，不规则的摆动，灵动飘逸又不失轻松随性的风范。,类型#上衣*图案#印花*衣样式#衬衫*衣款式#不规则,6.0,准确性不足：待评测文案包含'上衣'、'印花'、'衬衫'，但漏了'不规则'（虽提及下摆不规则，但未突出关键词），且未体现'衣样式'中的'衬衫'领型。生动性尚可：描述有画面感，如'春暖花开'、'浪漫唯美'，但略显俗套。自然度较好，语言通顺，但结尾稍显模板化。总体中游水平。
508,BRAND时尚的衬衫，融入了经典的印花元素，瞬间提升了整体的质感。采用不规则的肩部设计凸显<UNK>。袖口采用了贴袋的设计，兼具造型美观与实用性。下摆采用了开叉元素，飘逸灵动更显自由随性。而珍珠袖扣的设计，尽显高端和精致。,很养眼的一款衬衫设计，丰富色彩的大胆碰撞，轻松带来一场精彩的视觉盛宴。不规则印花图案装饰，带来时尚混搭魅力，轻盈面料剪裁，舒适透气又不怕透。,类型#上衣*图案#印花*衣样式#衬衫*衣款式#不规则,6.5,准确性方面，文案包含了上衣、衬衫、印花、不规则等关键词，但忽略了图案类型，且使用了<UNK>（未识别词），影响完整度。生动性方面，语言较有画面感，如“飘逸灵动”、“高端精致”，能激发购买欲，但整体描述偏细节堆砌，缺乏整体视觉冲击力。自然度方面，语句通顺，但机械拼凑感较强，如多个设计点并列，缺少衔接和情感递进，不如参考答案连贯。
509,很显小名媛气质的<UNK>翻领配上小扣袢，穿出你的优雅女人味。<UNK>大片的深灰色装饰在衣身两侧，既丰富视觉层次，又彰显出奢华高贵格调。<UNK>领口设计修饰颈部线条，上身更显气质美。短版的高腰a字短裤，完美拉长腿部比例，打造笔挺俏丽的身材曲线。,高贵的灰色，把女人独有的优雅大气气质发挥到了极致，带来无与伦比的时尚魅力。圆领精致美丽，展现颈部线条，让你更显端庄优雅，娇俏的荷叶边袖点缀珍珠装饰，增添温婉柔美气质，下装高腰短裤a字版型设计，让你秒变大长腿。,类型#裤*颜色#灰色*风格#高贵*图案#线条*裤长#短裤*裤腰型#高腰,7.0,准确性：基本覆盖所有关键词（灰色、高腰、短裤、线条、高贵），但缺少'裤长#短裤'中的'短裤'明确提及，且出现未定义字符<UNK>。生动性：语言较吸引人，如'小名媛气质'、'奢华高贵格调'，但部分描述（如<UNK>）影响阅读。自然度：整体通顺，但'<UNK>'造成断句，略显机械，且'大片的深灰色装饰在衣身两侧'与短裤搭配不当，略有拼凑感。
510,一款端庄感十足的连衣裙，选用一字肩的剪裁，展现出肩部的优雅和锁骨的白皙秀气很是吸睛有范。袖子位置加上了钉珠装饰，精致又好看，呈现出浪漫梦幻的气质。荷叶边的结合与腰间的手工捏褶元素，自然形成的层次美感更显瘦修身的廓形，轻松穿出婀娜柔美的身姿曲线，让你看起来更显迷人小女人的气质。,这一款连衣裙精致一字领的设计，韵味迷人性感出彩，精挑细选的布料软糯细腻，贴身穿着很舒适，体验度也是不一般。钉珠荷叶边的装饰，气质优雅随风摇曳。加上重工压褶，包容显瘦做工精致。,类型#裙*版型#显瘦*风格#性感*裙下摆#荷叶边*裙下摆#压褶*裙长#连衣裙*裙领型#一字领*裙款式#钉珠,8.0,文案准确包含了所有关键词（一字领、钉珠、荷叶边、压褶、显瘦、性感等），语言生动，如‘展现肩部优雅’、‘浪漫梦幻的气质’等有吸引力，整体通顺自然。但‘袖子位置’与原文‘一字领’略有偏差，且未明确提及‘布料舒适’和‘做工精致’，因此扣分。
511,这件时髦帅气的衬衫裙，采用了纯色的简单的设计风格以及时尚的翻领设计，显得十分有气质。不规则的衣摆下摆设计以及露肩的设计感十足，十分的宽松随性，还增加了一定的飘逸与灵动感哦。,这是一件充满慵懒与个性之感的衬衫裙，整体采用宽松版型加上<UNK>不规则剪裁，随性中又带着慵懒气息，尤其是露肩设计展露骨干肩部，轻松展现出女性性感之味。纯色色调更是与夏季搭配适宜，简简单单但是充满纯粹感。同时设计师又采用了<UNK>以上含<UNK>材质，不仅舒适亲肤，而且十分吸汗，即便是炎炎夏日也不会感到粘腻。,类型#裙*版型#宽松*颜色#纯色*风格#性感*图案#纯色*裙型#衬衫裙*裙款式#露肩*裙款式#不规则,6.5,准确性方面，文案提到了纯色、宽松、露肩、不规则等关键元素，但缺少裙型（衬衫裙）、风格（性感）和面料材质等信息，不够全面。生动性上，使用了“时髦帅气”、“有气质”、“灵动感”等词汇，但整体缺乏对性感、慵懒等核心卖点的突出，购买欲望不够强烈。自然度较好，语句通顺，无重复或机械感，但略显平淡。综合评分6.5。
512,这款连衣裙采用了气质的一字领设计，露出纤细的胳膊与肩部的<UNK>白皙肌肤以及性感的锁骨，带来浓郁的优雅气息；而蓬松柔软的荷叶边装饰上精致的荷叶袖口，为整体增添了几分甜美可爱感，彰显俏皮活泼的魅力；同时搭配着纯净素雅的纯色基调，展现出干净简洁之美；结合若隐若现的网纱面料，将女性那玲珑凹凸有致的曲线显露出来，带来朦胧的美感令人心神荡漾；再加以独特的剪裁方式勾勒出女性的曼妙腰部线条，衬托窈窕挺拔身姿，显得温柔可人。,这款纯色的连衣裙中长款式穿着更显飘逸性，采用了性感的一字领设计，展示出白皙的颈部肌肤，带来一丝亮点，女人味十足。采用了拼接荷叶边的设计，富有层次感，上身不失有型。下摆处的拼接网纱设计，若隐若现地展示出优美的腿部线条。,类型#裙*材质#网纱*颜色#纯色*风格#性感*图案#纯色*图案#线条*裙下摆#荷叶边*裙长#连衣裙*裙领型#一字领*裙款式#拼接,6.5,文案包含了所有关键词，但存在一些问题：1. 准确性：虽然覆盖了所有关键词，但部分描述有误，如荷叶袖口与商品关键词中荷叶边不符；2. 生动性：语言较丰富，但一些表述（如“心神荡漾”）稍显夸张；3. 自然度：存在机械重复（如“若隐若现”重复出现）和生硬搭配（如“玲珑凹凸有致”），且《UNK》表示未知词，影响通顺。总体较好但有明显改进空间。
513,宽条编织条纹面料穿着更加舒适。纽扣门襟设计方便穿脱和穿换内裤。腰部是橡筋设计弹性十足穿着也舒服。后侧贴身的口袋设计增加了设计的实用性，同时还很实用。,布满衣身的竖型条纹，显出女性甜美可爱的形象。松紧的裤头设计，出行穿脱更加的便捷。对称的贴布口袋设计，方便存放随身的小物品，兼具美观性与实用性。精致的单排纽扣进行开合，出行穿脱更加的简单，提升出行的便捷性。,类型#裤*图案#条纹*裤款式#口袋*裤款式#纽扣*裤腰型#松紧腰,6.0,准确性上，文案未明确提及'图案#条纹'（仅说'宽条编织条纹'但未突出图案特性），且未覆盖'裤款式#口袋'和'裤腰型#松紧腰'（仅提'橡筋设计'）。生动性不足，语言平实缺乏感染力，如'穿着更加舒适'较平淡。自然度上，有重复表述（'实用性，同时还很实用'），且部分语句略显机械。
514,一款经典的深浅蓝水洗牛仔裤，时髦百搭的视觉感。修身的裁剪，呈现出女性纤细的双腿曲线美，打造曼妙的身形。舒适的高腰线设计，拉伸腿部比例。直筒裤的设计搭配不规则的毛边点缀，为整体造型增加了不少随性个性的休闲风，新颖又独特。经典的单排纽扣设计，凸显了女性成熟干练的气质。简洁舒适的裤腰，修饰腰部迷人线条，彰显小女人的优雅风情。简约大气的纯色系，穿着舒适且方便搭配出潮流的造型。,经久不衰的牛仔元素，由一抹浅蓝色渲染，简约的纯色，休闲大方。修身的直筒版型高腰提臀的设计拉长双腿的比例，显高显瘦。结合了纽扣门襟的设计，方便穿脱。简单流畅的线条，巧妙的修饰腿型。搭配运动鞋休闲鞋都能轻易焕发青春活力气息。同时此款裤身采用磨破做旧处理，时尚前卫，尽显潮流风范。裤脚处也运用了不规则毛边的装饰，更显慵懒随性。裤腿的缝补拼布设计别出心裁，设计感十足。,类型#裙*版型#显瘦*材质#牛仔布*颜色#纯色*颜色#浅蓝色*风格#简约*风格#休闲*风格#潮*图案#纯色*图案#线条*裙型#牛仔裙*裙型#直筒裙*裙下摆#毛边*裙腰型#高腰*裙款式#纽扣*裙款式#不规则,7.5,准确覆盖了大多数关键词，但漏掉了『线条』、『缝补拼布』和『做旧处理』。语言流畅自然，有一定生动性，但缺少对牛仔布材质和做旧细节的描述，购买欲望稍弱。整体较好，但细节有缺失。
515,"气质名媛风印花裙,精选天然桑蚕丝面料，触感轻盈软糯，穿着凉爽舒适。整体飘逸的裙身给人耳目一新的视觉效果。经典圆领，露出纤细的天鹅颈。优雅的七分袖，搭配腰间压褶，尽显高挑身材，让人过目难忘。浪漫的小花和羽毛点缀，让裙子看起来仙气十足。",轻盈飘逸的真丝材质，手感丝滑，上身仿若无物，带给你有如婴儿肌肤般的细腻触感。简洁的圆领搭配同样简洁的七分袖，进一步提升干练利落的气质。前幅的压褶设计很是别致，于细节中彰显前卫的设计感。精致的印花点缀裙身，带来春风拂面般的清凉感。,类型#裙*材质#蚕丝*图案#印花*裙下摆#压褶*裙袖长#七分袖*裙领型#圆领,7.5,准确性方面，文案包含了所有关键词：裙、蚕丝、印花、压褶、七分袖、圆领，且均正确使用。生动性方面，语言有一定吸引力，如“气质名媛风”、“仙气十足”等词汇能激发购买欲，但相比参考答案的比喻（如“婴儿肌肤般的细腻触感”）略逊色。自然度方面，整体通顺，但“气质名媛风印花裙”与后文“浪漫的小花和羽毛点缀”风格略有跳跃，整体较流畅。综合评分7.5分。
516,BRAND家的这一款休闲裤，设计师采用清新的蓝和纯净的纯白作为主打色调，加上100%天然亚麻面料的选择，打造出质感极佳的一款裤子。而宽松休闲的造型设计则更是使得它十分的好搭，无论是搭配一件简单的白色上衣都很好看。,裤裤的设计走的极简路线，或明亮甜美或沉稳优雅的纯色，都衬托出宝贝乖巧干净的气质，同时也百搭夏季清凉的上衣。a字的宽松版型，很好地修饰宝贝的腿型，结合亲肤透气的亚麻面料，穿着飘逸，走路带风，给人清新、格调十足的感觉。,类型#裤*版型#宽松*材质#亚麻*颜色#纯色*风格#清新*图案#纯色,6.5,准确性方面，文案包含了“宽松”、“亚麻”、“纯色”（蓝和纯白）等关键词，但未提及“裤型”（类型#裤）和“风格#清新”，且“纯色”描述不够全面；生动性一般，语言比较平实，缺乏画面感和情绪感染力，购买欲望较弱；自然度较好，通顺无复读，但开头“BRAND家的”略显模板化，整体机械感不强。评分6.5分。
517,这款七分袖娃娃版型的连衣裙设计简约大气又很甜美可爱，经典的圆领领口剪裁与宽松的娃娃风袖口很好的修饰了手臂曲线更显纤细柔美。衣身上精致的花纹绣花设计唯美又耐看非常吸睛美观，将整体点缀得更为雅致迷人。下摆处的压边处理做工细腻又平整非常别致出彩，彰显出了品质细节。打造出女性的温婉复古气质。,简约而唯美的一款连衣裙。纯白色系搭配起来更加游刃有余。精美的刺绣工艺，呈现出复古而别致的艺术效果。圆领七分袖设计，让您的仪态更显优雅从容。长款宽松版型，轻松穿出高挑曼妙的身段。,类型#裙*版型#宽松*风格#复古*风格#简约*图案#复古*图案#刺绣*裙长#连衣裙*裙袖长#七分袖*裙领型#圆领,8.0,准确性：包含了所有关键词（裙长连衣裙、裙袖长七分袖、版型宽松、风格复古简约、图案刺绣、裙领型圆领）。生动性：语言富有画面感，如“甜美可爱”、“雅致迷人”，能激发购买欲望。自然度：整体通顺，但“娃娃版型”与“娃娃风袖口”稍显重复，略有机械感。
518,简洁中又不失细节感的一款衬衣。不对称的肩线设计打破<UNK>传统的穿着限制，给人耳目一新的感觉。下摆有打结的设计，视觉上可以修饰腰身，加上利落的剪裁上身效果很好。袖口挽起的效果也是今年很火的穿法设计，露出手腕处比较纤细的部分，凸显女性的柔美气质。圆领的设计很经典百搭，勾勒出女性的颈部线条。前面大片的图案印花很有艺术感。宽松自然的廓形不挑身材。,萌趣<UNK>印花点缀整体衣身，元气满满的衬衫让你在春天活力四射。气质的小半圆领设计，巧妙的勾勒你的脖颈线条，在视觉上增添高挑出众的气质。略微宽松的款式设计，巧妙的遮住你的肉肉，形成修长的线条美感，营造一身高级的慵懒感。不对称下摆的设计，增添了整体造型的层次感，巧妙的展现你独特的个性与魅力。,类型#上衣*版型#宽松*图案#线条*图案#印花*衣样式#衬衫*衣领型#圆领*衣款式#不对称,7.5,关键词覆盖全面，但'不对称肩线'与参考中的'不对称下摆'有差异，准确性略有不足；语言较生动，但部分描述（如'袖口挽起的效果'）略显平常，吸引力中等；整体通顺，无明显复读或机械感。
519,<UNK>的设计师在卫衣的基础上，巧妙地融入了时下流行的元素，以别致的手法渲染出不一样的时尚格调。清新的蓝白配色的条纹面料设计简单大方，与常规的款式形成对比，不仅打破了单一色彩带来的沉闷，而且能够让人眼前一亮。卫衣本身特有的宽松舒适，再结合纯天然棉质的面料，触感柔软且亲肤透气，让宝贝穿着更加舒适和放松，打造慵懒随性的时尚造型！,这款卫衣打破了常规的单调款型，宽松的假两件版型，凸显出了层次感，穿着随意不受约束。清新的条纹图案修饰，洋溢着满满的青春气息，选用优质的棉质材质制成，柔软亲肤，给你带来舒适的穿着体验。,类型#上衣*版型#宽松*材质#棉*风格#青春*风格#清新*图案#条纹*衣样式#卫衣*衣长#常规,8.5,文案准确包含了关键词：宽松、棉、青春、清新、条纹、卫衣、常规，但未明确提及‘假两件’（对应‘版型’），准确性略有扣分。生动性较好，使用了‘巧妙融合’、‘别致手法’等词汇，能激发购买欲。自然度较高，语言通顺，仅开头‘<UNK>的设计师’略显突兀，整体流畅。综合评分8.5分。
520,经典耐看的纯色调设计，整体给人一种非常舒适干净的感觉，让人看起来很舒服；帽子部分具有连帽式的设计方法，可以很好的起到防寒的作用，而且还能凸显出你的小巧脸型；裙身部分采用松紧式的抽绳设计点缀，给整体的裙子增添了时尚感，展现出你优雅的身材曲线美；较为宽松式的下摆设计，让整件连衣裙看上去具有了立体层次的美感，让你穿上它瞬间化身气质少女。,一款非常时髦的连衣裙，采用网布连帽设计，很适合炎热的夏季。抽绳则用带有淡淡光泽感的铜氨丝打造，做工精细又不显夸张。将面料进行打孔艺术排序，呈现出极致的质朴形象。宽松的a型廓形，很好的包容身材，给予一定的活动空间，让人不自觉充满着活力。,类型#裙*版型#宽松*裙长#连衣裙*裙款式#抽绳*裙款式#连帽,5.0,缺少关键词'网布'和'打孔'，且将连帽描述为防寒用途，与夏季场景矛盾；语言较为平淡，缺乏生动性；存在复读感（如'让人觉得'、'看起来'重复），整体自然度一般。
521,经典大方的黑白撞色设计，既耐看也能让你看起来清爽利落大方，穿起来也更显年轻活力的感觉更显甜美灵动气质。高腰版型的裁剪上身更为合体又能让你穿上之后拉长双腿的线条比例，穿着更显瘦。小立领的设计让你的脖脖更加的纤细纤长，而且可以修饰出你精致小巧的脸蛋，加上黑色的打底面料，上身后显得端庄又大气。胸前的金属扣和袖口的钉珠装饰凸显了优雅精致的格调，很值得拥有哦。无袖的裁剪也更为清爽随性一些。,这款礼服裙手感厚实优质感，穿着上身，笔挺有型，简洁干练。以深邃的墨黑色作为基调，搭配小高领的无袖设计，仿佛拥有黑天鹅般的优雅气质。肩部的剪裁配合颈部线条特别修饰上半身，高腰处增添钉珠装饰，<UNK>高腰的修饰能力，拉长腿部线条感。精致小巧的视觉上又非常显瘦。,类型#裙*版型#显瘦*颜色#黑色*图案#线条*裙腰型#高腰*裙袖长#无袖*裙领型#高领*裙款式#钉珠,6.5,准确性方面，缺少对『图案#线条』的明确描述，并且文案中提到的『黑白撞色』与关键词中的『黑色』不符，存在误导。生动性尚可，使用了『清爽利落大方』等词汇，但『脖脖』等用词不够规范。自然度一般，部分语句略显重复，如『更显...更显』，整体通顺但缺少亮点。
522,"随着气温的逐渐回暖,一款清爽舒适的裤装是都市mm的必需品，像BRAND家的这款短裤就非常适合夏天外出穿着。它的侧边采用立体车缝工艺制作而成，使得整体造型更显精致。配合微微翘臀的版型设计，更能体现女性的线条感。轻松打造出潮流俏丽造型！",此款短裤的另外一个设计亮点在于它采用简洁的涂鸦线条，勾画出个性活力的天使之翼图案装饰，提升层次和视觉效果。展现现代潮流风。,类型#裤*风格#潮*图案#线条*裤长#短裤,6.0,准确性不足，漏掉了【图案#线条】关键词，参考文案重点突出涂鸦线条和天使之翼图案，而AI文案未提及；生动性尚可，但缺乏独特记忆点，购买欲望一般；自然度较好，语句通顺，但未体现‘潮’风格中的线条元素。
523,这是一款非常经典的情侣装系列哦，不管是日常的搭配还是情侣款的穿搭都是必备单品了。这款卫衣在设计采用经典基础的领口版型设计结合优质微弹的面料材质，上身舒适透气毫无扎身的烦恼。同时，宽松有垂感的袖管裁剪方式可以更好的修饰手臂更显苗条哦。此外精致的<UNK>图案与简约大气的色系相结合更能彰显出自身的气质，穿上它尽显时尚日系感。,做旧工艺的使用，赋予了这款日系卫衣更多几分的韵味感，使得简约的它，拥有更为丰富的设计层次。它的版型带着几分宽松，却不会让人觉得肥大，上身之后可以更好的衬托出你随性、潇洒的气质，为你的男性魅力加分不少。,类型#上衣*版型#宽松*风格#日系*风格#简约*衣样式#卫衣,4.5,1. 准确性：缺少关键词“日系”和“宽松”，且“日系”仅在结尾提及一次，未有效体现；“宽松”未直接出现，而是用了“宽松有垂感”。2. 生动性：语言较平淡，缺乏像参考答案中“韵味感”“随性、潇洒”等吸引人的词汇；提及“情侣装”偏离商品类型，且“<UNK>图案”为未知符号，影响购买欲。3. 自然度：整体通顺，但“经典基础的领口版型设计”略显啰嗦，有轻微机械感。
524,纯棉质地的面料穿起来亲肤保暖，而且不易变形起皱，<UNK>的蓝白条纹图案在视觉上有一种清爽和舒服的感觉。结合优雅气质的小翻领衬衫设计，衬托出脸小精致。袖口处用深蓝色的织带进行装饰性拼接，为整体增添了整体的线条美感，也显得十分独特新颖。下身以简约的小脚裤装，展现出时尚大气的感觉，并且可以修饰腿形显高挑。适合25岁左右人群使用。,法式的简约版型，衬衫的袖口开叉处做了拼接设计，让衬衫整体看上去更有细节感，整件衬衫最吸睛的就是领口，翻领也是做了全包边，突出了衬衫的时髦和高级感，面料选用100%高支棉，是最抗皱不透的，有一定的挺括度，不易皱，不透光。,类型#上衣*材质#棉*风格#简约*衣样式#衬衫*衣领型#翻领*衣款式#拼接,6.5,文案基本包含了所有关键词，但缺少对翻领包边和抗皱不透特性的强调；语言较生动但存在些许机械感（如“<UNK>”符号）和冗余（如“打造整体线条美感”重复“整体”）；自然度一般，部分表述如“衬托出脸小精致”略显生硬。整体尚可但不如参考答案精准有力。
525,裙子的样式属于公主风的睡袍式样了，所以搭配起来会更加方便且实用一些。领口是经典的小黑底，结合袖口的黑色包布条设计，整体感觉很有层次感与空间感。而且木耳边的装饰元素，也让裙子不显得那么单调，反而增添了几分宫廷风的感觉。下摆的剪裁是属于常规款的那种，稍微宽松一点，不会挑身材哦！腰部到臀部的位置会略为收紧一点点，能够遮住胯部位置的赘肉。,<UNK><UNK>，几乎是两个常规<UNK>的宽度，显得手臂纤细修长。木耳花边领+袖，与宽松的衣身组合，真的有种欧式宫廷内衫的既视感，精致中透露出慵懒气质。还有黑色点点提花，规律点缀，多一份少女感。,类型#裙*版型#宽松*颜色#黑色*风格#宫廷*裙衣长#常规*裙款式#木耳边,6.5,准确性：基本覆盖关键词，但未明确提及'宽松'版型（虽隐含提及），'黑色'仅提及'小黑底'，未突出'宫廷'风格核心（公主风相似但不完全一致）。生动性：描述较具体（如'经典小黑底'、'包布条'），但整体平淡，缺乏画面感和购买冲动。自然度：通顺，但稍显机械（如'整体感觉很有层次感与空间感'），无复读。综合6.5分。
526,基础款的衬衫，百搭时尚不容易过时。纯色调是经久不衰的百搭色彩。采用立体的剪裁工艺，给衣服更平整挺拔又帅气的廓形感。经典的尖角小翻领简洁大方，能够彰显男性的干练气质。下摆精致车线缝制，使走线工整细腻，质感高级的同时更加有型。,"简约衬衫,经典衬衫版型，遵循布料肌理。立体剪裁，以翻领明门襟的经典造型、配合曲摆的现代人性化裁减，相得益彰，舒适的面料搭配精致缝纫线使成衣领型自然舒展、缝线部位平服工整、牢固耐磨，单穿或者内搭都非常好看。",类型#上衣*版型#立体剪裁*风格#简约*衣样式#衬衫*衣领型#翻领,7.5,文案包含了大多数关键词，但缺少'曲摆'和'缝纫线'。语言生动，使用'经久不衰'、'干练气质'等词有吸引力，但缺少对布料肌理和舒适度的描述，略微机械。整体通顺自然，但可进一步优化。
527,一款经典风格的连衣裙，选用优雅的深蓝色为主色系，辅以精美的凤凰<UNK>印花渲染，打造出华丽而高贵的气息，彰显了女性典雅大方的气质。采用立体的手工盘花装饰胸部，打破了整体单调色调的影响，为整体造型增添了一抹亮点；并利用中长的版型与松紧抽皱收腰的细节，突显凹凸有致的身材曲线，尽显曼妙灵动的柔美之感。不规则的裙摆下摆的设计，也为其增添了时尚优雅的气息，使着装者更能展现法式浪漫与轻复古的韵味。,带有复古BRAND风的一款连衣裙，以深蓝色的基调质地，营造出高贵、优雅的气质。结合收腰的版型剪裁，让腰部曲线更显立体，增加女性魅惑。不规则的裙摆设计有弧度感，可增加视觉层次感。精美的印花质地于裙身，更显优雅。,类型#裙*颜色#深蓝色*风格#复古*风格#高贵*图案#复古*图案#印花*裙长#连衣裙*裙款式#不规则*裙款式#收腰,7.0,待评测文案准确包含了所有关键词，语言生动且具有购买欲，但不够自然，例如‘凤凰<UNK>印花’中的标签未处理，且部分描述略显冗余。整体通顺度良好，但机械感稍强。
528,这款优雅气质的<UNK>裙让人过目不忘，其上的花纹和面料相互衬托，典雅大方又浪漫。精致的珍珠作为点缀，为裙身带来华丽迷人的光彩。立体的版型和蝴蝶结立领更是彰显出不凡的气质，将女性的知性优雅与高贵的宫廷范展现出来。同时搭配上复古气息十足的衬衣或喇叭袖短衫，尽显温柔淑女的邻家少女感。,带有浓郁欧式古典宫廷风的气息，这款衬衫造型优雅又高贵。立领的立领再加上蝴蝶结装饰，无比的淑女。胸前有花边的造型，更显娇美可人。复古的喇叭袖处理，典雅的气质尽显。搭配一条小裙子，简直可以直接去拍少女<UNK>了。,类型#上衣*风格#淑女*风格#复古*风格#宫廷*风格#高贵*图案#蝴蝶结*图案#复古*衣样式#衬衫*衣领型#立领*衣袖型#喇叭袖,4.5,待评测文案未包含所有关键词，如'上衣'、'衬衫'、'喇叭袖'等，且提到了'裙'，与商品类型不符；语言较生动，有'过目不忘'、'华丽迷人'等表达，但存在对连衣裙的错误描述；整体通顺但略有机械堆砌感。
529,优雅唯美的少女感粉色连衣裙，让你轻松驾驭多种场合！采用经典的竖条纹元素的修身设计，在视觉上有瘦身的功效。而别致的露肩设计，秀出精致的香肩，又不会很暴露哦！同时，领口的细吊带搭配精致绑带形成蝴蝶结造型，个性甜美之余也不失性感。而且，裙子可调节的袖长让你自由把握，带来更佳穿着体验。,柔和的粉色连衣裙，轻松凸显少女气息，又显肤色白皙。吊带露肩，凸显迷人小性感，结合绑带蝴蝶结，提升甜美可爱感，波浪式的伞型裙摆。穿着显瘦又具时髦感。,类型#裙*版型#显瘦*颜色#粉色*风格#性感*图案#蝴蝶结*裙长#连衣裙*裙款式#绑带*裙款式#吊带*裙款式#露肩,7.5,文案覆盖了几乎所有关键词，但缺少'波浪式的伞型裙摆'描述；语言生动有购买欲望，但'可调节的袖长'与吊带/露肩款式矛盾，降低了自然度。整体质量较高，但存在准确性瑕疵。
530,来自<UNK>的这款连衣裙，采用衬衫的设计，尽显女性干练气质感且不缺乏甜美气息。精致小巧的小翻领设计，轻松修饰脸型更显五官立体挺拔。时尚的单排扣设计，穿脱起来极为方便。别致个性的多口袋装饰，增添设计的同时实用性十足，简洁利落的短袖剪裁，轻松贴合手臂曲线。,经典的衬衫翻领利落有型，展现女性柔美脖颈同时，凸显出端庄大气的气质。直筒版型配合短袖设计，优雅利落有着很好的包容性，遮掩不完美的身形，从容间透着随性的慵懒气息。从领口一直延伸至裙摆的单排扣，落落大方提升衬衫裙的时尚度，带着些许复古风韵味。两侧弧形斜插口袋，方便实用靠上的位置让插袋姿势更具气场。,类型#上衣*衣样式#衬衫*衣领型#翻领*衣袖长#短袖*衣门襟#单排扣*衣款式#口袋,6.0,准确性上缺失'翻领'（仅写'小翻领'，但未按关键词'翻领'）、'口袋'（未明确写'口袋'，写'多口袋装饰'但未强调'口袋'本身）和'短袖'（写'短袖剪裁'，但关键词为'短袖'，不够精确）；未提及'单排扣'（仅写'单排扣设计'，但未明确'门襟'）；整体上关键词覆盖率不足。生动性一般，语言略显平淡，购买欲望不强。自然度尚可，但存在'来自<UNK>'的明显问题，且部分表述有机械感。
531,此款BRAND男士卫衣将现代的<UNK>与古典文化结合在了一起。前幅是中世纪武士<UNK>形象的剪影，而胸前则是英文字母装饰。让单品富有了更多的民族风情。搭配上连帽的设计，更是增添了一份减龄魅力；同时下摆处也有同样的字样，让前后呼应更有风格感。通过细节之处来展示自己的个性。流畅又精致的线条，为男士提供舒适的上身体验，轻松打造干练气质。,卫衣在简练版型的基础上结合了连帽的造型设计，不仅具有一定的保暖效果，同时对颈部也起到一定的修饰效果，展现出细线的脖子线条。在帽檐的边沿利用包边与缝合的线条，体现出细节的质感与柔软的触感，巧妙的避开了僵硬的触摸感，细心呵护着脖子的肌肤。,类型#上衣*图案#线条*衣样式#卫衣*衣款式#连帽,4.5,准确性（2/10）：未包含关键词'线条'和'图案'，其他关键词基本覆盖；生动性（5/10）：语言有一定吸引力，但民族风情描述与卫衣关联弱，减龄魅力略俗套；自然度（6/10）：较通顺，但<UNK>标记影响流畅度，部分表述机械（如'前后呼应更有风格感'）。整体偏离参考答案强调的细节质感。
532,小仙女们，如果你们喜欢时髦又洋气的小裙子，就快看过来吧！这一款假两件套式高腰牛仔裤上身效果很好看，采用高腰修身的裁剪方式，穿上去很是修饰身材显气质。而且这款拼接了不规则的牛仔面料，个性又别致，在腰间还拼接了一条细细的橡筋腰带装饰，增添细节美感的同时又很好地起到收腰提臀的作用，让你秒变s女神一枚，你心动了吗？,高腰拼接牛仔裙摆，精致的方扣腰带收腰设计，圈出纤细腰身，气质显瘦；不规则的下摆造型，长短错落，很有层次感，更加凸显了纤细的双腿，视觉上妥妥显瘦。,类型#裙*版型#显瘦*裙型#牛仔裙*裙腰型#高腰*裙款式#拼接*裙款式#腰带*裙款式#不规则*裙款式#收腰,7.0,准确性：基本覆盖关键词，但未明确提及“拼接”和“不规则”的详细描述，如“假两件套式”替代了“拼接”，“不规则”仅简单提及。生动性：语言有吸引力，使用“小仙女”、“时髦洋气”等词汇，但“秒变s女神”略显俗套。自然度：整体通顺，但“穿上去很是修饰身材显气质”句式略生硬，有轻微复读感。
533,以低调神秘的黑色的基调设计而成的一款短外套，在肩部以及双袖的部分增加了白色的绑带装饰，打破了黑色的单调色彩感又显得随性自由，彰显别致独特的品味更个性抢眼。胸前的英文英文字母的设计点缀其中更凸显不羁的时尚，搭配黑色和白色的印字装饰为整体的风格带来了更多的活力色彩，将少女的俏皮与帅气的街头风结合在一起。,牛仔外套是街头常见的存在，休闲街头似乎是它与生俱来的魅力。而白色牛仔的出现，注定是街头抢镜的，那渲染着的黑色印花，经典的黑白碰撞，<UNK>时尚火花，同时将休闲的外套平添了一层优雅的韵味。交叉绑带的设计，出现在身前，设计感的视角，给人焕然一新的感受，独特的它，给你避免撞衫的<UNK>！,类型#上衣*材质#牛仔布*颜色#白色*颜色#黑色*颜色#黑白*风格#街头*风格#休闲*图案#印花*衣样式#外套*衣款式#绑带,6.5,准确性不足：未提及白色牛仔布、黑色印花、交叉绑带等关键特征，且关键词‘外套’未明确；生动性一般：语言较平实，缺乏情感共鸣和场景感；自然度尚可，但描述偏机械，缺乏连贯性。整体不如参考答案完整贴切。
534,这款连衣裙<UNK>蕾丝花纹加上花卉、鸟类的图案装饰，浪漫唯美。腰部系带设计打造收腰造型，展现女性优雅身段。领口荷叶袖的设计，甜美俏皮，又带一点小女人性感的韵味，上身气质立显。背部镂空的挂脖设计，增添时尚气息，演绎独特魅力。整条连衣裙洋溢着古典艺术气息，上身文艺雅致。轻柔的缎布面料，具有很好的悬垂感和飘逸感，非常适合春夏季穿着，轻薄透气舒适。,印花连衣裙真的是好穿且实用又时髦。衬上文艺格调的花边小立领造型，简洁利落，打造随性优雅的气质。以及领口采用镂空与系带设计，小小透出的肌肤，平添了不少性感韵味。唯美的双侧荷叶袖，特别显气质，而且显手臂纤细。,类型#裙*风格#文艺*风格#性感*图案#印花*裙下摆#花边*裙长#连衣裙*裙袖型#荷叶袖*裙衣门襟#系带*裙款式#勾花镂空,7.5,准确性较高，覆盖了大部分关键词（类型#裙、风格#文艺、风格#性感、图案#印花、裙下摆#花边、裙长#连衣裙、裙袖型#荷叶袖、裙衣门襟#系带、裙款式#勾花镂空），但未提及“下摆花边”且错误描述了袖型位置（荷叶袖应在袖口而非领口）。生动性较好，使用了“浪漫唯美”、“优雅身段”等吸引人的词汇，但部分描述（如背部挂脖设计）与关键词不符，略显冗余。自然度尚可，但存在机械感（如“上身气质立显”）和语义重复（如“文艺雅致”与“古典艺术气息”近义）。综合评分7.5。
535,本款时尚优雅的深黑色调连衣裙，采用新颖个性的裁剪版型进行设计，打造甜美不失性感的完美曲线，腰部别致独特的镂空飘带设计，凸显出女性的窈窕身姿和俏皮可爱的小女人魅力。精美的花朵点缀于衣身上，打破黑色的沉闷感增添了些许青春活力气息更显女性优雅气质，让整件连衣裙更具有设计感和潮流感。简洁的长袖设计将女性白皙手臂修饰得更加纤细迷人。,这款太平鸟黑色长袖两件套连衣裙，透视的两件套设计，满足叠穿的潮流，更加性感魅惑。同时后背镂空设计，微露美背，尽显迷人魅力。搭配飘带设计，增添细节感，彰显时髦。,类型#裙*颜色#黑色*风格#潮*风格#性感*裙长#连衣裙*裙袖长#长袖*裙款式#勾花镂空*裙款式#飘带,6.0,准确性方面，未包含‘两件套’、‘后背镂空’（仅提到腰部镂空）和‘叠穿’等关键词，部分关键词如‘勾花镂空’被简化为‘花朵点缀’。生动性上，语言较丰富但部分描述（如‘甜美不失性感’、‘俏皮可爱的小女人魅力’）与关键词‘性感’、‘潮’不完全匹配。自然度较好，没有明显机械感，但略显堆砌。
536,这是一款很美范的打底衬衫，无论单穿还是搭配其他穿搭，都是很不错的选择。采用当下流行的v领设计理念，拉长颈部线条，凸显小脸视觉感。经典的绑带袖口设计结合直筒修身的版型，不挑身材，凸显腰线的同时修饰手臂。整体选用纯正低调的黑色调打造而成，简洁却又不失优雅风度。,好喜欢这款衬衫纯白的颜色，轻松穿出优雅妩媚的感觉。袖口的翻边样式，可以说是相当惹人喜爱。黑色腰封绑带，时髦流行设计，纤细腰身线条，v领袖子翻折，下摆u型弧度，高挑显瘦女人！,类型#上衣*版型#显瘦*颜色#黑色*风格#青春*图案#线条*衣样式#衬衫*衣领型#v领*衣款式#绑带,7.0,准确性：基本覆盖关键词，但有遗漏，比如缺少‘青春’、‘衣服线条’等。生动性：描述较为专业，但缺乏情感和画面感，不如参考答案有感染力。自然度：语句通顺，但稍显模板化，缺乏个性。
537,这款衬衫采用<UNK>图案的设计，具有典雅温婉的气质感，整体散发着成熟有韵味的感觉。纯棉的面料上身垂坠舒适，手感顺滑柔软不会刺激肌肤。九分袖的设计拉高了手肘的位置，在视觉上起到了遮肉显瘦的效果。略带宽松的肩部设计，遮盖住了手臂赘肉彰显出了女性的温柔和知性的一面，同时修饰的肩围的宽度，显得十分清爽干练。,显瘦十足的v字延伸衬衫领设计，备显知性温婉的同时将少女气息演绎到了极致。合身的版型设计修身且不紧绷，宽松却不松垮。趣味感十足的个性印花设计，让整体层次感丰富不显单调。纯棉印花的面料设计，亲肤舒适透气效果也是极佳。干练利落的九分袖设计，更加清爽<UNK>。,类型#上衣*版型#宽松*版型#显瘦*材质#棉*风格#知性*图案#印花*衣样式#衬衫*衣袖长#九分袖,6.5,准确度方面，遗漏了'v字领'、'纯棉印花'（仅提纯棉）、'修身不紧绷'等关键词，且未提及'显瘦'版型。生动性较好，但部分表述如'优雅温婉的气质感'略显平淡。自然度尚可，但'拉高了手肘的位置'表达不够准确，且'遮肉显瘦'与参考答案的'显瘦'有偏差。整体评分6.5。
538,采用当下非常时髦的街头的流行元素，以及带有青春活力气质的复古嘻哈气息感，打造出一件别俱一格的两件套型风衣。时尚经典的风雨衣款式冲锋衣面料，结合着具有视觉冲击力的撞色条纹和拼接的设计，将充满活力的个性美瞬间迸发出来，袖口与腰间都设有精致的金属圆环细节以及可拆卸的字母假束腰带设计，让整体看上去更加大气利落，并且轻松营造出不简单的<UNK>风格。简洁的连帽版型又带来了更多的安全感，而门襟两侧更是装饰有俏皮的挂章，凸显年轻可爱一面。,从经典的冲锋衣风格为灵感来源，搭配近来大火的街头嘻哈风范，营造出叛逆而显潮感的风衣版型。胸口搭配拼接图片与字母logo，彰显个性品味之余，更添层次美感。连帽版型配合斜开腰带，舒适保暖贴合身躯。配合贴布袖子设计，于细节中把握时尚腔调。,类型#上衣*风格#街头*风格#嘻哈*图案#字母*图案#文字*衣样式#冲锋衣*衣样式#风衣*衣款式#拼接*衣款式#腰带*衣款式#连帽,6.5,准确性较好，覆盖了大部分关键词，如街头、嘻哈、拼接、连帽、腰带等，但未明确提及'字母'和'文字'，且出现<UNK>。生动性尚可，使用了'时髦'、'青春活力'、'视觉冲击力'等词汇，但句子较长，部分表述重复（如'不简单的'、'俏皮'与'嘻哈'风格稍显冲突）。自然度一般，存在语病如'别俱一格'应为'别具一格'，'嘻哈气息感'搭配不当，且整体略显机械。
539,将时尚的一字肩式样融入到设计中来，露出迷人的锁骨和天鹅颈，凸显女性的柔美姿态；后幅则加入可灵活调节的松紧带装饰，增添一份性感韵味；整体以格纹为灵感，呈现出错落有致的肌理感，尽显别致优雅的气质；精美的绣花遍布裙子，演绎女性专属的浪漫风情；腰部还辅以腰带进行勾勒，收腰的同时显摆出曲线之美；采用轻薄的透肤网纱做面料，形成内藏与外露的视觉反差，塑造出假两件的效果；网纱上还有着细碎的撞色走线，打破纯色调的单调格局，赋予飘逸的裙身一丝层次美感。,肩部网纱拼接，微透雪肤，婉约朦胧，刚刚好的性感情调。配上精致的刺绣图案，上身洋气又不显单调。拼接一字肩格纹裙设计，浪漫雅致的格纹图案，给人一种优雅娴静的知性感，肩部的翻折边设计，修饰肩线。撞色腰带收腰设计，吸睛同时，腰线也收的恰到好处，立体伞摆裙型，更显纤细腰身。,类型#裙*材质#网纱*风格#性感*图案#格子*图案#刺绣*图案#撞色*裙领型#一字领*裙款式#拼接*裙款式#腰带*裙款式#收腰,9.0,文案准确包含了所有关键词（裙、网纱、性感、格子、刺绣、撞色、一字领、拼接、腰带、收腰），语言生动描述了一字领、刺绣、腰带等细节，能激发购买欲，且通顺自然，无明显复读或机械感。仅在部分表述上稍显冗余，但整体质量高。
540,这款来自BRAND的半身裙，<UNK>为a字版形剪裁设计而成，辅以高腰与腰间装饰，尽显甜美大方与婀娜身姿；侧缝开叉和后部分割口袋设计时尚而又新趣；整体廓形修饰腿部线条的同时又不失时尚潮流气息；微喇袖口造型点缀精美手眼珠点缀其间，凸显出女性的气质优雅与灵动可爱之感，更显别致浪漫情调。搭配毛边处理设计，将休闲与时尚感提升至最佳境界，让每一款穿着都是随性慵懒，又显飘逸轻盈与性感迷人气息。,半身裙是采用a字型前面开叉的设计风格，不仅有个性时尚还能在走动间露出纤细的双腿，不失性感又潮流。裙底的毛边，显得随性慵懒又自在，高腰的裙身，把身材比例拉长。流畅干净的线条，和裙身两侧的大口袋，可以装点随身携带物品，方便实用又美观，自带休闲气质。,类型#裙*风格#休闲*风格#潮*风格#性感*图案#线条*裙型#a字*裙下摆#开叉*裙下摆#毛边*裙腰型#高腰*裙长#半身裙*裙款式#口袋,7.0,准确性方面，文案几乎覆盖了所有关键词，但未包含'线条'和'口袋'的准确描述，且出现了'<UNK>'和无关内容。生动性上，语言较有感染力，但部分描述（如'微喇袖口'）与商品无关。自然度欠佳，存在语句重复（如'时尚'多次出现）和机械感。
541,经典的黑色系衬衫，非常显瘦百搭。简约的白底色调十分吸睛亮眼，结合了经典时尚的翻肩设计，优雅大气又时尚。衬衣袖的设计比较特别，采用精致的蝴蝶<UNK>做装饰，点缀出活泼俏皮感。利落的尖领十分秀气迷人，可以展现女性脖颈美。下摆开叉处理，加上纽扣装饰，凸显出穿着细节精致的感觉。,白衬衫是大多商务男士的标配，那么相比之下。黑色的衬衫则显得更加出众醒目，尖领的裁剪，利落大方的同时却又不失干练气场。同色的纽扣，彰显简约的时尚美，修身的版型，让你健美的身躯完美呈现，上身不自觉释放出几分高冷的气息，更显得魅力无穷。,类型#上衣*版型#显瘦*颜色#黑色*风格#简约*衣样式#衬衫*衣领型#尖领*衣款式#纽扣,6.0,准确性方面，缺少了‘风格#简约’、‘衣款式#纽扣’（虽提及纽扣装饰，但未明确为同色纽扣且与商品关键词不完全匹配），并且出现了关键词外的‘白底色调’、‘蝴蝶结’等，与‘黑色’、‘简约’矛盾；生动性一般，有‘吸睛亮眼’等表述，但整体平淡；自然度欠佳，有‘<UNK>’占位符，且‘白底色调’与黑色冲突，显得不自然。
542,这款女士针织开衫选用质感厚实面料，手感细腻顺滑，富有弹性，穿着挺括有型舒适亲肤不扎身；简约利落的版型，配以雅致的纯色，百搭易搭配。小立领的设计衬托精致脸庞尽显优雅干练的气质，一粒扣开襟设计使得穿脱方便，前部一侧对称侧边的袋盖和下摆处的贴边设计提升了层次感，增加了整体的立体感。个性的袖口设计让整件外套更有别样风骨，撞色包边凸显个性。,这款针织外套采用了纯色的做工，穿着简约精致，针织的领口采用饿了简约的小立领领型，并在领口做了<UNK>处理。搭配简约的一粒扣门襟设计，穿着显得干净利落。后背采用了拼布工艺形成撞色的效果，丰富你的视觉感官。衣身还加入了对称的贴袋，兼具美观与实用性。,类型#上衣*材质#针织*颜色#纯色*风格#简约*图案#纯色*图案#撞色*衣样式#外套*衣领型#小立领*衣门襟#一粒扣*衣款式#对称,7.5,准确性较好，覆盖了大部分关键词，但缺少'图案#撞色'（仅有'撞色包边'）和'衣款式#对称'（未明确提及对称性，仅提到'对称侧边的袋盖'但表述模糊）；生动性中等，有描述质感、版型等，但部分表述较平淡；自然度较好，语句通顺无明显机械感，但存在少量冗余。
543,经典的牛仔裤版型，搭配上精致的剪裁与设计风格，上身的效果更舒适帅气。弹力的棉麻混纺面料结合微弹的质感具有很好的延展性，带来更为柔软舒适的亲肤享受，不会产生紧绷束缚的感觉，适合多种体型穿着。松紧腰部的设计方便穿脱且没有紧勒感，运动时也能轻松驾驭其中。侧面的虎头logo印花简洁明了，体现细节工艺上的精美，又凸显时尚动感的生活态度。,时尚易搭的儿童过膝牛仔裤，logo印花的图案装饰，打破版型的沉闷感，时尚更富有活力，打造小潮童造型。宽幅的松紧腰带，平整有弹性，舒适不勒皮肤，孩童穿着活动自如。优选棉麻的混纺面料，具有极佳的透气效果，穿着活动不会有潮湿闷热感，非常适合孩子爱运动的本质。,类型#裤*材质#牛仔布*材质#棉麻*材质#混纺*风格#运动*图案#印花*裤腰型#松紧腰,8.0,文案完整覆盖了所有关键词，语言生动有购买欲，但部分表述略冗余（如'微弹的质感具有很好的延展性'可更简洁），整体自然度较高。
544,带有女性柔美的条纹元素连衣裙，自带一种知性的干练气质，在炎热的夏日将女人温柔和内敛的一面展现出来，尽显迷人魅力。设计师采用经典的撞色圆polo领设计装饰，巧妙提升整体造型感，散发浓郁的女性味儿。前胸个性时尚的徽章装饰，带来强烈的层次美感。个性的印花装饰与拼接的五分袖结合打造出精致的优雅小众范,淡雅的条纹印花连衣裙，采用时尚的polo领，领子的撞色设计，可以更好的修饰柔美的颈部，彰显率性干练的气质。新颖独特的条纹印花，横竖条纹拼接使用，碰撞出别致的视觉效果，呈现出知性优雅的女性韵味。利落的五分袖设计，恰到好处的露出白皙的手臂，体现出温婉<UNK>的女性气息。,类型#裙*风格#知性*图案#条纹*图案#印花*图案#撞色*裙长#连衣裙*裙袖长#五分袖*裙领型#polo领*裙款式#拼接,6.0,准确性方面，遗漏了关键词'印花*撞色'（或撞色元素未明确）、'条纹'（未突出横竖条纹拼接），且'知性'风格表现不够充分；生动性一般，'女性柔美'和'干练气质'的对比略显刻意，缺少独特卖点；自然度尚可，但'女性味儿'、'小众范'等表述不够通顺，整体流畅度略逊于参考答案。
545,连衣裙是许多女性的心头好，既不用过多的时间去进行搭配，还时尚大气、温婉优雅、端庄干练于一身，深受女性的追捧与喜爱。此款连衣裙选用经典百搭的西装翻领设计，衬托出秀气的脸庞和颈部修长的线条感；修身高腰设计加上无袖剪裁上身效果极佳，让曼妙的曲线更为抢眼吸睛；同色花苞宽腰带，收腰有致，穿起来飘逸灵动，腰部两侧再加以不对称开叉装饰，个性前卫，展现女性独有的独特魅力，行走间若隐若现的大长腿，分分钟赚足回头率；胸前对称侧袋方便实用，又增添了一份小清新气质。,西装式的翻领领口，在最后设计成对称的样式，搭配单边开叉缺口的设计带来满满的个性与俏皮，轻松展现出干练却摩登的时尚气场。无袖的马甲款式露出了手臂的线条，在视觉上显得整个人更为利落帅气，散发出整洁清新的优雅气质。腰间加入了腰带进行收腰，所以不会看起来拖沓，突出了腰身曲线的设计更显女人味。长款过膝的长度可以修饰臀部和腿部的线条，上身更为显瘦。,类型#上衣*版型#显瘦*风格#清新*图案#线条*衣样式#马甲*衣样式#西装*衣领型#翻领*衣袖长#无袖*衣款式#腰带*衣款式#对称*衣款式#收腰,7.0,准确性上，文案包含了大多数关键词，但缺少了‘马甲’、‘西装’、‘线条’（图案线条）等，且‘对称’未明确与领口关联。生动性较好，但部分描述如‘赚足回头率’稍显刻意。自然度较高，但‘既…还…’句式略显机械。总体较好，但需更精确对应商品特征。
546,<UNK>家的这款连身短裤采用背带裤与裤子相互结合的方式设计而成，经典款式的牛仔布料搭配上酷感的牛仔面料，带来独特的摩登时尚感，更显个性魅力。而且连裤的款式，更添帅气休闲格调，而小肚兜的设计更是增添优雅端庄的气质。再加上背部撞色的蝴蝶扣收腰设计，勾勒出修长优美的身材曲线。搭配一款气质百搭的小黑裙，就能完美搞定整体造型。,强推一条带你切换不同风格的背带裙，第一眼就会爱上的必入单品！背带裙一直是大热经典的<UNK>宠爱单品哟，这款用的深牛仔配色设计，低调的同时非常百搭休闲。<UNK>设计可以调节肩带长度的版型设计，无论高矮都可以完美驾驭酷炫又有型。随便一双同色系小黑靴再撞色一下吸晴满满出街！,类型#裙*材质#牛仔布*风格#休闲*图案#撞色*裙型#背带裙*裙型#牛仔裙*裙型#小黑裙,5.0,准确性不足，缺少'背带裙'关键词且出现'连身短裤'误用；生动性一般，描述较平实；自然度较差，存在重复表达如'牛仔布料'和'牛仔面料'，且逻辑不一致。
547,这款真丝灯笼袖衬衫的正面采用全开扣设计，方便穿脱的同时还凸显个性。胸口的时尚贴布点缀，给整体增加了造型感还打破了纯色所带来的乏味和单调感。领口可调节的蝴蝶结系带增加设计亮点，增添甜美的气息让整个人看起来更加活泼可爱。下摆弧度流畅自然凸显女性的曲线美。短款的版型穿着轻松舒适没有束缚感特别适合日常穿搭，既不会显得腿细又显腿部修长、休闲又不失时髦格调。纯色的配色给人一种简约大方的亲切质感。,这件衬衫版型的上衣，简约的设计，显露穿着的大气感。蝴蝶结系带的领口设计，是整件服饰的焦点所在，显露出穿着的满满个性，与洋气的穿着。灯笼袖的设计，轻松遮挡了腰部的赘肉。纯色的色调，休闲时尚，还很百搭，让日常的生活中，展现出穿着的多变感。短款的上衣，无论是搭配裙子，还是裤子，都很百搭有个性。,类型#上衣*颜色#纯色*风格#简约*风格#休闲*图案#纯色*图案#蝴蝶结*衣样式#衬衫*衣长#短款*衣袖型#灯笼袖*衣门襟#系带,7.5,基本覆盖所有关键词，但蝴蝶结未明确提及；语言生动但存在逻辑瑕疵；整体自然流畅。扣分因为准确性略有遗漏和一处逻辑矛盾。
548,本款连衣裙两色可选，在时尚上更能够吸引人们的眼球，搭配<UNK>的底色设计更加大气百搭，并且衬托肤色的白皙细腻。小立领的设计更具美观性，并且很好的修饰了纤细小巧的脸庞，更显女性温柔的一面，打造出淑女的气质。高腰线设计能够巧妙的遮住腹部不足与多余的小赘肉，更显小蛮腰，尽显女性的完美身材，并且具有更好的保暖效果，凸显了设计师贴心的设计理念。下身百褶的图案，彰显出了甜美可爱的青春气息，并且减龄效果也很不错，增添了整体的设计感。,初次见到连衣裙就被它独特的立领所吸引，日字圆扣将领边的裁片系起，宛如颈间搭配的一条丝巾，尽显温婉柔美的淑女气质，再加上扣环明亮的金属光泽，带来青春灵动的时尚气息。立领温柔的围裹着脖颈，能够起到拉伸颈部曲线的视觉效果，展示出修长天鹅颈。,类型#裙*风格#淑女*风格#青春*裙长#连衣裙*裙领型#立领,7.0,文案包含了所有关键词（裙、淑女、青春、连衣裙、立领），准确性达标。语言较为生动，提到了修饰脸庞、显小蛮腰等卖点，但部分表述如“很好的修饰了”、“具有更好的保暖效果”略显平淡，缺少细腻的意象和感染力。自然度尚可，但存在<UNK>标记和“更显”、“能够”等机械用词，连贯性一般。综合给7分。
549,这一款BRAND品牌推出的<UNK><UNK>系列棒球服，设计师精选优质面料打造出利落短款的剪裁版式，配合经典的立领设计，可以起到拉高身形的视觉感，使得上身后更加挺拔与立体。胸口辅以个性的羽毛绣英文点缀，使整件棒球服充满童趣和活力，同时，螺纹收袖的样式搭配起单排扣的小巧点缀，又为服装营造出简洁而不刻板的感觉，凸显青春和朝气感。,棒球服在近几年来极其流行，螺纹立领的设计加上精致的单排扣点缀，让你无论是敞开还是闭合穿着都极其好看；在衣衣上加入了精美的绣花图案点缀，既增添了一份美感，又释放出女性的优雅魅力；而短款的设计干净利落，穿出女性的那份帅气时尚感。,类型#上衣*风格#青春*图案#刺绣*衣样式#棒球服*衣领型#立领*衣长#短款*衣门襟#单排扣*衣款式#螺纹,7.5,准确性较好，基本包含所有关键词但缺少'刺绣'，且'羽毛绣英文'不够精准；生动性不错，有细节描述，但'童趣和活力'与风格#青春略有偏差；自然度较高，无明显复读或机械感，但开头的'<UNK><UNK>'略显不自然。
550,想要彰显甜美浪漫的公主范？那么这款仙气飘飘的刺绣连衣裙一定是不错的选择哦！首先其选用经典耐看的polo裙翻领设计，不仅能巧妙的修饰出你优美的颈部线条感，又能散发出干练独立的个人气质呢！而别具一格的双层门襟设计，既能在不经意间诠释出你的优雅大气。同时其精美的重工包边装饰工艺又能勾勒出它与众不同的奢华质感。再加上恰到好处的腰部细带收腰设计，轻松穿出不失女性凹凸有致的身段曲线。配合上经典的百褶裙摆，还能绽放出你浓浓的复古风情又彰显<UNK>流行韵味哟！,这一款连衣裙看起来公主风十足，翻领的线条流畅，显得整个人很有气质，而领部上面的精致刺绣散发着甜美的气息，有着青春减龄的效果。收腰放摆的廓<UNK>裙摆看起来很蓬松，轻松藏肉。复古的提花面料带来优异的质感，更加分哦。,类型#裙*风格#复古*风格#青春*图案#复古*图案#线条*图案#刺绣*裙长#连衣裙*裙领型#翻领*裙款式#收腰,8.0,文案准确包含了所有关键词，如连衣裙、翻领、收腰、复古、青春、刺绣等，且表述生动，使用了'仙气飘飘'、'别具一格'等吸引人的词汇，能激发购买欲望。但部分句子稍显冗长，如'精美的重工包边装饰工艺又能勾勒出它与众不同的奢华质感'，略有机械感，自然度稍欠，因此综合评分8分。
551,这款连衣裙很有小香风的感觉，但是又没有正式的西服既视感呢？深v领设计，性感又魅惑；豹纹元素点缀，优雅的豹纹加上挺括面料设计，自带复古风情；裙摆侧边采用大开口方式设计，行走间彰显你的好身材。,本款连衣裙较适合成熟女性，深v领的设计，尽显撩人的性感魅力，喇叭扇形的衣袖设计，不显约束感。经典的豹纹花纹带来怀旧复古风尚，尽显摩登女郎范。下摆处开叉的设计，使走起路来裙裾飘飘，修长美腿若隐若现。,类型#裙*风格#复古*风格#性感*图案#豹纹*图案#复古*裙下摆#开叉*裙长#连衣裙*裙领型#v领,7.0,关键词覆盖较好，仅未提到'喇叭扇形衣袖'；语言较生动，但'小香风'与商品风格不完全匹配，可能引起误解；语句通顺，无明显机械感，但'优雅的豹纹加上挺括面料设计'稍显生硬。整体表现中上。
552,这款女士短裤采用弹性较好的氨纶和纯棉面料打造而成，贴身细腻且具有柔顺性能。而整体设计简洁大方，腰部处带有抽绳的束带设计，可根据需求调整大小，上身更加合体。撞色腰头设计提升裤身的层次感，红色的内里包边更是平添了一分活力气息，穿脱随意方便，带来满满的青春校园风，更具街头时尚气质。宽松的廓形剪裁上身更加舒适自在。,这款来自品牌太平鸟与可口可乐联合跨界合作的男装中短裤精选百分百的纯棉面料，轻薄舒适的质地贴身穿着更加干爽透气。整体采用宽松的版型，抽绳设计的松紧腰带轻便自在不束缚腰部，裤腿处加入<UNK>ola的撞色胶印，搭配大红色的基底色调，尽显街头风格的雅痞个性。,类型#裤*版型#宽松*材质#棉*颜色#红色*风格#街头*图案#撞色*裤长#短裤*裤款式#抽绳*裤腰型#松紧腰,5.5,准确性方面，待评测文案缺少关键词'红色'（仅提及红色内里包边，但红色主要作为基底色调），'图案'未提及，且关键词指定为'棉'，文案中为'氨纶和纯棉'，部分偏离。生动性一般，有描述但不够有感染力。自然度稍好，但错失关键词较多，整体不如参考答案准确。
553,面料舒适软硬适中的薄款平纹布；藏蓝底搭配细密白色碎花的装饰，尽显经典优雅魅力；简洁的小翻领版型设计，衬托宝贝乖巧的精气神儿；花边袖口点缀甜美气息;经典的单排扣装点大方优雅气质，让宝贝瞬间萌化视线；裙身采用松紧式的腰头造型，使穿着贴合自然毫无束缚感；裙摆前短后长的设计在行走间灵动可爱；内衬纯棉的面料结合弧形小v字造型，将脖颈肌肤及背部的线条修饰得更加柔美纤细，彰显甜美的优雅韵味；清新减龄小裙子整体剪裁精致利落，凸显宝贝端庄大方的气质。,精选优质的纯棉面料，让裙子穿着后更加亲肤舒适。精致的小翻领设计，有效修饰颈部优美线条，裙身铺陈小碎花图案，带来清新文雅的味道，在藏蓝色的色调映衬下，更显得别致优雅。单排扣的设计加上一边白色花边的装饰，让线条更加明朗，展现设计美感。,类型#裙*材质#棉*颜色#白色*颜色#藏蓝色*风格#清新*图案#碎花*图案#线条*裙下摆#花边*裙领型#翻领*裙衣门襟#单排扣,8.5,待评测文案准确覆盖所有关键词，语言生动且有吸引力，但自然度上因句式较复杂略逊于参考答案，整体表现优秀。
554,领口采用了系带领的设计，可以自行系成可爱的蝴蝶结造型尽显出小女人的俏皮感和娇气感，同时还可以自由散落下来修饰你的脖颈曲线更显温婉浪漫的风情，凸显出你楚楚动人的美态来。加上蓝白细条纹的装饰更是灵动飘逸，增添亮点让整体的裙身看起来更加的鲜明立体。搭配上大身的彩色圆点点缀又为其带来一些调皮可爱的气息让你更显小女人味。而连衣裙本身采用薄棉材质打造而成，手感柔软而且亲肤舒适。,布满圆点元素的连衣裙，尽显青春活力的感觉。经典的圆形领口，衬托孩子的颈部曲线，穿着起来也不会有束缚感。领口处还添加了条纹边，以及抢眼的蝴蝶结装饰，轻松打造甜美公主范儿。,类型#裙*图案#圆点*图案#条纹*图案#蝴蝶结*裙长#连衣裙,7.5,准确性方面，覆盖了圆点、条纹、蝴蝶结、连衣裙等关键词，但未明确提及裙长和圆形领口（虽提到领口系带但未强调圆领）。生动性较好，使用了‘俏皮感’‘温婉浪漫’等词汇，能激发购买欲。自然度尚可，但句子较长，略有堆砌感，部分表述如‘小女人味’重复出现，略显机械。整体质量较高，但可优化精简。
555,这款长款连衣裙，内里采用细腻温柔的雪纺面料制作而成，穿着舒适顺滑；外层搭配波点网纱面料打造，使得整体看起来轻盈飘逸又仙气十足；独特的深v领剪裁，能够让你展现迷人锁骨与肩部线条的同时又凸显出性感妩媚的女人味；a字版型的衣身设计，能起到修饰身材的作用。,很有女人味的一款两件套连衣裙，若隐若现的网纱搭配顺滑的雪纺，袖口那一部分将手臂的肉肉都藏起来，增添了波点元素，上身满满的可爱气息。吊带裙是深v的设计，带着点<UNK>的小性感，a字裙摆才将利落，能很好的修饰身材线条。,类型#裙*材质#网纱*材质#雪纺*风格#性感*图案#波点*图案#线条*裙型#a字*裙长#连衣裙*裙领型#v领,8.5,文案包含了所有关键词，准确性高。语言生动，如“轻盈飘逸又仙气十足”、“展现迷人锁骨与肩部线条”，能激发购买欲望。自然度良好，无明显重复或机械感，但少许表述可更流畅（如“内里采用细腻温柔的雪纺面料制作而成”）。整体优秀，接近参考答案，但参考答案在细节（如袖口遮肉、吊带裙）上更丰富。
556,一款假两件的套裙，上面是卫衣的轮廓廓形搭配一条纯棉纱线的喇叭袖连衣裙。上面有一圈黑色的线迹，像是一个装饰的效果。内里的姜黄色很显气质，白色的设计也是很大气耐看，整体的设计都是采用宽松的大廓形的版型来展示，这样的撞色的元素搭配更显青春活力感，很适合外出度假的时候穿着。这样的一款假两件套很有层次，也非常的抢镜吸睛。,卫衣加连衣裙的两件套设计，上衣是黑色和姜黄色的卫衣，搭配白色的裙摆，层次感十分丰富，而且很有撞色的时髦感。宽松的卫衣廓形剪裁，oversize造型，轻松打造出娇小<UNK>的气质。裙摆的斜切设计，长短不一的错落感，非常有设计感，灵动飘逸的同时，很有优雅魅力。,类型#上衣*版型#宽松*颜色#白色*颜色#黑色*颜色#姜黄色*图案#撞色*衣样式#卫衣,7.0,准确性方面，文案提到了假两件、卫衣廓形、姜黄色、白色、宽松、撞色等关键词，但未明确提及黑色和裙摆斜切设计，部分丢失；生动性较好，使用了'很显气质'、'青春活力'等词，但缺乏参考答案中的细节魅力；自然度一般，存在'轮廓廓形'重复和'这样的一款'稍显冗余。整体较好但细节和流畅度略有不足。
557,这款BRAND的卫衣款式设计非常经典，采用天然舒适的纯棉混纺面料织造而成，同时搭配多种先进的加工技术手段制成，保证着装者的穿着体验以及良好的上身效果。此外，设计师将时下最火热的“几何”作为修饰装饰主题色调，在时尚休闲的感觉中融入了现代<UNK>的设计理念，使其从众多的基础款卫衣中脱颖而出。,休闲的卫衣是宝贝们最喜爱的时尚单品啦！棉混纺面料柔软舒适，保暖效果特别好，微收的袖口和下摆设计也可以为宝贝抵挡风寒呢！夸张的几何图案设计跟萌萌哒的<UNK>有一拼哦！,类型#上衣*材质#棉*材质#混纺*风格#休闲*图案#几何*衣样式#卫衣,6.5,1. 准确性：基本包含所有关键词（上衣、棉、混纺、休闲、几何、卫衣），但缺少“风格#休闲”的明确体现，且“纯棉混纺”与“棉混纺”有细微差异。2. 生动性：语言较正式，缺乏活力，如“保证着装者的穿着体验”较平淡，不如参考文案“最喜爱的时尚单品”有感染力。3. 自然度：通顺但略有机械感，如“多种先进的加工技术手段制成”略显冗余。整体尚可但缺乏吸引力和亲切感。
558,这款来自BRAND的男士连帽卫衣，采用了高级的黑灰色作为主色调，沉稳的色泽散发出酷酷的时尚感，同时又十分的百搭。而经典的连帽和袋鼠兜设计不仅让休闲随意感十足，而且十分实用贴心。最为值得一提的是这件卫衣背后的贴布拼布图案，与简单的纯黑或简约的白条相比，更显个性，彰显品牌魅力。采用优质的毛圈针织制成，柔软亲肤又不易变形。,带有帅气酷炫的风格的针织卫衣，既能展现你潇洒休闲的风格，又能衬托出别具一格的魅力。经典的黑色色调，带来不可多得的神秘气息，展现深沉内敛的性格，简约的连帽设计，衬托轻松随性的风格，带来慵懒的气质，个性的袖子拼接，凸显另类独特的魅力。,类型#上衣*材质#针织*颜色#黑色*风格#简约*风格#休闲*衣样式#卫衣*衣款式#拼接*衣款式#连帽,6.5,文案基本通顺生动，但准确性有欠缺：未提及'拼接'（袖子拼接），且将黑色误写为黑灰色，同时加入了不在关键词中的细节（如品牌、袋鼠兜、毛圈针织），导致不够精准。
559,别致的设计给这件裙子提升了整体的时髦度哦！肩颈部的v字大开领剪裁让迷人的锁骨和天鹅颈尽显出来展现优雅的一面！而性感的v领设计结合领口的流苏元素又能够带来一种贵气的味道，加上宽松的版型，既修饰脸型的效果也非常的修身！非常赞。而<UNK>金丝的面料也是整件裙子的点睛之笔啦，为整体增添了一抹亮眼的色彩更带出一丝低调的高雅感来，穿上它满满的都是贵族复古风情，让你在人群里倍受瞩目。,宽松的款式设计有效遮住小赘肉，舒适显瘦。靓丽的提花图案点缀于裙身，展现出一股复古优雅情怀。v领的设计不仅可以选择显露出性感脖颈，亦可以选择轻松搭配一件内衬，实用又时尚。后领装饰了品牌logo，让裙子更显高贵品质。,类型#裙*版型#宽松*版型#显瘦*风格#复古*风格#高贵*风格#性感*图案#复古*裙领型#v领,7.0,文案包含大部分关键词（服型宽松、显瘦、复古、高贵、性感、v领），但缺少“图案#复古”和“裙领型#v领”的精确对应（v领有但未提领型）。语言生动有感染力，使用“别致设计”、“v字大开领”、“贵族复古风情”等词提升购买欲，但“<UNK>金丝面料”出现未知标记，且“这款裙子”开头稍显不自然。整体通顺，但部分语句较长，略有冗余。
560,一款优雅气质连衣裙，版型简洁利落，上身修饰曼妙身姿曲线；立体v领设计，优雅时尚，恰到好处的露着锁骨和迷人天鹅颈；系带设计，可任意自由调节松紧度，不挑身材，轻松驾驭；后背的系带与前襟呼应，丰富视觉层次感！胸前精致的菱形印花点缀，打破单调感，很有高级质感，穿起来很显气质，日常上班、约会都能轻松hold住，分分钟变身女神范，让这款裙子更显女人味。不管是单穿内搭都很好看！,将衬衫与裙装结合，优雅之余不乏柔美气息，是通勤的不错选择。这款裙子采取了唯美印花，活力时装的菱形图案，优雅中透露着一种浪漫气息。配上贝壳扣单排门襟，简洁利落，流转出的五彩光泽为整衣装点精致感。腰部系带勾勒出纤细腰姿，使身姿更显窈窕玉立。,类型#上衣*风格#通勤*图案#菱形*图案#印花*衣样式#衬衫*衣门襟#系带,0.0,待评测文案为连衣裙文案，但参考文案描述的是衬衫式上衣与裙装结合的单品，且AI文案中出现的V领、后背系带、单穿内搭等描述与参考文案的衬衫特征不符，完全偏离商品关键词中的'衣样式#衬衫'和'衣门襟#系带'所指的具体设计，严重不准确。
561,这款<UNK>蓝的格纹色系的衬衫，与火辣的红色相撞，形成强烈的<UNK>对比视觉效果，既具有小清新的时尚品味，又富有欧美前卫风格气场；采用七分袖的版型设计，凸显女性的修长和纤瘦双臂，让你气质一秒飙升；结合v字领口的设计，将女性性感的锁骨凸显出来，展现女性优雅迷人的风采；下摆圆弧的剪裁设计，带来视觉上的顺滑感，显得更为简洁利落。,精选优质面料，打造轻薄凉爽的衬衫，上身更显欧美气质。采用经典的红色格子，不仅显甜美风格，还十分衬托白皙的肤色。七分袖长刚刚好，露出纤细的手腕，在荷叶花边袖口里，更加显小清新。v领的设计很好的修饰了颈部曲线，还能隐约看见性感的锁骨。,类型#上衣*颜色#红色*风格#欧美*风格#清新*风格#性感*图案#格子*衣样式#衬衫*衣领型#v领*衣袖长#七分袖,5.5,准确性略差，漏掉红色格子、荷叶边袖口等要素，且出现<UNK>未知符号；生动性一般，虽有对比和大词但缺乏参考文案的亲和力；自然度不足，句子较长，有机械感。
562,蕾丝是女人衣橱里必备的单品，这款两件套的搭配就是用一件罩衫来包裹住里面的连衣裙，外层<UNK>白色和黑色两种色调的花边来打造不同的质感，让整体更加个性感。加上镂空的吊带外衣更有一股浪漫的气息，让你在夏日绽放出不一样的魅力。而且里面的一条裙子采用立体的a字型剪裁设计，让身形更为修长，裙身上点缀着精致的小花朵，时尚的镶钻和珍珠，上身更显甜美少女风情。,每一个心中有公主梦的小仙女，都期待有一条属于自己的蕾丝裙，细腻的触感，凹凸有致的镂空花朵，恰到好处的凸显出女性的甜美优雅感。内里是加了白色的内衬，丝毫不用担心走光的危险。镶钻珍珠花边丰富了层次感，立体的a字型裙摆，更是摇曳动人。,类型#裙*材质#蕾丝*颜色#白色*图案#蕾丝*裙型#a字*裙下摆#花边*裙款式#镶钻*裙款式#勾花镂空,6.5,准确性：部分关键词缺失，如‘白色’、‘花边’、‘勾花镂空’，且包含未出现的‘黑色’；生动性：语言较平实，缺乏参考文案的细腻情感，购买欲望一般；自然度：通顺但有‘<UNK>’占位符和‘更加个性感’等别扭表述，整体自然度中等。
563,一款低调但不失设计亮点的白衬衫，设计师以黑白色的经典搭配，展现与众不同的魅力。单穿的纯白色加上侧边半开的门襟结合黑色的珍珠扣点缀，带来雅致的文艺格调。前短后长的下摆结合小包边的细节，凸显出层次美感又带来几分灵气，而领口和袖口的裸色撞色的贴布装饰则是提升设计，让这款简洁的时尚更具创意感，是日常穿搭不可错过的单品推荐。,波浪形开合边缘，成为衬衫一大亮点，古典文艺创意感满分；配有黑色纽扣，与裸色衬衫撞色搭配，塑造强烈的视觉冲击力；<UNK>袖口配有纽扣，可随意转换不同造型。,类型#上衣*颜色#黑色*颜色#裸色*风格#文艺*图案#创意*图案#撞色*衣样式#衬衫*衣款式#纽扣,6.5,准确性上，关键词覆盖了上衣、黑色（通过纽扣和撞色体现）、裸色、文艺、创意、撞色、衬衫、纽扣，但遗漏了“波浪形开合边缘”和“袖口纽扣可转换造型”等典型特征；且原文为黑色或裸色，但AI文案却描述为“白衬衫”，属于明显错误。生动性较好，语言有感染力，能激发购买欲。自然度较高，语句通顺，但存在轻微机械拼接感。
564,藏青色的色调，深沉低调又吸睛。裙面采用细密的纹路修饰而成，与黑色的内搭形成鲜明对比，更加显瘦显气质。简洁的圆领设计，拉长颈部线条，凸显精神的面容。领圈和开襟都采用了珍珠作为点缀，质感精致细腻又闪亮。立体的花朵图案在袖口处绽放出一朵美丽的花瓣，加上精美的刺绣，更显得甜美文艺的气息。微微的紧实的收腰造型搭配上宽大的衣身褶皱，带来满满的随性慵懒气息。选用舒适的羊毛面料，柔软细腻，上身亲肤感十足，保暖透气性好。,简单经典的小圆领修饰脖颈线条，宽松版型裁剪，上身有余量，穿着轻松自在。高腰剪裁，<UNK>往里收，自然的收腰效果衬托出身体线条的纤细。腰间褶皱形成大大的裙摆，随着步伐飘逸而动感。气质显瘦的黑色调，羊毛材质，表面立体感的绣花更添文艺气息。,类型#裙*版型#宽松*版型#显瘦*材质#羊毛*颜色#黑色*风格#文艺*图案#线条*图案#刺绣*裙型#大裙摆*裙腰型#高腰*裙领型#圆领*裙款式#抽褶*裙款式#收腰,6.0,准确性：未包含所有关键词，如版型#宽松、显瘦、线条、刺绣、大裙摆、高腰、圆领（虽提到圆领但未强调）；误增了藏青色、珍珠、花朵图案等无关元素。生动性：语言有一定画面感，但部分描述与关键词不符，如‘紧实的收腰’与‘宽松’矛盾，‘宽大衣身’与‘裙’不符。自然度：较通顺，但存在机械感，如‘立体的花朵图案在袖口处绽放出一朵美丽的花瓣’不够简练。
565,舒适的纯棉布面料的圆领罩衫采用浅蓝底色及小雏菊元素点缀，显得特别有气质、干净且充满活力洋溢的感觉，穿着也舒适亲肤透气。精致的弧线形荷叶边袖口拼接，不仅使得手臂活动自如且无束缚感还增添几分柔美气息；面料自然悬垂而下，穿长在身不仅视觉上修饰了身材比例尽显优雅曼妙身姿而且彰显随性洒脱的青春风范，十分美观大气。同时选用环保活性印染工艺，色彩更加鲜明丰富不易褪色。,柔软环保的纯棉面料织造，亲肤透气，素雅恬淡的浅蓝色，饰以精致的花型图案装饰，带来青春甜美的少女气息。经典圆领，简洁的袖型，修饰手臂，更显纤细。荷叶边拼接腰身，丰富层次，流畅的版型轮廓，浪漫垂坠的裙摆，尽显飘逸灵动韵味。,类型#裙*材质#棉*颜色#浅蓝色*风格#青春*图案#环保*裙下摆#荷叶边*裙下摆#垂坠*裙领型#圆领*裙款式#拼接,7.0,待评测文案基本覆盖关键词，但缺少'垂坠'和'拼接'（未明确提及裙摆荷叶边，只提到袖口荷叶边）以及'圆领'（仅提圆领罩衫，但未强调领型），此外'环保'工艺部分合理。语言较为生动，有购买欲望，但存在'穿长在身'等语句不通顺，整体自然度一般。
566,来自BRAND的这款<UNK>设计采用纯色调打造，经典中不失个性。其领口采用假领子的元素装饰领周，带有宫廷风格的优雅气息。胸前缀以精致的袋鼠兜点缀，具有实用性与美观性兼备的特点。宽松的版形加上落肩衣摆的设计，搭配微微蓬起的灯笼袖造型，让整体透露出浓郁的复古感，而前短后长的下摆设计又为整体注入一丝休闲轻松的味道。在颜色上采用灰黑撞色的方式呈现，极具摩登调性。作为春游时节的选择无疑十分合适了。,衣身选有质感的卫衣面料，自带休闲气息，但挺廓而有型。宽松的设计，慵懒不随意，配合落肩灯笼袖的设计，富有复古的宫廷优雅气息。,类型#上衣*版型#宽松*风格#复古*风格#宫廷*风格#休闲*图案#复古*衣样式#卫衣*衣袖型#落肩袖*衣袖型#灯笼袖,7.0,准确性方面，文案包含了大部分关键词（宽松、复古、宫廷、卫衣、落肩袖、灯笼袖），但缺少‘休闲’和‘图案’；‘版型’和‘风格’虽未直接提及但通过描述可推断。生动性较好，使用了‘经典中不失个性’‘浓郁的复古感’等吸引性语言，能激发购买欲。自然度较高，通顺无机械感，但‘<UNK>’处疑似占位符影响评分。综合扣分项为缺失关键词和占位符，评分7分。
567,"这一款衬衣牛仔领口的设计透着精致与个性,穿着时让脸庞看起来精致玲珑。微喇的小设计可以巧妙的隐藏拜拜肉。宽松的舒适穿搭不拘约束，没有束缚感；加上精致长款的造型，高挑迷人自然有范儿。",万物复苏的季节，穿上一款宽松版型的衬衫出门游玩吧。兔耳朵领子的造型，彰显了品牌的质感，同时显得洋气十足。搭配经典的牛仔蓝底色，可谓是充满了魅力。加上胸前的小口袋设计，让人感受到品牌对细节的执着。,类型#上衣*版型#宽松*材质#牛仔布*衣样式#衬衫,6.0,准确性：缺少'版型#宽松'和'材质#牛仔布'关键词，'牛仔领口'与'牛仔布'有差异；生动性：部分描述如'精致玲珑'有吸引力，但整体购买欲望一般；自然度：基本通顺，但'透着精致与个性，穿着时让脸庞看起来精致玲珑'略有重复感。
568,此款来自massimodutti的一款羊绒拼接横条纹针织衫，采用优质柔软的100%羊绒作为主要面料打造；简约的假两件式设计，袖口和下摆处分别采用了条纹和撞色进行缀饰拼接，为整体增添了几分立体感与时髦度！前短后长的衣身打造出一字肩的造型效果，凸显女性的优雅气质。,这款羊绒针织衫，整体都采用了撞色条纹，在夏天显得十分出挑。羊毛的材质温暖舒适，十分亲肤，不易变形十分耐穿。百搭舒适版型，拒绝臃肿，一件就能搞定整个冬天。经典的一字领设计，领口采用了撞色的拼接，让整款毛衣看上去十分简约大方，是夏天必备的一款毛衣，展现高档品质。,类型#上衣*材质#羊毛*材质#羊绒*风格#简约*图案#条纹*图案#撞色*衣样式#针织衫*衣样式#毛衣*衣领型#一字领*衣款式#拼接,6.5,准确性：未包含所有关键词，如'羊毛'、'一字领'、'简约'（描述为假两件式，实际是拼接，但未突出简约风格），且'一字领'被误写为'一字肩'，'假两件'与'拼接'冲突。生动性：语言有一定吸引力，如'立体感'、'时髦度'等，但部分描述（如'前短后长'）与一字领不符，且未突出夏季适用性，购买欲望一般。自然度：整体通顺，但'采用优质柔软的100%羊绒作为主要面料打造'稍显冗长，部分表述机械。
569,一条简单大方的休闲裤是每个男人衣橱中必入的单品之一，这款裤子选用舒适透气的锦氨面料打造而成，搭配弹力的橡筋腰头和抽绳设计方便调节穿着更合适。而罗纹收紧的裤脚则能很好的贴合脚踝从而在视觉上调整腿部线条，两侧的对称口袋配上翻盖式和隐形的装饰元素，尽显工装风的同时又具备防风保暖的作用。此外，隐形金属拉链让裤子不落窠臼的设计感直线上升。微微宽松的锥形版型轻松展现长腿比例。,弹力的橡筋腰头，以同色系的抽绳装饰，能够自由灵活的调节。裤脚采用了螺纹的收紧，与宽松的裤型结合起来，能够更好的修饰出腿部的线条。裤子的两侧搭配了对称的大口袋装饰，腰部还有拉链的口袋，彰显出浓郁的工装气息。,类型#裤*版型#宽松*风格#工装*图案#线条*裤款式#口袋*裤款式#螺纹*裤款式#拉链*裤款式#抽绳*裤款式#松紧带,7.5,文案覆盖了所有关键词，准确性高；语言较为生动，通过“简单大方”、“必备单品”、“舒适透气”等表达增强了购买欲望；自然度较好，但在句末“不落窠臼的设计感直线上升”略显夸张，整体通顺。但参考答案更精炼准确，AI文案在工装气息的强调上稍弱。
570,这是一款修身的运动裤，可以让你轻松穿出属于自己的个性时尚气息。裤子的颜色款式是低调沉稳的军旅蓝，能够轻松搭配任何风格的服饰展现出自身的时髦感。简约的腰部设计，利落的收腰剪裁勾勒出了你的腰线，凸显出你完美的身材曲线更加吸睛迷人。而腰带上的金属扣装饰则是增加了整体的时髦品味，呈现出一种酷帅潇洒的男士魅力。裤身是修身的版型剪裁，让臀部和大腿的肌肉显得结实紧致，拉长了美妙的腿部线条比例，从而穿出帅气又高挑的好身材。精湛的车缝走线与流畅的下摆剪裁，更体现出品牌的考究工艺水准。,整体线条简洁流畅，静静地诠释着简约主义的魅力。利落的翻领，简洁的纽扣门襟，上身就是很利索又潇洒的感觉。落肩袖的设计，柔化了肩部线条，也将优雅和慵懒表现的恰到好处。搭配裤子，显瘦的版型，流畅的剪裁线条，上身正好是修身不紧绷的尺度，显瘦惬意，恰到好处的裤长，优雅利落，时髦都市腔调，大爱。,类型#裤*版型#显瘦*风格#简约*图案#线条*裤款式#纽扣,5.0,文案未包含关键词中的'翻领'、'纽扣'、'落肩袖'、'线条'等元素，且描述为运动裤而非简约风格的西裤或休闲裤，关键信息偏离。语言较为生动，但整体与参考答案要求的风格不符。
571,该款外套采用经典的直筒风衫廓形设计，彰显出率性的韵味魅力。<UNK>丝的图案装饰衣身，使你在人群中格外显眼且不失个性。胸前有可爱的图案<UNK>贴袋设计，既丰富了层次又实用美观还别具趣味的设计感。面料舒适亲肤，是日常穿着和户外穿着的最佳选择。是春季和夏季最佳选择的上衣款式。可搭配短裤、薄款纱衣等宽松时尚单品，打造都市丽人休闲造型。精选纯天然全棉材质。,在日常的休闲当中，一款棉质的外套可是少不了的~它以简洁的样式出现，穿搭起来更显百搭和气质的感觉。而且比较宽松的版型，对于身材一点也不挑，加上熟练的缝纫车工平整走线，更是能展现出整款的品质和衣型。再配上那棉质的面料，使得它在春日中穿搭，更显舒适的感觉。,类型#上衣*版型#宽松*材质#棉*风格#休闲*衣样式#外套,6.0,准确性：缺少'棉质'，但提到了'纯天然全棉'，可视为涵盖；'宽松'未明确提及，但'直筒'可关联；总体基本包含。生动性：有描述但较生硬，如'彰显出率性的韵味魅力'，缺乏亲和力；'使你在人群中格外显眼'略显夸张，购买欲望一般。自然度：存在'<UNK>'表示未知词，明显不自然；句子偶有重复或不通顺，如'是春季和夏季最佳选择的上衣款式'与后文搭配建议衔接略生硬。综合给6分。
572,这件西装做了<UNK><UNK>的深灰色调，很适合职场穿着；别致的翻领和翻折双口袋设计，丰富了整体的层次感；采用了优质的苎麻<UNK>面料制成，透气性和悬垂性都很好，同时具有清凉舒适的视觉效果；版型为小落肩款式，很好的修饰颈部和手臂线条，整体看起来很洋气且不会挑人。长袖的设计是春夏季必不可少的时髦单品。,柔软不失挺括的亚麻面料舒适有质感，展现优雅不做作的自然美。帅气的西装翻领设计，展露出女性柔美的颈部线条，塑造优美天鹅颈。胸前和胯骨的大翻盖口袋装饰，给人耳目一新的感觉，彰显都市女性的干练职场范儿。而慵懒的落肩长袖，又不会使整体过于正式，为你送上丝丝温暖。,类型#上衣*材质#亚麻*风格#职场*图案#线条*衣样式#西装*衣领型#翻领*衣袖长#长袖*衣袖型#落肩袖*衣款式#口袋,6.5,"待评测文案未包含所有关键词：缺少""线条""、""亚麻""（使用""苎麻""不准确）和""口袋""（仅提到""双口袋""但未明确""大翻盖口袋""）。语言较为生动，如""清凉舒适""""洋气""等，但""<UNK>""符号影响流畅度，且""春夏季必不可少的时髦单品""略显刻意。综合评分6.5分。"
573,连衣裙在腰部位置采用了3d的刺绣设计，精美的花朵贴布绣装饰在腰部位置，带来立体的效果的同时又显得层次感十足~连衣裙在上身的两侧袖子出还用了花边的蕾丝面料与<UNK>褶的荷叶边结合立体裁剪设计而成，衬托出手臂修长纤美的曲线，尽显女性温柔典雅的气息，又多了几分宫廷风的气韵。搭配上优雅的小v领设计则更加的显女人味了，轻松穿出纤细迷人的身材曲线，显瘦又时髦。,连衣裙延续了一贯的版型，修身的立体剪裁上身之后可以提高腰线更显身材。拼接的睫毛蕾丝设计在视觉上很吸睛，凸显出个性不羁的感觉不会太过沉闷。领口很有宫廷气质的花边再加上深v设计看起来很精致，荷叶边的喇叭袖子上身之后有微微的透视感不会太过沉闷。裙身的提花图案不会太过花哨，很有少女气质。刚刚好盖过屁股的长度也不压个子，很适合大多数人穿着。,类型#裙*版型#显瘦*版型#立体剪裁*材质#蕾丝*风格#宫廷*图案#蕾丝*裙下摆#荷叶边*裙下摆#花边*裙长#连衣裙*裙领型#v领*裙款式#拼接,6.5,待评测文案未能覆盖所有关键词（如拼接、提花图案、长度描述），且部分表述不够自然，但生动性较好，因此给予6.5分。
574,蛋糕裙是每个小仙女的梦，层层叠加的视觉美感，带来公主裙的造型。采用顺滑舒适的天鹅绒面料，柔软舒适亲肤，富有光泽自然垂感好展现女性优雅气质的感觉；在配色上选用黑色作为底色，具有一种低调的奢华和沉稳大气之美，配以层层递增的上身层次，打造出高雅脱俗的名媛气息。腰部松紧设计可自由调节，穿起来更为得体有版，展现出少女精致时尚的一面。清新俏皮。更显高贵优雅气质。层层叠叠的设计让你仿佛置身于优雅梦幻的童话世界，衬托高贵的小仙女。,繁复而美好的层叠设计让这款蛋糕裙有着清新而温婉的少女气息。浅粉的配色是永不过时的少女梦想，甜蜜而唯美。黑色的配色则有着高贵低调的韵味，是贵族小姐的冷艳美感。飘逸的下摆柔美缱绻，温柔动人。,类型#裙*颜色#黑色*风格#高贵*风格#清新*裙型#蛋糕*裙下摆#层叠,7.5,文案覆盖了所有关键词（黑色、高贵、清新、蛋糕裙、层叠），语言生动且有购买欲。但存在复读和语病，如“清新俏皮”与上下文衔接突兀，“展现女性优雅气质的感觉”冗余，“层层叠叠的视觉美感”“层层递增的上身层次”重复。整体不够自然流畅。
575,非常具有大牌风范的一条修身喇叭裤，纯羊毛面料质地精良舒适，表面布满弹力网眼<UNK>效果，更加挺括有范儿。高腰设计十分显高又显瘦，脚部侧边设有黑色细绳点缀增添趣味性。,羊毛呢面料质地挺括垂感极佳，纯黑色极简百搭，微喇叭设计极好的修饰腿型很显小腿纤细，裤脚珍珠点缀女人味儿十足，非常适合春秋季节穿搭。高腰版型极好的在视觉上延伸腿部比例，显高又显瘦~,类型#裤*版型#显瘦*材质#羊毛*颜色#黑色*裤腰型#高腰*裤口#微喇裤,5.5,准确性不足，缺少'微喇裤'关键词，且多出'弹力网眼'等未提及信息；生动性一般，虽有'大牌风范'但整体描述不如参考答案细腻；自然度尚可，但'<UNK>'符号表明文本处理问题，降低了流畅度。
576,一款非常显气质的连衣裙，别具匠心的宽大v领设计，优雅女人味中不失时尚感；而浪漫十足的褶皱荷叶边装饰裙身，不仅打破了整体的沉闷性，还平添了一股浓浓的灵动与飘逸气息，配合着甜美蝴蝶结飘带的点睛演绎，让你在举手投足间都诠释出浪漫的风情韵味。结合上高腰的设计，在视觉上优化了身材比列，完美包容各种体型又不失精致度。,不论是约会还是聚餐，你都需要一件漂亮的连衣裙加持。本款采用的是v领的裁剪，搭配飘带的设计，随意系成一个蝴蝶结，甜美度up。立体的褶皱荷叶边装饰裙身，带出柔美温婉的女性魅力。高腰线的设计，修饰出完美的身材曲线。,类型#裙*图案#蝴蝶结*裙下摆#荷叶边*裙腰型#高腰*裙长#连衣裙*裙领型#v领*裙款式#抽褶*裙款式#飘带,9.0,文案准确包含了所有关键词，语言生动有画面感，能激发购买欲望，且通顺自然，无明显机械感。
577,这款复古中透着甜美可爱气息的连衣裙。版型采用了合身的廓形设计，不仅穿着舒适，还可以完美展现女性的曼妙身姿线条，十分讨人喜欢。淡雅低调的橄榄绿色与暖色调的大面积渲染，营造丰富的视觉层次效果，彰显女性个性张扬又复古韵味的一面。腰部处的打褶收腰设计十分吸睛，加上衣袖处的捏褶设计也是恰到好处，更显浪漫减龄。袖口的黄色英文字母元素更是提升了整体服装的细节设计感，为简约大方的设计注入一丝青春活力。衬衣裙在夏季里十分百搭实穿，无论是搭配裙装还是白t，都会展现出不俗的时髦气质，十分时尚美观。,这是一款简约复古的衬衫，细节处做了精致珍珠扣装饰，提升整体质感十足。收腰处的设计，正好凸显腰身。选用黄色设计，衬托你白皙的肌肤，让你轻松驾驭。,类型#上衣*颜色#黄色*风格#复古*风格#简约*图案#复古*衣样式#衬衫*衣款式#收腰,5.0,准确性不足：遗漏了多个关键词，如'上衣'、'黄色'（实际描述为橄榄绿色）、'简约'（描述为浪漫减龄）、'复古'（仅部分提及）、'衬衫'（描述为连衣裙及衬衣裙）。生动性一般：语言较丰富，但存在描述不一致（如橄榄绿与黄色）和冗余。自然度较差：将衬衫描述为连衣裙，前后矛盾，且多处机械堆砌词语。
578,"这件卫衣是采用的丝绒的混织的面料,细腻的手感，穿上感觉柔软不扎身，很有品质哦下摆做成了收紧的处理会显得更加的时髦个性,松紧的位置做了绑带的处理,起到装饰作用的同时又能在穿的时候收起腰部多余的肉肉,将好身材完美的呈现在众人面前。带有复古的味道哦~很时髦啊!!",一款正反两穿交叉绑带卫衣，非常时髦小众的一款设计，很容易让你成为人群的焦点。正反两穿的设计，可以变换不同的风格，更显新颖而又别致。交叉绑带的设计，透着几分复古的气息，同时起到了一定收腰的作用。丝绒面料的选择，带着别致的光泽感，时髦感万分。,类型#上衣*材质#丝绒*风格#复古*图案#复古*衣样式#卫衣*衣款式#绑带*衣款式#收腰,6.3,准确性较高，覆盖了除'复古图案'和'衣样式#卫衣'外的所有关键词，但缺少对'正反两穿'和'时髦小众'的描述；生动性一般，语言较为口语化，但缺乏亮点和购买欲望的强烈刺激；自然度方面，部分句子结构不够流畅，如'很有品质哦下摆'等，存在少量口语化重复。整体评分6.3分，建议优化文案的结构和吸引力。
579,这件女童两件套马甲采用上下不同材质的面料，让宝宝穿出不同的感觉；简约的版型设计，加上帅气的宽松下摆剪裁，不仅很好的衬托宝贝时尚的气质美，更增添一丝随性飘逸感；精致的竖条纹点缀于衣身之上，充满动感与活力，搭配袖口、后背的撞色刺绣图案更是独具亮点。无袖的设计更显简单大方，舒适又清爽。,雅致的竖条纹被剪裁成帅气的马甲形式，利落的无袖赋予圆润的弧度，精湛平滑的车缝线展现着细节的魅力，宽松舒适让手臂活动自如不会产生拘束感。前襟在绣花印章的点缀下，增添了一份软萌的风范，配搭上简约撞色的小口袋，色彩的而对比更显俏皮而不单调。,类型#上衣*版型#宽松*风格#简约*图案#条纹*图案#刺绣*图案#撞色*衣样式#马甲*衣袖长#无袖,6.0,准确性不足（未涵盖部分关键词如刺绣、撞色、无袖具体体现弱，且遗漏马甲、圆润弧度等），生动性中等（有一定画面感但不如参考答案细腻），自然度一般（‘上下不同材质’与关键词无关，‘无袖设计更显简单大方’略显机械）。
580,气质十足的长款内搭衣摆，轻轻松松打造<UNK>优雅的女神气场。时尚的印花风格搭配精致的金银提花设计，带来浓浓的中式旗袍情怀。精致的半透视面料搭配同布的面料袖子与下摆，让整体呈现出精美的视觉美感。精致的肩线处理，搭配性感的吊带穿出满满的宫廷情怀。,以未来的视角，<UNK>丝绸之路，从<UNK><UNK>出发，寻找唯美壁画。吊带裙的正反都印有丝绸海景印花，充满着<UNK>风情。吊带装饰有<UNK>扣，可以调节长短，也非常别致。唯美长裙，显示出西方宫廷装细节，高贵典雅。,类型#裙*风格#宫廷*图案#印花*裙长#长裙*裙款式#吊带,4.5,准确性不足：虽然涉及了‘长裙’、‘印花’、‘吊带’、‘宫廷’等关键词，但未明确提及‘丝绸之路’、‘壁画’、‘西方宫廷’等细节，且‘旗袍’与‘宫廷’风格略有冲突。生动性一般：使用了‘气质十足’、‘女神气场’等常见词汇，但缺乏独特性和画面感，结尾‘精美的视觉美感’略显套路。自然度较低：‘同布的面料袖子’表达拗口，‘精致的肩线处理’与吊带描述衔接生硬，存在机械感。整体需更贴合参考答案的意境和关键词精准度。
581,这款由时尚品牌max&co.出品的连衣裙，采用修身的轮廓设计，凸显玲珑有致的身材曲线。利落的剪裁和流畅流畅的线条塑造出了女性的身形比例，带来视觉减龄的效果；经典不失特色的圆领修饰颈部的柔美线条，尽显优雅知性的女性味道。再加上胸口处立体精致的绣花点缀，为整体造型增添了细节美感，打造出一款别具风情的优雅裙子。,落落大方的时尚连衣裙，应用了重工刺绣的精美图案，整体焕发着令人心驰神往的迷人魅力。简洁裁剪的圆领曲线，修饰颈部的柔美线条，更衬托出端庄的知性气质，修身的精美版型流线，展现女性的优雅风姿。打造夏季连衣裙的新时尚风度。,类型#裙*版型#显瘦*风格#知性*图案#线条*图案#刺绣*裙长#连衣裙*裙领型#圆领,9.0,文案包含了所有关键词，语言生动有吸引力，流畅自然，无明显机械感，仅‘流畅流畅’有小瑕疵但不影响整体质量。
582,这款裤子采用不规则切割的裁剪方式，让裤子呈现出别具一格的美感。而直筒修身的廓形又很好的修饰了腿型和腿长比例，不规则的<UNK>设计，既打破了衣身单一的造型，又凸显出时尚个性。裤脚随意用几根带子，轻轻挽起形成浪漫的弧度，彰显简约不简单的设计理念。结合裤身的精美走线和细节处的点缀，整体都给人满满的精致气息。加上侧边的细条拉丝磨破设计，在突出个性独特的同时还增添了几分玩味酷感。裤身上下散落的毛边装饰则增添了随性的气息，为整体的造型增加亮点和吸睛指数。,简约舒适的直筒裤是妹纸的百搭单品，穿上呈现出自由灵动的气息。裤口不规则毛边处理可以将整体修饰的更加俏皮和个性，加之腰部不规则设计与下部相呼应，着实吸睛。,类型#裤*风格#简约*裤型#直筒裤*裤款式#不规则*裤口#毛边,7.0,文案覆盖了所有关键词（直筒、不规则、毛边），但自然度较差，存在重复表述（如多次提到'不规则'、'设计'），且有明显错误（<UNK>标记），语言略显冗长，不如参考答案简洁流畅。
583,非常小清新的花朵印花，仿佛是春日里绽放的鲜花，在桑蚕丝的映衬下尤其显得明媚动人。直筒版型的假两件式套裙，让你穿着倍感自在舒适的同时又能够轻松提升整体效果。,一款彰显清新雅致干的时尚连衣裙，植物印花设计格外别致，呈现出唯美的艺术美感，面料采用真丝材质，细腻轻柔，上身体验舒爽顺滑。长款直筒版型，轻松穿出高挑曼妙的身段。,类型#裙*材质#蚕丝*风格#清新*图案#植物*图案#印花*裙型#直筒裙*裙长#连衣裙,8.0,文案准确传达了关键词中的清新、植物印花、桑蚕丝、直筒裙，但未提及‘连衣裙’和‘长款’（裙长），偏离了商品类型。语言生动，比喻‘春日里绽放的鲜花’增强了画面感，但‘假两件式套裙’与商品描述的直筒连衣裙不符，影响准确性。整体自然流畅，无机械感，但细节偏差扣分。
584,初春的服装里多几件牛仔一定错不了呦。来自米妮哈鲁的女童牛仔外套，设计师采用了淡雅的色彩渲染搭配精致又清新的蝴蝶印花图案点缀，使得整个造型更具有时尚减龄的特性。前襟采用了时髦又不失俏皮风情的破洞元素装饰，加上腰间的松紧绑带设计，轻松打造时髦酷感的魅力范儿，很是吸睛呢。,这一款牛仔外套精美印花点缀其上，看起来特别的有美感，衬得妹子们更显清新脱俗。特别是时尚的破洞装饰，时尚个性凸显不羁。加上精致绑带的装饰，错落有致随风摇曳。这个时节穿，自然就把与众不同美丽突显出来,类型#上衣*材质#牛仔布*风格#清新*图案#印花*衣样式#外套*衣款式#破洞*衣款式#绑带,8.5,待评测文案准确包含了所有关键词（牛仔、蝴蝶印花、破洞、绑带），语言生动形象，如‘淡雅的色彩渲染’、‘时髦又不失俏皮风情’，能激发购买欲望；语句通顺自然，无机械感。扣分点在于‘初春’未在关键词中明确体现，但整体质量高。
585,这款马甲小披肩采用经典的西装翻领款型，上身不仅非常的时尚有韵味。还有很好的显瘦减龄作用哦，面料采用优质聚酯面料，光泽度好上身效果特别棒。撞色的织带点缀也增添了不少个性细节感，穿上很有时尚<UNK>呢！搭配一件外套让你时髦又显年轻哦~,采用修身的版型设计而成的一款马甲外套，上身穿起来更加贴合女性的身材曲线感，达到更加显瘦的效果。领口珠翻领的剪裁方式，搭配上撞色的图案，更显一种时髦气息。,类型#上衣*版型#显瘦*图案#撞色*衣样式#马甲*衣样式#外套*衣领型#翻领,6.0,准确性方面，文案虽包含了大部分关键词（类型#上衣、版型#显瘦、图案#撞色、衣样式#马甲、衣样式#外套、衣领型#翻领），但表述有些混乱，如“马甲小披肩”与“外套”关系不清晰，且提到“面料”非关键词。生动性较好，使用了“时尚有韵味”“显瘦减龄”“个性细节”等有吸引力的词汇，但“<UNK>”符号影响体验。自然度不足，如“上身不仅非常的时尚有韵味。还有很好的显瘦减龄作用哦”句式有重复感，且“搭配一件外套”与前面矛盾（本已是外套）。整体有提升空间。
586,这款短<UNK>为短袖版型设计，凉爽舒适透气性好又不挑年龄和季节，夏天做防晒衣也是很不错的选择哦！背心部分的衣身采用白色的条纹设计，配上蝴蝶结的装饰与裙摆相呼应，给人一种浪漫优雅的气息。领口处做了镂空的剪裁，更显精致小女生的娇俏可爱气质来；高腰短裤版型，彰显穿着者迷人的长腿，又带有一种俏皮可爱的韵味，上身超级显腿长了~裤子还做了撞色的走边点缀，更吸人眼球。,一字肩设计的上衣结合红白的撞色条纹样式，彰显出时尚活力感，上身效果显眼又吸睛。领口还装饰着系带的蝴蝶结，为整衣增添了些许活泼俏皮的感觉。雅致的方形镂空样式很显气质，搭配高腰的白色短裤，打造热情与时尚的夏日穿搭。,类型#裤*颜色#白色*图案#条纹*图案#蝴蝶结*图案#撞色*裤长#短裤*裤款式#勾花镂空*裤腰型#高腰,5.5,准确性方面，文案未能准确表达商品关键词，例如将短裤描述为'短袖版型'、'背心部分'等明显错误，且遗漏了'勾花镂空'、'撞色'等关键词。生动性一般，有部分吸引人的表述如'浪漫优雅的气息'，但整体不够突出。自然度较差，存在逻辑混乱和重复，如'背心部分的衣身'、'高腰短裤版型'等表述不自然，且有'<UNK>'占位符，机械感明显。
587,百搭的半高圆领搭配着小巧玲珑的直筒版型，简单大方又很显时尚感的一款连衣裙，上身穿着很是轻柔亲肤，而且丝毫不会拘束你身体的活动。下摆处的剪边处理增加了裙子细节的设计感，同时还起到了很好的视觉效果，整体看起来更是充满了随性洒脱的气息。套头的款式结合着前片精致唯美的欧根纱拼接设计，让整体的优雅简约风格中流露出一丝灵动俏皮的气息，宽松舒适的廓形又修饰身线的效果很赞。,连衣裙看似简约，实际上有着很强的设计感。宽松直筒版型包容性强，不管是什么身材的女性穿在身上都十分有型。圆领套头设计简约实用，裙身上的拼接设计给人亮眼时尚的感觉，优质面料柔软舒适，保暖性透气性极佳又十分亲肤。,类型#裙*版型#宽松*风格#简约*裙型#直筒裙*裙长#连衣裙*裙领型#圆领*裙衣门襟#套头*裙款式#拼接,8.0,文案准确包含了所有关键词，语言生动有吸引力，通过比喻和细节描写增强购买欲；整体自然流畅，无机械感。扣分点在于‘半高圆领’与关键词‘圆领’稍有不符，以及部分表述略显冗余。
588,这款蕾丝连衣裙的亮点在于其独特的面料造型设计，采用纯黑色的低调底色配上性感的深v领口设计，尽显女性魅力；腰部采用金属铆钉装饰，时尚感十足；半透视效果彰显朦胧美，下摆有弧度的剪裁和腰部收腰的设计相结合更显身材优美，拼接式的设计在细节之处更是锦上添花呢。,BRAND带来的这款连衣裙，选用经典的黑色系为基调，展现出女性成熟大方的气质，独特的收腰设计，修饰腰部的曲线，秀出曼妙迷人的身姿。加之肩部的蕾丝拼接点缀，打破单调，肩部若隐若现的朦胧感，尽显性感魅惑格调；以及贴心的内衬加持，无需担心走光，透露出女士的知性美。,类型#裙*材质#蕾丝*颜色#黑色*风格#性感*图案#蕾丝*裙长#连衣裙*裙款式#拼接*裙款式#收腰,6.5,缺少'蕾丝'图案关键词，且'蕾丝材质'未明确提及；描述较生动但用词如'锦上添花呢'略显口语化；整体通顺无机械感。
589,这款采用舒适挺括的梭织毛感面料，手感厚实细腻，上身透气又柔软。圆领的设计，拉长颈部线条，轻松修饰脸型。优质舒适的粘纤纱线，垂顺度很好，亲肤不扎身也不挑人穿着。修身的版型设计加上合体的剪裁，让身体线条看起来更加苗条有型，上身的效果非常好哦。同时整体搭配精致的细节做工，凸显细节品质的美感。混纺裤脚，质感十足。松紧收口裤脚，时尚耐看更显腿长。彰显青春个性风范。,自带弹力的混纺面料，有一定的厚度，保暖的同时又不会臃肿，萝卜裤版型直挺有型。轻松改变腿部线条，松紧腰舒服又方便穿脱，不挑身材。藏肉显瘦这件事交给它<UNK>，再加上今年流行的小蜜蜂元素，穿上身绝对时髦有型。,类型#裤*版型#显瘦*材质#混纺*风格#青春*图案#线条*裤腰型#松紧腰,3.5,准确性：缺少关键词‘松紧腰’、‘线条’和‘青春’，且描述对象不一致（‘圆领’、‘梭织毛感面料’与商品‘裤’冲突）。生动性：语言较平淡，缺乏吸引力和购买欲望。自然度：部分语句生硬（如‘修身的版型设计加上合体的剪裁’），但无明显重复或机械感。
590,这款短袖连体休闲的版型设计，穿着非常的清爽且方便；经典的领口造型加上v形小细边点缀，衬托出优美的颈部线条，尽显女性干练大气风；胸前的彩色条纹装饰，打破了常规的单一造型，增添了许多的设计感，上身更显时髦感；可调节扣门襟和松紧腰带，舒适轻松不挑人穿，各种身材皆能轻松驾驭；精致的七分半袖，修饰手臂曲线的同时更显得利落优雅。,商务休闲风的裤型设计，百搭时尚，凸显出女性的干练气质，适合各种场合穿着。竖条纹的设计，以及七分裤的版型，拉伸腿部线条，展现出女性修长美腿。贴心的松紧裤腰的设计，提升穿着方便舒适度，甄选优质面料，纹理大方，手感柔和亲肤。,类型#裤*风格#休闲*图案#条纹*图案#线条*裤长#七分裤*裤腰型#松紧腰,5.0,准确性较低：未准确覆盖关键词，如商品为裤装但描述为‘短袖连体’，且缺少‘七分裤’、‘条纹’、‘松紧腰’等核心词；生动性一般：虽有一定修饰语，但关于裤装的描述具体性不足，如‘七分半袖’偏离主题；自然度尚可：语句通顺，但存在机械感，如‘打破了常规’为常见套话。
591,这款<UNK>的短款外套，采用了时尚的方形大翻盖口袋设计，方便携带物品又能装饰点缀版型更显个性帅气哦；下摆处采用了拼色织带点缀，不仅具有层次感更增加了整体的美感，搭配精致的小方领，尽显青春活力范儿。,这款配色鲜明亮眼的短款外套，真的让人爱不释手呢，一眼就被吸引住了！方领的设计，很好的修饰脸型，凸显时尚干练的气质。衣身拼色设计，超级吸睛，饱和度也非常高，同时也多了几分俏皮感。两个设计不一的实用口袋，有种特别的美感！,类型#上衣*图案#拼色*衣样式#外套*衣领型#方领*衣长#短款*衣款式#口袋,7.0,准确性方面，缺少了拼色和方领的详细描述，且多了大翻盖口袋，不够精准；生动性较好，但开头有<UNK>符号影响体验；自然度较高，语句通顺，但部分描述略显模板化。
592,这条竖条纹连衣裙以深黑色的裙子与金色的竖条纹搭配在一起，色彩上的对比强烈却能够凸显时尚的品味；同时，裙子还运用了前短后长的式样设计以打造出更具有美感的不对称视觉感。另外，领口处利用金属拉链闭合，既起到了点缀的效果也可以方便穿脱，而裙身也融入了许多褶皱元素形成优雅的花纹装饰。收拢式衣袖则符合亚洲人的臂围特点，修身的上紧下松款式还可以勾勒窈窕的身材曲线。,此款为及<UNK><UNK>连衣裙，不对称的设计，更显瘦显高，翻折式活片打褶领口，圆型<UNK><UNK>肩带。采用立裁处理的腰部褶皱感，黑色与金色经典条纹，侧缝有隐形拉链便于穿脱。,类型#裙*版型#显瘦*颜色#黑色*颜色#金色*图案#条纹*裙长#连衣裙*裙衣门襟#拉链*裙款式#不对称*裙款式#拉链*裙款式#抽褶,5.0,准确性不足：遗漏了'裙衣门襟#拉链'、'不对称'未明确体现、'拉链'误用于领口实际为门襟、'抽褶'与'褶皱'概念混淆；生动性一般：部分描述较吸引人但未突出显瘦卖点；自然度较差：存在重复表达（如多次提及竖条纹）、逻辑矛盾（如拉链闭合与方便穿脱、褶皱既作为装饰又作为花纹），整体机械感较强。
593,纯白色系的衣身，彰显出少女的纯净与美好，经典的v领设计上身很有气质，而且也很衬肤；肩部拼接上收褶装饰，为整体带来了几分细节感，上身凸显可爱气息；蝙蝠的廓形感设计比较宽松慵懒，对身材有很好的容纳性同时也能遮住多余的肉肉，很休闲减龄，搭配起来也比较方便。大廓形的下摆做了灯笼袖的处理，举手投足间更显温婉迷人；这款在春日里也是可以穿着的一件针织衫，非常实穿。,对于微胖的妹纸来说，oversize版型的针织衫很实用。尤其是这种轻薄的款式，穿起来自由随性而不紧绷。再加上宽松的灯笼袖袖型，修饰了双臂多余的肉肉，令整个人看起来更加苗条。而简洁的v领领口设计，则起到了修饰脸型的作用，同时也令针织衫穿起来更加休闲轻松。,类型#上衣*版型#宽松*风格#休闲*衣样式#针织衫*衣领型#v领*衣袖型#灯笼袖,8.0,待评测文案包含了所有关键词（上衣、宽松、休闲、针织衫、V领、灯笼袖），准确性满分。语言生动，使用了“纯净美好”“可爱气息”“温婉迷人”等词汇，有购买欲望。通顺自然，没有机械感，但“大廓形的下摆做了灯笼袖的处理”略显冗余，自然度稍扣分。
594,BRAND这款条纹连衣裙，经典的白色提花与多彩的条纹碰撞在一起凸显出别样个性气质。独特的喇叭状袖子设计在修饰手腕线条的同时还彰显了与众不同的造型感。可爱的蝴蝶刺绣装饰衣身点缀出十足的童趣味道展现出小女孩特有的烂漫可爱风。对称的花边贴布与腰部收褶花边的巧妙结合凸显视觉层次美感，时尚气息十足的同时又不失优雅大方的既视感，而小圆领更是带有一丝休闲风的帅气感让整体呈现出丰富的时髦细节。淡雅清新的豆绿色尽显小女孩纯真甜美之感。面料轻盈柔软上身舒适自在无压力，非常适合夏日。,massimodutti这款连衣裙，采用粘纤面料，给予孩童柔软舒适的穿着体验。以流畅的线条勾勒圆领版型，柔和了轮廓，打造休闲活力风格。将白色作为主底色，清新脱俗，闪亮的树叶随风飘落在衣面，俏皮又不失趣味性，让人眼前一亮。对称的花边加持，展现孩童的甜美与可爱。,类型#裙*颜色#白色*风格#休闲*风格#清新*图案#线条*裙下摆#花边*裙长#连衣裙*裙领型#圆领*裙款式#对称,6.5,准确性方面，关键词覆盖不完全，缺少'白色'（提及白色提花但主色为豆绿色）、'线条'（未提及）、'清新'、'裙长'（未明确连衣裙）、'圆领'（圆领已提及，但被描述为小圆领）和'休闲'（仅出现一次'休闲风'），且多出'条纹'、'喇叭状袖子'等未指定关键词。生动性较好，使用了比喻（'碰撞'、'凸显'）和描述性语言，能引发兴趣。自然度一般，部分句子较长且结构重复（如'凸显出...气质'、'彰显了...造型感'），略有机械感。综合评分6.5。
595,黑色的色调本身就自带神秘的感觉，搭配上简约的设计风格更能展现出一股百搭的韵味。这款来自BRAND品牌的polo衫，选用的是简约的设计理念来进行打造，让穿着者能够轻松驾驭各种场合，彰显出不一般的品质风范。胸前<UNK>标志的品牌logo的点缀，更是可以起到提升辨识度的效果，从而展现出自己的独特美感，同时体现出非凡的品质感。,BRAND的这款polo衫采用简约素气的纯黑色呈现而成，<UNK>你在搭配中十分的简易轻松，同时又显得成熟稳重，经典的polo领让肩部看起来挺括有型，精致细腻的做工搭配上舒适柔软的面料，穿着减少摩擦同时又速干排汗。,类型#上衣*颜色#黑色*风格#简约*衣样式#衫,8.0,准确性方面，文案覆盖了『黑色』、『简约』、『衫』等关键词，但未明确提及『上衣』和『衣样式』；生动性良好，使用了『神秘』、『百搭』、『独特美感』等词汇，能激发购买欲；自然度较高，语句通顺，但结尾略显重复，整体流畅。
596,v字的领口设计是这一身短袖衫最大的装饰了，它的样式可以带来几分的性感和优雅的气场了。搭配着白色的色泽，显得整体都有一种清爽的感觉，让你看起来随性又洒脱。搭配上它的半透明的轻纱质地，露出你白皙的肌肤，带给你一丝丝的小诱惑力。再加以它轻盈的露肩点缀在上方，就更加能够突出你的俏皮个性感来。,女生衣柜里面必不可少的一条裙子就是白色的裙子，但是单调的纯白从来都不会是有时尚嗅觉的女孩的首选。这样一条蓝白混搭的小香风裙子十分完美的诠释了所有女孩子心里面白色裙子该有的样子。个性的旗袍领口看上去十分的别致出色，很有中国古典的优雅感觉。侧边的露肩设计看起来无比的性感优雅，也不会太过于暴露。,类型#裙*颜色#白色*风格#性感*裙款式#露肩,6.5,准确性方面，缺少关键词'露肩'（实际为'露肩'，但文案写的是'露肩点缀'，算部分匹配）、'性感'、'裙款式#露肩'、'风格#性感'未突出；缺少'小香风'、'旗袍领口'等参考答案元素。生动性一般，有一定画面感但不够强烈。自然度较好，但开头略机械。整体需改进关键词覆盖和风格匹配。
597,这件高腰的牛仔休闲裤采用了经典又耐看的深牛仔色设计，十分的高街时尚。高腰的设计拉长比例，更好的修饰腿形效果。膝盖处的贴<UNK>破剪裁，更加有个性时髦。裤脚做了磨破毛边的处理，细节上增加了十足的趣味性，更加的有质感。,牛仔裤有着硬朗潇洒的态度，又融合了俏皮活力的一面。这款裤子的牛仔蓝与局部磨白拥有微妙和谐的美感。小高腰的设计，真的很显腿长。大大的裤筒带来许多味道，也是对腿的释放，穿起来很有范。裤脚毛边设计，才不至于显得沉闷呆板，又提升了时尚感。,类型#裙*材质#牛仔布*裙型#牛仔裙*裙下摆#毛边*裙腰型#高腰,6.5,文案覆盖了大部分关键词，但存在明显问题：缺少'裙下摆#毛边'中的'毛边'描述（仅提到磨破毛边，但未强调毛边），并出现了<UNK>未知符号，影响通顺度。语言较为平实，生动性不足，未突出牛仔裙的俏皮与洒脱感。自然度一般，有机械复读感。
598,看似简单朴素的一款小衬衣，却是暗藏玄机。落肩的版式不挑<UNK>舒适自在且帅气，侧边还有着两处开衩设计，让整体更具灵动气息。并且衣身采用了竖向条纹肌理的效果，在视觉上能给人拉长身形的效果。再加上前侧的开衩设计与宽松的剪裁，让你能轻松演绎出潇洒帅气的自由与随型感，日常穿着也非常的轻松随意，上身效果也是非常显轻松有活力的气质。搭配上稍微职业装点感觉的连衣裙，就能玩转出不一样的小资情调风格。,红与白的细细密密条纹在衬衣上看起来很有些随性迷人的感觉，更能轻松修饰出柔美身线的诱惑。偏宽松的版型设计配合小落肩袖型的设计可以修饰肩部曲线，而且整体看起来都充斥着几分慵懒随性范儿，休闲气息十足。下摆处做了开叉设计可以带出动感随性范儿，更能修饰纤美腰线诱惑。,类型#上衣*版型#宽松*风格#休闲*图案#条纹*衣样式#衬衫*衣袖型#落肩袖,6.5,准确性方面，文案遗漏了'休闲'和'条纹'外的主要关键词如'版型#宽松'、'图案#条纹'、'衣袖型#落肩袖'、'类型#上衣'等，仅提到了落肩和条纹，且对条纹的描述不够准确。生动性上，语言有一定感染力，如'暗藏玄机'、'潇洒帅气'，但部分表述如'轻松有活力的气质'略显重复，购买欲望中等。自然度尚可，但存在'随型感'等生造词，且'<UNK>'标记影响通顺度。综合评分6.5分。
599,设计简洁的衬衫，无论是颜色和款式都很时尚好看。<UNK>条纹<UNK>装饰，既为衣身增添了几分趣味性和立体感，更衬托出小帅哥的阳光帅气哦！后背设计了开衩的小心机，穿起来更方便孩子活动，还多了几分个性不羁的气息呢！休闲风的落肩袖搭配直筒的宽松下摆，让小小的身材也超级帅气有活力！,衬衣可以说是日常穿搭中最为实穿的单品了，无论是怎么样搭配都能有不错的感觉。而条纹更是经典款的元素，分分钟就能带出俏皮又随性的味道，更具灵动迷人的休闲范儿。偏宽松的版型设计配合落肩袖型的设计可以修饰肩部曲线，更能带出慵懒随性范儿，对于微胖的小仙女也是敲友好。,类型#上衣*版型#宽松*风格#休闲*图案#条纹*衣样式#衬衫*衣袖型#落肩袖,6.5,1. 准确性：缺少关键词“宽松版型”和“条纹”，且出现了词表未有的“开衩”设计，关键词覆盖不足。2. 生动性：语言较有感染力，如“阳光帅气”“个性不羁”，但对成人休闲风格文案而言，偏向童装语气，可能不匹配。3. 自然度：有流畅度，但存在<UNK>符号和与商品风格不符的表述（如“小帅哥”“孩子”），降低自然度。总分6.5。
600,这款来自veromoda品牌的拼接连衣裙，采用的是经典的圆领设计搭配上柔软亲肤的雪纺面料打造而成，穿起来凉爽舒适的同时更显优雅气质；简约又不失时尚风味的荷叶边袖口和开叉裙摆的设计，更显女人味十足，再加以时尚感十足的吊带内里搭配更是恰到好处地展现出你迷人的小蛮腰和大长腿，轻松帮你吸睛无数呢~,这款连衣裙，穿着十分浪漫。吊带设计加圆领，简约又大气时尚。腰间荷叶边拼接，浪漫又唯美。裙摆前开叉设计，增添性感味道。雪纺的面料，还带着丝丝飘逸感。出街或海边都十分好搭配，行走间优雅又浪,类型#裙*材质#雪纺*风格#简约*风格#性感*裙下摆#开叉*裙下摆#荷叶边*裙长#连衣裙*裙领型#圆领*裙款式#拼接*裙款式#吊带,7.5,准确性方面，文案包含了所有关键词，但品牌名“veromoda”非商品关键词，略显冗余。生动性较好，使用了“凉爽舒适”、“优雅气质”、“女人味十足”等词汇，能激发购买欲。自然度尚可，但“再加以”等连接词稍显生硬，整体通顺度略低于人工文案。扣分点在于语言稍显堆砌，不如人工文案简洁流畅。
601,这款时尚有型的真丝衬衣，整体以简约大廓形的款式设计，轻松打造出都市丽人的感觉；领口处采用精致的立体锁边工艺处理，更显气质大方；纯白色的色彩搭配抽象的印花元素，尽显女性优雅的成熟感；同时袖口的翻卷设计，使双臂看起来显得纤细又修长，更修饰手部美妙的线条；宽松的廓形包容性好，遮肉显瘦的同时又显时髦复古感。,重磅复古抽象真丝印花衬衫，宽松的版式注定在显瘦的同时多了一分随性，袖子也是<UNK>的样子，设计感无需很多的点缀一点点执着也就够了。优雅的版型让整个线条更简约，对身材也没那么大限制。天然舒适的亲肤材料、平坦，线条顺畅。露出锁骨肌肤，柔美和帅气并存。,类型#上衣*版型#宽松*版型#显瘦*材质#蚕丝*风格#复古*风格#简约*图案#抽象*图案#复古*图案#线条*图案#印花*衣样式#衬衫,6.5,文案涵盖了部分类型（上衣）、版型（宽松、廓形）、材质（真丝）、风格（简约、复古）、图案（抽象印花）、衣样式（衬衫），但缺少显瘦、蚕丝、抽象、线条等关键词。语言有一定的生动性，如‘轻松打造都市丽人’、‘尽显优雅的成熟感’，‘遮肉显瘦’等，但整体缺乏情感共鸣和购买冲动。语句通顺，无复读，但稍显套路化。整体质量中等偏上，但离优秀文案有差距。
602,这款简洁利落的格纹风衣采用经典时尚的翻领设计，凸显修长的颈部线条，上身更显挺拔帅气。而领子的精致包边修饰了脖子曲线，平添了几分优雅女人味的感觉。门襟处经典的排扣和本布腰带相加，可以束出纤细腰身，起到很好的收腰效果。精致的撞色线勾勒出大身的轮廓，打造层次感和立体感，上身有几分欧式的复古味道，很显端庄大气感，打造轻奢的英伦范儿。,大翻领的款式设计，让风衣带有别样的质感，精致唯美中独具特色。长款的版型能够拉伸身体线条，将率性和洒脱演绎得淋漓尽致，腰间以自然的收腰样式点缀撞色的腰带，勾勒出玲珑有形的曲线，细腻的格纹元素，衬托出复古的英伦风。,类型#上衣*风格#英伦*风格#复古*图案#格子*图案#复古*图案#线条*图案#撞色*衣样式#风衣*衣领型#翻领*衣款式#腰带*衣款式#收腰,7.5,文案包含了所有关键词，准确性高；语言生动，有一定购买欲，但部分表达略显冗余（如‘修长的颈部线条’、‘优雅女人味的感觉’），有轻微机械感；自然度较好，无明显复读。
603,春天就是穿美衣的季节！这条裙子是今年很火的碎花设计，时尚感十足。而且宽松的版型更加随性自然，木耳边的点缀，让这款长裙仙气满满。加上百褶的设计，十分减龄。是女神必备的一款哦~,孕妇碎花长裙，优雅的百褶裙摆，让你孕期行走在时尚与气质之间。宽松的裙摆穿着非常舒服，腰部可以包容孕肚。小碎花元素的添加，木耳边的设计，更时尚。,类型#裙*版型#宽松*图案#碎花*裙型#百褶*裙长#长裙*裙款式#木耳边,6.0,准确性方面，未明确提及“孕妇”关键词，且“木耳边”被误写为“木耳边”；生动性较好，但缺乏针对孕妇的痛点描述；自然度较高，但未完全覆盖关键词。
604,BRAND这款半身裙选用地摊优雅浪漫且性感妩媚的蕾丝，配以精致的钩花剪裁工艺，营造出丰富的层次感，尽显女性温婉柔美的气质；结合浪漫荷叶下摆设计，则增添几分朦胧之感；而其个性不羁的宽松大喇叭袖造型，不仅可修饰手臂轮廓，还巧妙地展现出灵动飘逸的即视感，渲染出女性的迷人之风；再加上h廓形的剪裁，对身材有着良好的包容性。,通体蕾丝裙，天生魅惑而浪漫，微透的肌理，时髦性感紧紧跟随，藏不住的优雅气质；尽显柔美的喇叭袖，优雅中带着利落的气韵，舒适中带着都市女性的儒雅，很凸显气质哦；简洁而流畅的h型廓型，利落包裹身材，宽松的设计，有效遮掩腰腹肉肉，体现自由的穿衣态度。,类型#裙*版型#宽松*版型#h*材质#蕾丝*风格#性感*图案#蕾丝*裙袖型#喇叭袖,6.5,准确性不足：关键词'喇叭袖'被错误描述为'宽松大喇叭袖'，而原关键词为'裙袖型#喇叭袖'；'荷叶下摆'不在关键词中，属于额外添加；'宽松'和'h型'被包含，但'蕾丝'和'性感'正确。生动性一般：部分表达如'地摊'用词不当，应为'低调'或直接去掉；整体描述较有画面感，但过于堆砌形容词。自然度中等：存在语法问题如'BRAND这款半身裙选用地摊优雅浪漫...'，还有重复如'柔美的'出现两次；部分句子略显机械。
605,充满浪漫情调的格纹连衣裙绝对是春季不可缺少的单品。温柔的驼色调为整体营造出小清新的氛围，领口还加入了一道精致的编织线条，看起来就更加甜美可人。而层层叠叠的花瓣状荷叶边裙摆，随着步履展现别具一格的气质。配上袖口处独特的包边设计以及鱼尾式的造型，让整条裙子呈现出一种立体丰富的层次美感。,怡人的春季，怎能少了一件浪漫轻盈的连衣裙，奶驼色的面料，散发着一阵迷人的温柔气息，清新的格纹，让整个季节都明朗起来。荷叶边的点缀浪漫唯美，下摆是鱼尾裙设计，旋转着柔和的阳光里，彰显灵动的气质，既有减龄效果，又不会显得幼稚。,类型#裙*颜色#驼色*风格#清新*图案#格子*裙型#鱼尾裙*裙下摆#荷叶边*裙长#连衣裙,6.5,文案准确包含了所有关键词，语言流畅生动，但存在两个问题：1）准确性上，AI文案添加了'领口编织线条'和'袖口包边'等未在关键词中的细节，略有偏差；2）自然度上，部分描述如'层层叠叠的花瓣状荷叶边裙摆'略显堆砌，稍有机械感。总体良好，但不如参考答案精炼动人。
606,黑底白条设计经典百搭，黑白配色永不过时，让宝宝穿出时尚品味；简洁的套头式剪裁工艺流畅，穿着舒适方便；精美的字母印花图案，做工细致别致，增添视觉看点。纯棉材质制成，面料柔软透气，具有良好的吸湿性，适合贴身穿着不刺皮肤哦，经典的圆领版型，能够很好的修饰颈部柔美的线条感，更显可爱甜美气息；裙摆处精致的捏褶处理，美观立体更有造型感。整体款式简单大方又不失休闲韵味，适合日常休闲穿搭，给宝贝带去不一样的甜美体验~,整件服装以黑白素色为主基调，加以前襟的人像头像以及字母印花，瞬间打破了单调的沉闷感。使得休闲的衣衫也充满了辨识度，时髦之中透着个性。圆领套头的款式，百搭实穿。裁剪利落的线条搭配上精选的棉面料，兼顾舒适与美观特性。,类型#裙*材质#棉*颜色#黑白*风格#休闲*图案#字母*图案#文字*图案#线条*图案#印花*裙领型#圆领*裙衣门襟#套头,6.5,1. 准确性：基本覆盖了关键词（裙、棉、黑白、休闲、字母、文字、线条、印花、圆领、套头），但缺少“图案*线条”和“图案*文字”的明确提及，“裙衣门襟#套头”未直接点出“套头”但隐含。2. 生动性：用了“经典百搭”“时尚品味”“视觉看点”“柔和舒适”等词，有一定吸引力，但部分表述如“做工细致别致，增添视觉看点”略显模板化。3. 自然度：通顺，但存在重复感（如“黑白”重复），且前半部分描述宝宝，后半突然转向成人视角，略有突兀；整体不够精炼，可避免‘哦’等语气词。综合扣分因缺少部分关键词且语言不够自然。
607,这款来自阿玛尼的男士polo衫，采用了柔软自然的纯棉制造，手感舒适透气良好，触感光滑细腻，亲肤度强；优质面料使做工缝线的走线<UNK>均匀规整，让衣物更具有品质感。别致的翻折领口设计既能够修饰颈部纤细的线条又凸显出几分干练的气质。胸前品牌logo装饰增添独特美感。,以简洁流畅线条构筑紧身轮廓，贴合身形不紧绷。polo衫领设计，修饰脸型同时穿着舒适。以纯白色调打造衣身，奠定百搭实穿特性。采用优质面料打造，含丰富棉成分，穿着舒适亲肤。,类型#上衣*材质#棉*图案#线条*衣样式#polo,7.0,文案包含了所有关键词，准确性好；但品牌提及可能不相关，且缺少‘线条’描述，生动性一般；自然度较高，但有'<UNK>'符号影响阅读。整体表现中上，但可改进。
608,这款优雅有范的连衣裙采用了优质的面料制作而成，手感柔软亲肤舒适，有着优良的吸湿透气性。让你穿出不一样的魅力体验感。复古优雅的蕾丝面料加入，打造出精致的视觉效果，展现与众不同的甜美时尚感。搭配经典时髦的丝绒抹胸设计更添视觉美感，修身合体的廓形剪裁设计，穿着合身自在没有束缚的感觉，展现随性大方的魅力。俏皮清新的裙摆添加随性的街头韵味，整体更具有吸睛亮眼的美感。轻盈的聚酯纤维布料给你贴心的触觉体验，带来自由舒适的穿搭感受。凸显你优雅性感的穿搭品味。,透视蕾丝立体连衣裙，流畅简洁剪裁工艺，精致浪漫演绎神秘而性感诱惑，微透露朦胧的视觉感观。聚酯纤维面料，设计了抹胸连衣裙，细腻柔软有弹性，修饰腰线显高显瘦，凸显迷人身材比例曲线。清新复古的丝绒材质，彰显时尚年轻，充满青春活力。街头出行清新靓丽迷人，落落大方妩媚动人。,类型#裙*版型#显瘦*材质#丝绒*材质#蕾丝*材质#纤维*风格#街头*风格#复古*风格#清新*风格#性感*图案#复古*图案#蕾丝*裙型#抹胸裙*裙长#连衣裙,7.0,关键词覆盖度高，但准确性稍欠（如未明确提及“纤维”和“性感”）。语言生动，有一定购买欲望，但存在复读（如两次提到聚酯纤维和面料）。通顺自然，无机械感。
609,简洁的短外套设计，可以给整身增添很多造型呢！修身的设计更显曼妙身材曲线哟，小个子宝宝都可以轻松驾驭，穿着超显气质哒~搭配起来也不会很限制日常搭配，无论是高矮胖瘦都能hold住这件上衣哦。下身可随意搭配个半裙或者大摆裙就ok啦，尽显女人味儿，随性又减龄。长款的灯笼袖设计修饰了手臂线条，上身显得非常纤细！,这条裙子最大的亮点在于灯笼袖的设计，有效遮住手臂的赘肉，打造纤纤玉臂。双层大裙摆设计，上身摇曳生姿，飘逸唯美。简洁<UNK>腰设计，修饰腰部纤细线条，修身显瘦。,类型#裙*版型#显瘦*图案#线条*裙型#大裙摆*裙袖型#灯笼袖,7.0,准确性不足：未包含'裙型#大裙摆'关键词，且'大裙摆'仅作为搭配建议出现而非核心描述；准确性7分。生动性较好：语言活泼有亲和力，如'轻松驾驭'、'尽显女人味儿'，但部分口语化表达略显随意；生动性8分。自然度较高：通顺流畅，无复读感，但'小个子宝宝'等网络用语稍显刻意；自然度8分。综合评分7分。
610,这款休闲舒适牛仔裤采用优质纯棉面料，柔软细腻富有光泽感与垂坠性，不易变形。整体采用浅白色调设计干净利落彰显青春活力。宽松大码的裤身版型轻松应对所有体型穿着更随意不拘束，结合小背带设计俏皮可爱时尚潮流。下摆处采用撞色车线设计增添个性细节，精致美观大气耐看。搭配短裙穿更显腿部修长更迷人。,背带牛仔短裙是最彰显潮流风尚的单品元素之一，采用棉质面料精心打造，柔软舒适给女孩儿的肌肤贴心的呵护。撞色背带造型个性吸睛，融入levi's元素与后部皮印章相呼应，展现出强烈的品牌质感。胸前的按扣闭合设计，美观的同时使穿脱更加方便。腰部置入松紧皮筋，贴合身体领穿着更服帖。宽松的裙摆十分有型，走线均匀平整，着在身上大方又有型。,类型#裙*版型#宽松*材质#棉*材质#牛仔布*风格#潮*图案#撞色*裙型#背带裙*裙型#牛仔裙*裙长#短裙,5.5,准确性不足：关键词中明确提到“裙类型”、“背带裙”、“牛仔裙”、“短裙”，但文案中多次出现“牛仔裤”和“裤身”，混淆了裙和裤的概念，且未提及“背带裙”、“牛仔裙”、“短裙”等关键信息。同时，未包含“撞色”和“宽松版型”等关键词。生动性一般：语言较为直白，缺乏情感渲染和购买冲动。自然度尚可：语句通顺，但存在机械感，如“搭配短裙穿”与原描述矛盾。
611,这款裙装精选优质上乘的涤沦面料进行加工制成的裙子既亲肤透气又手感舒适软软糯糯。整体低调简约却又个性十足的设计在加上设计师独具匠心的设计让这条裙子十分的耐看又显瘦，焦糖色的配色更是提亮整个人的气质，在腰部还有系带的点缀使整条裙子的廓形更有设计感。层叠设计的裙脚使整体的档次感又上升了几个高度。,面料选用羊皮绒面革，里衬选用100%涤纶，舒适有质感。采用围裹设计，腰部可调节系带，可以<UNK>，所以适合各种腰围和高度。运用了时尚<UNK><UNK>——焦糖色，简约到没有多余的装饰，简单搭配就能散发出优雅气质。层叠式裙摆具有层次感，及膝的长度更能显高显瘦。,类型#裙*版型#显瘦*材质#涤纶*颜色#焦糖色*风格#简约*裙下摆#层叠*裙衣门襟#系带,7.0,准确性方面，文案包含了'裙'、'显瘦'、'涤纶'、'焦糖色'、'简约'、'层叠'、'系带'等关键词，但未提及'版型'和'裙衣门襟'，且将'涤纶'误写为'涤沦'，故有遗漏和错误。生动性较好，使用了'软软糯糯'、'设计感'等词汇，能激发购买欲。自然度基本通顺，但'在加上'略显重复，整体无明显机械感。综合扣分。
612,将带有浓郁复古气息的睡袍式的真丝连衣裙融合当下的时尚元素，打造出的这款假两件套连衣裙有着现代服装的舒适和古典服饰的韵味结合。宽松的版型和灯笼袖口的设计穿着遮肉又显慵懒随性个性十足；领口的<UNK>扣既修饰了颈部曲线让衬衫呈现出更加别致的小奢华品味；而松垮的长款腰带更添时尚度。,以质地饱满的乱麻材质为主，具有良好的透气性与垂坠性，穿着自然的同时还不会轻易起球。长长的同款腰带勾勒出女性柔美曲线的同时，还能为自身气质增添一丝飘逸灵动感。宽松的灯笼袖设计，更让这款衬衫有了现代时尚与复古风情。,类型#上衣*版型#宽松*风格#复古*图案#复古*衣样式#衬衫*衣袖型#灯笼袖*衣款式#腰带,5.5,待评测文案准确性较差：遗漏了关键词'乱麻材质'，且将上衣描述为'睡袍式的真丝连衣裙'，与商品类型'衬衫'不符；生动性尚可，但'遮肉又显慵懒'、'小奢华品味'等表述有一定吸引力；自然度存在问题，出现<UNK>标记，且部分句子结构略显生硬。整体评分中等偏低。
613,仙气飘飘的网纱连衣裙，甜美、浪漫的气息扑面而来，轻盈飘逸的双肩带设计若隐若现露出娇嫩的肌肤更显性感俏皮范儿，上身穿着很是迷人哦！领口和袖子都是采用木耳边装饰，凸显出女生的温婉与可爱感，层次分明的多层透视纱线打造出独特的蛋糕式裙摆，蓬松立体。层层叠叠很有时尚魅力哦！轻薄柔滑的羽毛面料柔软细腻，轻抚在少女身上感受丝滑的触感，搭配上灵动的网纱裙摆，展现青春活力又不乏优雅的女人味！,轻盈蓬松的网纱裙，性感中又略带点小女人情怀，朋友聚会或是参加婚礼都是不错的选择。外层网纱层次分明，可爱的小木耳边元素，层层叠叠的蛋糕裙，特别有少女心，精心挑选的柔软细网纱，不易勾丝还能时刻保持飘逸感，整身都是小细节的网纱裙，满足你的薄纱情结。,类型#裙*材质#网纱*风格#性感*裙型#蛋糕*裙型#网纱裙*裙下摆#层叠*裙款式#木耳边,7.0,准确性高，覆盖了所有关键词；生动性较好，但部分描述如'羽毛面料'与关键词'网纱'不一致，略有扣分；自然度一般，句子稍显冗长，但无重复或机械感。
614,无袖的花边领口设计，搭配撞色的木耳边装饰，衬托宝宝的俏皮感。搭配前胸别有匠心的方形扣眼装饰，增添整体的时髦度。高腰的收褶裙身裁剪，让这款宝宝连衣裙能够更服贴紧实。,合体无袖连衣裙设计，甜美优雅更显公主气质。领口与袖口木耳花边造型，捏褶均匀细致更显宝贝甜美可爱，撞色锁边工艺亮眼醒目，不易脱线更显品质。满印小花朵设计俏皮可爱。高腰线花边装饰，视觉拉长身材比例更显身材高挑。裙摆宽敞设计便于行走活动，飘逸灵动美观大方。,类型#裙*图案#撞色*裙下摆#花边*裙腰型#高腰*裙长#连衣裙*裙袖长#无袖*裙款式#木耳边,6.0,准确性方面，基本覆盖关键词，但未明确提及“高腰”和“连衣裙”，且“花边领口”与“木耳边”重复描述，不够精准。生动性一般，虽有点赞俏皮和时髦，但缺乏具体细节和画面感，购买欲望不强。自然度尚可，但“服贴紧实”用词不当，略有机械感。整体表现一般。
615,这款来自于<UNK><UNK>的阔腿连体裤，以经典的黑白配色为基础展现出十足大气的时髦风范；而袖身一侧精致的金属装饰<UNK>点缀其中，提升整体的设计感的同时散发出一股浓浓的帅气时尚气质；此外，简约的圆领设计还能拉长颈部线条，打造完美天鹅颈的效果。而裤身的松紧花边装饰与衣摆相呼应，凸显出俏皮可爱的韵味。再配上利落的宽松落肩小飞袖将慵懒随性的气质突显的淋漓尽致。,这是一款非常简约气质耐看的连体裤装。吊带v领的设计，露出好看的锁骨线条，修饰美丽的鹅颈，小心思满满。衣身设计到腰部以上是贴身的，下身<UNK>腿宽松设计，很好的把身形扬长避短，显露了纤纤细腿。,类型#裤*版型#宽松*风格#简约*图案#线条*裤长#连体裤*裤型#阔腿裤,6.3,关键词覆盖率一般，准确度6分：缺少'线条'，且'宽松'只提及袖身，裤身未明确强调；'连体裤'未直接体现，而是用'阔腿连体裤'。生动性7分：语言有描述性，如'帅气时尚'、'俏皮可爱'，但部分描述与商品风格（简约）略有出入。自然度6分：存在冗余表述（如'展现出十足大气的时髦风范'和'散发出一股浓浓的帅气时尚气质'），且部分句子较长，略有机械感。综合评分6.3。
616,这款非常有气质和味道的棉质灯笼袖连衣裙，采用了改良版的旗袍款型设计和配色。纯手工<UNK>打造出完美的版面以及颜色搭配。复古时尚不失典雅的气质感，显得端庄又大方；精美的花朵装饰带来了一种清新文艺范的味道，让整条裙子更显时髦感，更加迷人。让你穿它出街，立刻被众人围观的魅力单品哦~,原创汉元素品牌重回<UNK>出品的这款连衣裙，纯净的白与淡雅的绿相互映衬，散发出沁人心脾的清新味道，将少女的欲语还休诉说尽致；优选轻薄的棉质面料制作裙身，上身轻盈舒适；重工手绣花朵点缀，尽显复古文艺气息~,类型#裙*材质#棉*风格#复古*风格#文艺*风格#清新*图案#复古*裙长#连衣裙,7.0,准确性较高，包含了棉、复古、文艺、清新、连衣裙等关键词，但未明确提及“裙长”和“图案”中的具体要点。生动性较好，有“气质”“典雅”“迷人”等词汇，但“立刻被众人围观”略显夸张，部分表达如“改良版的旗袍款型”与原文“原创汉元素”不完全一致。自然度尚可，但存在“非常有气质和味道”“打造出完美的版面”等稍显生硬的表达，整体通顺但略有机械感。
617,一件别致独特的针织衫能够衬托出与众不同的时尚感。这件针织衫领口的编织工艺十分精美，与后背的透视效果相呼应，将脖颈和后腰处的肌肤裸露出来若隐若现非常性感。而袖子部位的镂空裁剪则呈现出一种别致的拼接美感，而背后可自由调节的绑绳可以随意塑造造型。这种个性的穿着方式更显女性的优雅魅力。,精致优雅的针织衫，性感不失优雅的镂空设计，富有层次感与设计感，彰显女性柔情优雅气质。下摆的交叉绑带设计，飘逸且灵动，点缀整体造型，显得丰富多彩。镂空与布料的拼接设计，令人眼前一亮，凸显女性身材曲线，打造完美的黄金比例。,类型#上衣*风格#性感*衣样式#针织衫*衣款式#拼接*衣款式#勾花镂空*衣款式#绑带,7.5,文案整体流畅，准确覆盖了大部分关键词但遗漏了'拼接'和'勾花镂空'，生动性尚可但未完全突出商品核心卖点，因此扣分。
618,春天来了，小仙女们是不是都开始换上美美的裙子出门啦？这款小短款，可以说是每个女孩子人手一件的百搭实穿单品了。这件采用了经典的半袖袖口设计，十分方便简洁利落。搭配经典的高腰剪裁和门襟单排纽扣的设计，勾勒出曼妙身姿更添优雅气质。这样的搭配不仅时尚还十分显腿长噢~不管是小个子或是大长腿，都可以轻松驾驭各种场合不同风格的美腻装扮，轻轻松松做女神！搭配各种颜色的上衣都会是街拍达人呢。配上这条好看的小短裙，妥妥的吸睛实力派。,这一款短裙裤高腰设计，提升腰线自然显高。同时精挑细选的布料自带弹力，贴合身形勾勒曲线，对身形的包容性很好。加上别致纽扣的装饰，增添看点特别出彩。精致短款，衬托身材凸显腿长。,类型#裙*裙腰型#高腰*裙长#短裙*裙衣长#短款*裙款式#纽扣,7.0,准确性方面，文案包含了大部分关键词（裙、高腰、短裙、短款、纽扣），但未提及裙腰型（高腰）和裙衣长（短款）具体明确，且出现了'半袖袖口'等无关细节，导致关键词覆盖不完整。生动性较好，使用了'小仙女''女神''吸睛实力派'等流行语，能激发购买欲望。自然度一般，整体通顺但部分表达略啰嗦，如'轻轻松松做女神'有轻微机械感。综合评分7分。
619,印花图案具有浓郁的民族风情气息，尤其是藏<UNK>那绿白色调的配色和独具特色的设计，让人眼前一亮。设计师大胆地运用在简洁干练的半身裙上，呈现出一种现代民族主义。而腰间的金属纽扣点缀设计则为本款裙子增添了趣味性，在整条连衣裙中增添了一个亮点。,夏天看到好的颜色的印花总是忍不住要做成成品出来，各种半身裙，连衣裙，湖绿色的底色，搭配着细小的桃花，一路桃花相伴，心情都是美丽的。领口的桃花纽扣的小设计显出了与众不同的小独特小细节中凸显品质感~,类型#裙*颜色#绿色*图案#印花*裙长#半身裙*裙长#连衣裙*裙款式#纽扣,6.0,准确性部分缺失关键词（类型#裙、裙长#连衣裙、裙款式#纽扣），遗漏‘连衣裙’和‘纽扣’属性，且出现未登录词<UNK>；生动性较好，民族风描述有一定吸引力；自然度中‘藏<UNK>那绿白色调’不通顺，‘民族主义’表述怪异，整体流畅度不足。
620,精致的小黑裙，以暗色基调为底色设计，搭配重工的手工刺绣点缀其中，瞬间提升了整体时尚度，彰显品牌对产品质量的把关严格；采用经典小翻领拼接形式融入其中，彰显大气优雅风范的同时又增添了细节美感。腰部运用松紧的设计来修饰腰部曲线，打造出完美的身材比例。可随性外穿，也可脱去袖子内衬打底穿着，轻松演绎多种风格。,一款优雅气质的小黑裙，让人尽显自身魅力，体验非凡感觉。裙身满幅太阳花刺绣，不仅让人的心情变得明媚如春，更丰富了层次，彰显了立体感觉，增添了许多清新自然的氛围。欧根纱拼接翻领，让裙子变得更挺阔，更有型，促使人的身材在变得高挑挺拔的同时也显得精神阳光。,类型#裙*图案#刺绣*裙型#小黑裙*裙领型#翻领*裙款式#拼接,6.0,准确性方面，关键词基本覆盖但‘刺绣’、‘拼接’提及较简略；生动性中等，描述较具体但缺乏画面感和情感共鸣，购买欲望不足；自然度一般，部分表述如‘彰显品牌对产品质量的把关严格’略显生硬。整体优于一般AI文案，但距离人工文案仍有差距。
621,纯白色系的连衣裙上身之后不仅凸显清纯的气质，也展现出一种与众不同的浪漫与美好，尽显优雅的风采。简洁的圆领设计可以显得气质利落大方。撞色的包边勾勒出更加柔和的感觉，也能避免单调无趣性。同时修身的剪裁让上身之后更为合身显瘦，而且展现性感妩媚的一面。蕾丝花边的点缀则展现出几分温柔的味道，更显浪漫情结，与喇叭袖的设计相互呼应。,此款连衣裙经典圆领设计，拉长颈部比例，衬托出锁骨的精致，使得脸部轮廓柔和自然，展现女性魅力；时尚撞色+喇叭袖，穿出不一样的韵味，蕾丝花瓣状简洁利落，减龄更灵动飘逸浪漫，随性的下摆伴随着微风肆意摆动的瞬间，成就了女性特有的名媛魅力，更有女人味，以活泼的韵味打造立体的视觉效果；优雅性感的透视设计，时尚显瘦，凸显身材曲线，尽显女性曼妙的身姿，提升女性柔美的气质。,类型#裙*版型#显瘦*材质#蕾丝*风格#性感*图案#撞色*图案#蕾丝*裙长#连衣裙*裙领型#圆领*裙袖型#喇叭袖,7.0,【准确性】缺少关键词'蕾丝'（仅出现一次）、'透视'、'性感'（仅出现一次）未充分展现，且未提及'喇叭袖'的具体呼应。存在部分省略或弱化。【生动性】语言较流畅，但缺乏画面感和购买冲动，如未突出显瘦、飘逸等卖点。【自然度】通顺，无复读，但部分表达较平实（如'避免单调无趣性'稍显刻意）。综合扣3分。
622,这是一件在版型和设计中都无可挑剔的超薄面料轻质连身裤。纯色的衣身加上利落干净的剪裁，上身之后尽显率性潇洒的格调。利落的西装式小直形短款可以很好地修饰腰臀曲线，拉长腿部线条更显高挑与自信。立领的设计简洁有致，让整件设计都充满着随性的帅气风度和街头感，搭配一件长款的超柔<UNK>衣或者浅色系的外套，打造出清爽大气的风范。,这件很时尚的纯色短款外套穿着很有范儿，它的设计很用心。设计师采用了经典的立领设计融入衣身，给人很酷酷的感觉。让你轻松打造出个性帅气的街头风气息，而且立领的融入还能很好的修饰脖颈线条，让你的脖颈看上去更加的纤细迷人。,类型#上衣*颜色#纯色*风格#街头*图案#纯色*图案#线条*衣样式#外套*衣领型#立领*衣长#短款,5.0,待评测文案虽然生动且较自然，但核心描述为‘连身裤’而非‘外套’，与商品关键词严重不符，准确性差。因此整体得分较低。
623,这一款裤子的上半部分设计比较具有亮点之处，就是它<UNK>采用了一种紧身的收腰设计方式，将它的下半身视觉上修饰，打造出高挑而娇小的身材比例。在裙面上采用的是喇叭花边的设计，呈现出一种温柔而又性感的气质。再加上高腰修身裁剪的样式，更能凸显出纤细曼妙的体态。,这一款休闲裤时尚的高腰设计，提升腰线自然显高，精挑细选的面料，手感柔软舒适亲肤，有筋骨有弹力而且挺括有型。时尚的微喇裤型，轻松遮肉自然显瘦。加上包臀设计，性感迷人女人味足。,类型#裤*版型#显瘦*风格#性感*裤腰型#高腰*裤口#微喇裤,5.0,准确性不足：缺少“微喇裤”关键词，且“收腰设计”与关键词“高腰”有偏差；生动性一般：语言略显机械，如“比较具有亮点之处”；自然度较差：存在<UNK>标记，语句不通顺，如“将它的下半身视觉上修饰”。
624,这款印花沙滩裙选用高品质面料裁制而成，轻柔顺滑质地耐磨<UNK>，柔软亲肤具有极佳的透气性，着身飘逸灵动十分垂坠，轻盈舒适尽显仙女气质；衣身通体浪漫的印花装饰渲染出独特的艺术感，搭配以黑色点缀设计丰富层次立体感，彰显时尚潮流；优雅浪漫的v型领口剪裁凸显锁骨精致轮廓美；结合富有弹性的腰间松紧设计勾勒纤细身材塑造美好比例更显腿长，整体造型优雅吸睛不失复古韵味。,黑色的裙身并没有带来沉闷乏味的印象，七格格的设计师用生动形象的印花装点裙身，反而显得活泼减龄。它采用轻盈垂坠的雪纺纱制成，更是在行走间带来了灵动和飘逸浪漫。裙子的下摆带有顺应复古潮流的百褶，无形中加大了裙身。,类型#裙*颜色#黑色*风格#复古*风格#潮*图案#复古*图案#印花*裙型#百褶*裙下摆#垂坠,5.5,准确性方面，文案缺失了'复古'和'百褶'两个关键词，且加入了'沙滩裙'等不相关描述；生动性中等，使用了'仙女气质'、'艺术感'等词汇，但语言略显堆砌，缺乏自然流畅感；自然度较低，存在冗余表达（如'轻盈舒适尽显仙女气质'、'优雅浪漫的v型领口'等），且有疑似语病（如'搭配以黑色点缀设计丰富层次立体感'）。整体可读性一般，购买欲望不够强烈。
625,翻领设计的连衣裙带有经典的风衣时尚气质，勾勒脖颈优美线条感，增添自信干练知性的气质范儿。连衣裙的腰间配有一条飘逸大气的腰带，灵动优美的腰带带来温软柔美的文艺少女气息，衬托出优雅知性的女性魅力。搭配一件马甲或单穿，都可以在裙身上系上一个蝴蝶结装饰，演绎甜美小女人的浪漫个性。,知性文艺风的风衣马甲外套。帅气的翻领造型，线条流畅，拉长脖颈线条。无袖设计，清爽利落，显手臂细长。无门襟造型，金属质感的圆环设计。腰间系上腰带，系上蝴蝶结，个性十足。,类型#上衣*风格#文艺*风格#知性*图案#蝴蝶结*图案#线条*衣样式#马甲*衣样式#风衣*衣样式#外套*衣领型#翻领*衣袖长#无袖*衣款式#腰带,5.5,【准确性】待评测文案未包含所有关键词，如‘马甲’、‘外套’、‘无袖’、‘线条’未出现；‘上衣类型’被替换为‘连衣裙’不匹配；‘翻领’、‘蝴蝶结’、‘腰带’正确提及。整体准确度不足。【生动性】语言有一定吸引力，通过‘勾勒脖颈线条’、‘温软柔美’等描写营造氛围，但描述对象偏移为连衣裙而非风衣马甲外套，导致购买欲望降低。【自然度】语句通顺，但‘风衣时尚气质’、‘干练知性’等重复用词稍显机械；‘搭配一件马甲或单穿’与上下文衔接自然。平均分5.5，主要扣分在于关键词遗漏和类型错误。
626,小a<UNK>背带连体裤，简约干净的款式让小可爱整体造型更添时尚感。别致的大翻边设计，彰显可爱童真气息，轻松打造舒适自在的穿着体验。可调节背带和弹力腰带的设计，穿脱非常方便舒适，同时有效减少磨伤宝宝肌肤的可能。此外胸前采用纽扣开襟设计，更加符合妈妈的搭配需求，无论是搭配裙子还是直筒裤，都能轻松完成。,当活力美少女遇上减龄背带裤完美的衬托出小美女的俏皮与可爱，背带前方有纽扣设计，不光是为了方便穿脱还能避免连体裤上厕所的尴尬。背带后面的裤腰增添打褶设计，让裤腰具备一定的弹性，无论哪种身形的小美女穿着都不会紧绷还能增添甜美感。简约的直筒裤腿支持翻折，让减龄连体裤超流感大增。,类型#裤*风格#简约*裤长#连体裤*裤型#直筒裤*裤型#背带裤*裤款式#纽扣*裤口#翻折,6.0,准确性方面，文案未包含“翻折”关键词，且“纽扣”仅提到胸前开襟，未强调背带前方纽扣和避免上厕所尴尬的功能。生动性一般，语言较平实，缺乏对减龄、俏皮感的具体描写，购买欲望不够强烈。自然度尚可，但“小可爱”称呼略显口语化，整体通顺。
627,这款孕妇的连衣裙，采用超高的腰身设计显得身材凹凸有致曲线美好，搭配精致的领口可以修饰脸部轮廓以及天鹅颈，让孕妈在孕期依然自信满满魅力无限；而修身的版式上身效果良好，不仅能够打造曼妙有型的身姿曲线，同时也可以给宝宝更多的活动空间不影响宝宝的正常发育；还有俏皮的木耳花边小吊带的设计增加了视觉的层次性，凸显潮流时尚的美观度。,拥有这件连衣裙立马让你变身精致的猪猪女孩。斗篷的设计酷炫又紧跟潮流，水溶钩花的设计个性新颖，修身舒适的版型展现你的曼妙身姿。,类型#裙*版型#显瘦*风格#潮*裙长#连衣裙,4.5,未包含所有关键词，缺失'潮'；语言生动但聚焦孕妇，偏离通用人群；自然度一般，有机械复读感。
628,这款休闲裤采用修身的版型上身十分显腿长，凸显苗条身姿。小高腰的设计让身体看起来笔挺而有活力，充满街头潮酷的气息；裤身有金属扣装饰设计，增添了一丝时尚的质感。选用纯黑的配色结合纯色的面料，带来一丝轻松自在的感觉，同时百搭简约的款式让穿搭更加轻松舒适；优质的纯棉材质带来柔软亲肤和细腻顺滑的穿着感受。整体上以帅气的英军绿打造，满满的街头的个性与率性的感觉。,这款休闲裤的设计简约而不简单，高腰修身的版型，勾勒出了腿部优美的曲线，拉高了腰际线。军绿色的纯色裤面，彰显出了简约美感，尽显帅气的街头风范，选用优质的棉质材质制成，充满了质感，给你带来舒适的穿着体验。,类型#裤*版型#显瘦*材质#棉*颜色#纯色*颜色#军绿色*风格#街头*风格#简约*图案#纯色*裤腰型#高腰,7.0,准确性方面，虽然包含多数关键词，但颜色有矛盾（黑色和军绿色同时出现）且未明确体现纯色。生动性较好，如'潮酷'、'率性'等词有吸引力。自然度部分，语句基本通顺，但颜色描述前后不一致，略显机械。
629,设计师运用经典的黑色打造出了这款<UNK>的时尚小黑裙，深黑色的色调让它在视觉上有瘦身效果。<UNK>&<UNK><UNK>e将裙子打造成x形轮廓，勾勒腰部流畅的线条。v领的设计优雅大方，露出你诱人的香肩和后背，展示出性感的女人味的同时还能够拉长颈部线条修饰脸型。松紧收腰可以方便地调节松紧度，使穿着更加自由舒适，而且不会勒伤娇嫩的肌肤。,这款小黑裙采用纯黑色的设计风格，展现出经典大气的女性魅力，同时给人一种成熟优雅的时尚质感。交叠式的v领造型不仅将上身的线条修饰的更加凹凸有致，还起到很好的修饰脸型的作用，同时还带来更多的性感风情。自然的收腰设计，将女性柔美的身材曲线展现的淋漓尽致，打造有型有范的熟女魅力。,类型#裙*颜色#黑色*风格#性感*图案#线条*裙型#小黑裙*裙领型#v领*裙款式#收腰,7.0,准确性：基本包含所有关键词，但漏了“线条”且出现未登录词<UNK>。生动性：有视觉描述和效果，但后半段“露出香肩和后背”与V领不符，稍显牵强。自然度：整体通顺，但有重复或机械表达如“<UNK>&<UNK><UNK>e”，影响流畅度。
630,这款中长款的风衣采用大气的翻驳领口设计，凸显出整体风格的干练气质。<UNK>的收身袖设计，能够拉伸手臂线条。腰间加入抽绳加持，凸显整体轮廓感。同时点缀金属按扣作为开襟装饰，增添几分酷帅的味道。最后再搭配一条简约的背心裙就能穿出时髦的气质，既实用又好看。,作为一件中长款设计的风衣，显得有垂感。领口的设计较大气，很有个性。袖子部分则比较宽松，新颖别致，质感十足，置彰显卓越品质。肩型流畅，摩登有范儿。袖口看起来颇有造型，线条流畅做工精湛，上身优雅有型。同时，下摆位置设计了抽绳，较为宽松，方便活动。色系的搭配简约而不简单。,类型#上衣*版型#宽松*风格#简约*图案#线条*衣样式#风衣*衣长#中长款*衣款式#抽绳,6.5,待评测文案包含了大部分关键词，但遗漏了'宽松'、'图案'、'线条'和'风格'（简约）。语言生动性一般，虽有“干练气质”、“酷帅”等词，但整体不够吸引人。自然度中等，其中<UNK>标记不自然，部分表述略显机械。
631,"不规则的剪裁设计很具有设计感呐,非常时髦,穿出高级范儿,上身效果很好看,不显<UNK>,而且也足够好打理呢,怎么搭都可以很好看的~这款针织开春也很实穿的呀,适合各种体型的小仙女们,搭配一件小短裙就能展现出你温婉的气质了。春秋天里可以搭配各种毛衣、毛衣打底哦！",这件针织毛衣的亮点就在底摆上，前短后长的不规则底摆，增添了可爱俏皮的气息，穿在身上更有时尚的感觉。工整平滑的底摆锁边工艺，确保了针织不会出现脱线的情况，保证了衣衣的质量上乘。光滑弹性极佳的面料让你有更好的上身体验。,类型#上衣*材质#针织*衣样式#毛衣*衣款式#不规则,6.5,准确性较好，包含了上衣、针织、毛衣、不规则等关键词，但未提及底摆细节和锁边工艺；生动性一般，有“时髦”“高级范儿”等词汇，但缺少具体卖点，不够吸引人；自然度欠佳，部分语句如“不显<UNK>”存在未知词，且“各种毛衣、毛衣打底”有重复，略显机械感。
632,这一件不规则的毛衣在配色上给人的视觉感是柔和的，没有特别突兀或者浓烈的色调在其中，给人一种非常精致优雅的气质感。不规则的色彩搭配给人独特的魅力感，上身尽显时髦气质。针织的材质柔软舒适。,这款连衣裙设计。外搭一款暖心针织毛衣，加上的版型。搭配不规则的开叉下摆设计，丰富整体造型<UNK>，还能让你感受到贴心的小温暖，内搭裙款不<UNK>埋没骨子里的时尚。,类型#上衣*材质#针织*衣样式#毛衣*衣款式#不规则,5.5,部分关键词缺失：缺少'上衣'、'衣样式#毛衣'和'衣款式#不规则'中的'不规则'虽出现但未强调款式，整体覆盖率不足；语言虽有一定生动性，但描述偏平淡，缺乏购买冲动；存在轻微机械感，如重复'给人'、'不规则'，且后句与前句衔接不自然。
633,这款优雅的连衣裙采用松紧收腰设计可以修饰迷人的小蛮腰，非常显气质哦，加上其微透的面料设计，朦胧性感动人。经典的v字领口，能更好的修饰颈部的柔和曲线，展现迷人的锁骨更添柔美气息。而镂空的网眼面料让衣身更具吸引力，穿着起来不仅十分的透气舒适而且吸湿性能也是非常好的；而且宽松阔型的版型上身还带有些许的飘逸感，更显潇洒个性风姿绰约的感觉。,柔软的面料让这款长款连衣裙穿着舒适，同时搭配宽松版型，更带了份随性慵懒的气质。然后加上镂空和v领设计的领口，更多了份性感气息，而收腰设计的运用，凸显曲线，更多了份优雅气质，再搭配豆沙红底色，非常显白，也非常显气质。,类型#裙*版型#宽松*风格#性感*裙长#连衣裙*裙领型#v领*裙款式#勾花镂空*裙款式#收腰,7.5,准确性方面，文案包含了大部分关键词，但未提及“裙子”的类型和“豆沙红底色”，且未明确写出版型宽松，而是说“宽松阔型”。生动性较好，使用了“迷人小蛮腰”、“朦胧性感”等吸引词汇，能激发购买欲。自然度较好，但存在一点复读感（“修饰……曲线”、“更添……气息”重复出现），整体通顺。
634,这款连衣裙采用了中长款的版型设计，穿起来更加的拉长腿型显高挑，而且腰部位置有可调节的腰带设计，可以根据自身来选择适合的穿着样式，方便实用；下摆采用打褶的设计可以更好的遮掩身材不足之处，让你瞬间拥有完美身形；另外胸前有翻盖装饰起到很好的衬托气质的作用。,连衣裙的长度被<UNK>成中长款的样式，从而不会显露出肉感很足的臀部与大腿根，气质上更为优雅。整体选用真丝面料打造，其<UNK>与舒适性十分的卓越，中长款式<UNK>腰带，轻松勾勒出窈窕身姿。,类型#裙*裙长#连衣裙*裙衣长#中长款*裙款式#腰带,7.5,准确性上，待评测文案完整包含了所有关键词（裙长、连衣裙、中长款、腰带）。生动性方面，使用“拉长腿型显高挑”、“遮掩身材不足之处”等表述，能激发购买欲望，但整体略显平淡。自然度上，语句通顺，没有明显复读或机械感，但“方便实用”等词稍显口语化。总分7.5分。
635,清爽白色系是夏季里最受女性喜爱的，这款白色裤身更是显得清纯可人，尽显温柔气质的优雅女人味。经典的小脚九分版型，简约时尚又能完美修饰腿型，结合裤脚侧边的v型镂空设计，更添几分期许的小浪漫，让整体看上去更显利落和干练，轻松显衬出女性的知性随性气息。搭配一款垂顺感十足的阔<UNK>装或是上宽下窄的轻薄雪纺上衣，凸显休闲自由感的同时又能穿出优雅的女性魅力。,浪漫轻盈的雪纺上衣，肩部以及腰部的镂空设计打破呆板，层次丰富，增添灵动温婉的气息。深v领口，在拉长脖颈曲线的同时又能展现精致迷人的锁骨，流露不经意的小性感。知性气质的白色九分小脚裤，简约的纯色设计尽显时尚休闲气息。,类型#裤*材质#雪纺*颜色#白色*颜色#纯色*风格#简约*风格#知性*风格#休闲*风格#性感*图案#纯色*裤长#九分裤*裤款式#勾花镂空*裤口#小脚,7.5,待评测文案包含了所有关键词，但存在部分不正确（如“裤脚侧边的v型镂空设计”应为“勾花镂空”而非V型镂空，且原文未明确位置），准确性略有瑕疵；语言生动，有购买欲望；自然度较高，但结尾出现“<UNK>”导致不连贯，且整体稍显堆砌。
636,牛仔裤一直以来是女性的时尚利器，尤其是这款a字型的牛仔裤设计，在腰部的位置有两条可以调节的绳索，满足不同的身材调节，非常贴心方便哦！而且裤子下摆两侧还加入了大大的斜插口袋，实用性很强，而且黑色牛仔又带了一丝炫酷感。整体看起来很潮流呢。,俏皮的a字廓形搭配挺括硬朗的洗水牛仔，<UNK>穿又实力减龄，同时露出美好的腿部肌肤，让时尚潮人们钟爱不已。黑色毛球装饰在口袋与裙摆上，丰富其层次感之余格外吸睛夺目。舒适的一字腰头，巧妙勾勒出纤细腰肢。,类型#裙*材质#牛仔布*颜色#黑色*风格#潮*裙型#a字*裙型#牛仔裙*裙款式#口袋,5.0,准确性不足：未包含'裙款式#口袋'中的具体口袋描述（原文有斜插口袋但未突出'毛球装饰'），且将'牛仔裤'作为描述主题而非'牛仔裙'，与商品关键词不符。生动性一般：缺乏参考答案中的细节描写（如毛球、腰头设计），购买欲较弱。自然度尚可：语句通顺但略显机械，如'非常贴心方便哦'语气生硬。
637,这款优雅的修身连衣裙，精致的花朵元素，凸显曼妙的身姿，充满艺术气息。不规则的领边设计，穿着舒适优雅大方。时尚大方的领设计，显出锁骨的美感，修饰颈部皮肤美感。精美贴花元素的加入，充满了时尚浪漫的气息，同时增加了一丝飘逸灵动的气息。优雅的深色系衬托肤色白皙而亮丽，让你整个人更具魅力。性感的两件套设计打造气质名媛风，尽显妩媚动人的魅力，凸显腿部线条和修长美腿，让每个女性都成为人群焦点！精致的贴花元素彰显着品味与质感。,这款连衣裙是性感迷人的吊带款式，上身后凸显脖颈纤美的线条感！深色的混合印花，更显肤色白皙亮丽。中长的修身款式，对身材的包容性更大，上身遮肉显瘦，更显高挑纤瘦的美感。不规则的下摆剪裁，走动间轻盈飘逸，更显时髦灵动的气质感，出街实力吸睛！,类型#裙*版型#显瘦*颜色#深色*风格#性感*图案#线条*图案#印花*裙长#连衣裙*裙款式#吊带*裙款式#不规则,6.5,准确性较好，覆盖了大部分关键词，但遗漏了‘吊带’、‘不规则’（仅提到领边不规则，未提及下摆）、‘线条’等关键词。生动性尚可，但存在重复表述（如‘精致的花朵元素’和‘精致贴花元素’），且‘两件套设计’与商品‘吊带连衣裙’不符，可能引起混淆。自然度一般，部分句子结构相似，有机械感。整体质量中等。
638,一款两穿式的商务休闲风西装。前短后长的版型设计配合简洁利落的剪裁方式使得此款西服有着极佳的修身效果，能够很好地包裹和修饰身体轮廓线条，尽显男性从容随性的干练气质。搭配一粒扣的设计以及袖口的翻驳领设计显得格外成熟稳重，凸显出男士的高雅格调，适合日常或通勤时穿着，条纹布料的选用增添了几分帅气干练的感觉。无论是在工作时间还是下班聚会时都显得十分合适大气，是商务男士不可缺少的一件单品。,竖条纹打破了沉闷感拉长了线条视觉显高挑，修身的剪裁简洁干练，jing典一粒扣版自然有型，将西装的休闲和精致诠释的刚刚好，通勤和休闲都有时髦的意味。,类型#上衣*版型#显瘦*风格#通勤*风格#休闲*图案#条纹*图案#线条*衣样式#西装*衣门襟#一粒扣,7.5,准确性方面，文案覆盖了所有关键词（上衣、显瘦、通勤、休闲、条纹、线条、西装、一粒扣），但“翻驳领”非关键词且与“一粒扣”有重复描述，略显冗余。生动性上，语言较丰富，使用了“从容随性”“高雅格调”等词汇，但部分表述偏正式，购买欲望中等。自然度上，整体通顺，但“前短后长”“翻驳领”等细节使句子稍显复杂，略有机械感。相比参考答案，精简和吸引力不足。
639,这款连衣裙的罩衫采用单层的质地，配合轻柔飘逸的面料与浪漫典雅的蕾丝肌理，赋予单品与众不同的质感特色；蓬松的泡泡袖以及多层次的荷叶下摆，以俏皮甜美的风格展现都市女性温婉动人的个性风采，洋溢着青春活力的气质。而双层网纱则形成层叠的效果，将甜美气息演绎到极致；微褶的腰身裁剪巧妙地修饰身材，在灵动唯美的同时又具有几分俏然可爱的韵味。搭配简洁立体的百褶裙摆，轻松穿出优雅名媛范儿。,这条复古风的连衣裙是经典的女神款，谁穿上都会非常好看，首先是袖口设计，非常典型的泡泡袖，甜美可爱，再配合整条袖口都是纯蕾丝，这份可爱中又多了一丝的浪漫和温柔。裙摆是多层的，旋转起来，有层层叠叠的百褶效果，追求名人效果的女孩儿必备。,类型#裙*材质#蕾丝*图案#蕾丝*裙型#百褶*裙下摆#层叠*裙长#连衣裙*裙袖型#泡泡袖,6.5,包含所有关键词（蕾丝、百褶、泡泡袖、层叠、连衣裙），语言生动能引发购买欲，但行文有冗余和机械感（如反复强调甜美感），读来不够自然，相比参考答案略显堆砌。
640,很优雅名媛范的一款连衣裙，简单的小圆领露出精致迷人锁骨和优美的脖颈曲线，展现出女性的知性与妩媚。腰部松紧高收腰设计，突出小蛮腰。外层网纱结合立体饱满精致的绣花设计，若隐若现的隐约美<UNK>着淡淡的公主风气息，尽显女性柔美高贵气质。轻巧飘逸的长款款式更衬托清新脱俗的气质，将端庄与内敛完美的融合在一起。,透露着清新淡雅，高贵知性，端庄的气质连衣裙，适合每个美眉。它经典的圆领设计，修饰了女性细长的脖颈。腰身处收腰的裁剪，不仅拉伸身材比例，更凸显了高挑的身姿。网纱刺绣的设计，把女性的高贵端庄，典雅知性气质展现的淋漓精致。,类型#裙*材质#网纱*风格#知性*风格#高贵*风格#清新*图案#刺绣*裙长#连衣裙*裙领型#圆领*裙款式#收腰,8.5,准确性高，覆盖所有关键词；生动性强，使用优雅名媛、精致迷人、立体饱满等词汇，激发购买欲；自然度较好，但末端出现的<UNK>标记造成轻微不连贯，整体流畅度稍受影响。
641,这款很有甜美范儿的时尚雪纺衫，采用优雅的藕粉格调与轻盈飘逸面料结合而造就出别致的唯美格调，尽显出你的柔美娇俏气息。细腻顺滑的真丝面料加以通透亮感的轻奢华格调打造而成，具有十足的舒适触感，轻松穿出仙气十足的韵味。浪漫的荷叶花边点缀于领口和袖子的部分，辅以七分袖型的松紧袖口的处理手法，流露出几分少女般的楚楚动人，再加以宽松的版型剪裁，在清新的色彩映衬下流露出甜腻迷人的风情，加上精致的雪纺衫版型设计更显俏丽的减龄格调。,这款甜美气质的雪纺衫，精选优质的雪纺料，柔顺亲肤，穿着舒适。宽松版型，包容各种身材，舒适自然。木耳边点缀领口，浪漫不失气质。七分袖设计，端庄大气，有女人味，采用当前大热的马卡龙色。清新时尚，造型甜美时尚，又百搭。,类型#上衣*版型#宽松*材质#雪纺*风格#清新*衣样式#雪纺衫*衣袖长#七分袖*衣款式#木耳边,7.0,准确性方面，包含了所有关键词；生动性较好，使用了‘仙气’、‘楚楚动人’等词汇，但有些堆砌，减少购买欲望；自然度一般，语言稍显堆砌和机械感，不够简洁流畅。
642,裙子上的荷叶边是整条裙子的点睛之笔，层层叠叠的线条凸显甜美可爱的风范儿；白色的底色搭配粉嫩的颜色给人一种优雅大气的感觉，仿佛看到你甜美娇美的模样~,白色的裙身让你如<UNK>一样圣洁，打造出高冷的女神形象。细细的肩带大方地展露出骨感的肩颈线条，不忍转移视线。尽管采用的颜色较为单一，但是不会显得乏味和沉闷。层叠的荷叶边不仅甜美，还能令扁平的胸部变得丰满。,类型#裙*颜色#白色*图案#线条*裙下摆#荷叶边*裙下摆#层叠,6.5,准确性方面，文案包含了“荷叶边”、“层叠”、“白色”，但缺少“线条”、“裙下摆”、“层叠”作为下摆特征不够明确，且未提及“线条”关键词；生动性尚可，使用了“点睛之笔”、“甜美可爱”等描述，但“粉嫩的颜色”与商品关键词“白色”冲突，略显不准确，购买欲望中等；自然度较好，语句通顺，无复读或机械感，但“甜美娇美”略显重复。综合评分6.5分。
643,一款甜美清新的小女生背带连衣裙，俏皮可爱的设计让人眼前一亮。背带采用宽肩带的设计，穿着起来更加舒适，而且显得时尚大气。经典的深牛仔蓝色色调，充满了学院风气息。下摆撞色的毛边元素，休闲感十足。胸前的品牌字母印花点缀丰富细节美感，同时体现个性品味。胸前单边的口袋装饰设计，提升美观性。裙身多处散口、撕裂撕破等特色元素都让这款裙子多了几分艺术感和文艺魅力。,这款连衣裙采用自然的牛仔蓝色，展现出年轻一族随性自由的生活态度，同时也为衣身带来一丝清新的文艺范儿。撞色字母印花的背带设计，为这款连衣裙带来了全新的活力，也让它的色彩搭配更加丰富，展现出别样的休闲色彩。前襟的口袋造型，不仅将休闲的色彩渲染的更加浓郁，也起到了很好的实用功能。,类型#裙*材质#牛仔布*颜色#蓝色*风格#文艺*风格#休闲*风格#清新*图案#字母*图案#文字*图案#印花*图案#撞色*裙型#背带裙*裙型#牛仔裙*裙长#连衣裙*裙款式#口袋,7.0,准确性方面，基本覆盖所有关键词（如牛仔布、蓝色、字母、印花、背带裙、口袋等），但缺少一字扣、撞色裙型等细节；生动性较好，使用了俏皮可爱、时尚大气等词汇，但部分描述略显堆砌（如毛边、散口撕裂元素）可能分散核心卖点；自然度整体通顺，但稍有机械感（如'散口、撕裂撕破等特色元素'重复）。
644,BRAND的这款西装长裤，整体采用经典而低调的小格纹元素进行渲染，给人平实又精致的美感，将女性的时尚雅致品味轻松彰显出来；以利落的剪裁手法，打造出笔直简洁的垂坠线条，在视觉上更具立体廓形美感；而干练时髦的直筒裤腿设计遇上略显宽松的造型，更是可以起到优化腿型的效果；同时结合侧边的别致英文印花点缀，让裤子摆脱单调沉闷的色彩基调，增添几分随性率真的格调，便于日常通勤穿着搭配。,带着点小帅气感的一件长裤。经典的格纹印花点缀，搭配上直筒款式设计，简约线条，满满通勤风时尚感。裤身相对宽松，对大多数身型友好，且包容腿部线条，显得双腿线条笔直。,类型#裤*版型#宽松*风格#通勤*风格#简约*图案#格子*图案#线条*图案#印花*裤长#长裤*裤型#直筒裤,7.5,文案准确包含了所有关键词，生动性较好，使用了‘渲染’‘利落’‘垂坠’等词汇，增强了画面感和购买欲望。但部分表述稍显冗长（如‘将女性的时尚雅致品味轻松彰显出来’），自然度略受影响，整体流畅但略有修饰过度感。
645,这款牛仔裤采用精选牛仔面料制成，柔软亲肤舒适透气，质感柔软顺滑。宽松的立体剪裁设计，修饰了腿部的不足，同时包容性好尽显时尚范。前短后长和脚口的不对称拼接设计，别样时髦吸睛，彰显帅气率性活力的一面。,采用高品质牛仔面料，立体剪裁而成。舒适宽松的版型，小裤脚修饰腿型效果更棒。两侧不对称的磨破设计很有新意，背面明辑线拼接细节更具未来<UNK>感。,类型#裤*版型#宽松*版型#立体剪裁*材质#牛仔布*裤款式#拼接*裤款式#不对称,7.5,文案准确覆盖所有关键词，语言流畅且有一定生动性，但缺乏参考文案中‘小裤脚修饰腿型’、‘背面明辑线拼接细节’等具体亮点，整体吸引力可进一步提升。
646,这款格纹衬衣采用的是经典的黑灰配色给人营造出一种成熟清新的魅力感，上身自带气质属性。袖子处使用了双层堆叠的工艺打造出丰富的层次感。带有小气眼的拼接收紧系带，凸显出设计感的同时又很减龄。下摆及腰部的收紧处理使裙身呈现出修身效果凸显女性曼妙身姿。采用了复古的泡泡袖造型在遮掩肉肉的同时也增添了几分俏皮可爱的既视感。采用棉质面料柔软舒适手感很好给衣服带来亲肤的效果。,复古雅致的格纹衬衫，采用100%纯棉面料打造而成，柔软透气，穿感舒适自如。系带修饰领口，增添飘逸律动感，清新减龄。胸口处的毛边拼接设计，增添立体视效，更显别致细节处理。复古泡泡袖型，轻松修饰手臂曲线，遮肉显瘦。,类型#上衣*版型#显瘦*材质#棉*风格#复古*风格#清新*图案#格子*图案#复古*衣样式#衬衫*衣袖型#泡泡袖*衣门襟#系带*衣款式#拼接,7.5,文案覆盖了大部分关键词，但遗漏了'清新'和'衣款式#拼接'对应的'毛边拼接'，且'修身效果'与'显瘦'略有偏差；生动性较好，使用了'气质'、'俏皮可爱'等词语，但部分描述如'裙身'（应为上衣）存在错误，影响准确性和自然度；整体通顺，但稍有重复感。
647,纯羊毛的针织开衫选用撞色的设计，色彩鲜艳明亮吸引人的眼球同时为整体增加一丝俏皮活力气息；简洁利落的圆领搭配单排扣的设计，穿脱方便又干练大方；而简约的竖条纹元素的纹路修饰了<UNK>身形，带来十足的显高效果；直筒偏小a型的轮廓和宽松的小短款衣摆造型，上身舒适有范儿；既休闲自在中又不乏优雅文艺气质感。,一款休闲减龄的条纹针织开衫，宽松的短款版型，点缀撞色的条纹，上身舒适而不单调，散发出减龄的文艺气质；简约的小圆领结合门襟单排扣，经典而大气，上身大方而不落俗。,类型#上衣*版型#宽松*材质#针织*风格#文艺*风格#简约*风格#休闲*图案#条纹*图案#撞色*衣样式#开衫*衣领型#圆领*衣长#短款*衣门襟#单排扣,6.5,准确性较高，包含大多数关键词如针织、宽松、文艺、简约、休闲、条纹、撞色、开衫、圆领、短款、单排扣，但缺少“衣样式#开衫”的明确提及，且多出“纯羊毛”和“竖条纹”等非关键词，存在不准确。生动性较好，使用“俏皮活力”、“干练大方”等词汇有吸引力，但部分描述如“修饰了<UNK>身形”因UNK降低可读性。自然度欠佳，有重复（如“上身舒适”重复类似表述）和机械感（如“既…又…既…又…”结构切换生硬）。整体语言较流畅但可优化。
648,在柔软细腻的羊绒面料之上，通过简约不简单的剪裁方式展现出温婉恬静的气质感，同时具有修身显身材的效果，带来迷人的魅力气质。经典的v领与圆领相融合的方式展现出俏皮可爱又具有小女性的优雅气质。包臀式裙摆更显身材的纤细以及高挑的身姿，纯黑的色彩搭配展现出清新动人的气质效果，别致的图案点缀衬托出典雅的气息。,上衣简约圆领，搭配裙子的v领设计，修饰出脖颈的纤细曲线美。显瘦包臀的裙型，完美勾勒出身形的曼妙迷人，甜美浪漫的纯色调，清新而又格外的减龄。使用优质的羊绒面料，触感舒适柔软，温和亲肤，尽显品质做工不凡。,类型#裙*版型#显瘦*材质#羊绒*风格#简约*风格#清新*裙型#包臀裙*裙领型#圆领*裙领型#v领,6.0,文案包含了所有关键词，准确性较好。但在生动性上，虽然使用了一些形容词，但整体缺乏亮点和感染力，不够吸引人。自然度方面，存在重复和机械感，如多次出现'气质'，且部分表述不够流畅。综合评分6分，建议优化语言表达，减少重复，提升吸引力。
649,真丝的质地向来给人名媛的感觉，这款更是仙气十足了。温柔的粉色调，在纯白色中显得十分的醒目与抢眼。袖口做了两个扣子装饰的设计，让衬衫少了一份沉闷单调感，多了一点俏皮可爱。搭配起来也十分方便简单，清新的色彩搭配<UNK>十分减龄哦！,百搭而张显小清新风格的衬衫，淡雅的粉色系，排扣贴袋设计格外工整，衬托出优雅的仪态。活动式袖袢的设计更加彰显随性洒脱的特质。优良桑蚕丝材质工艺，上身效果轻柔舒爽。,类型#上衣*材质#蚕丝*颜色#粉色*风格#清新*衣样式#衬衫,7.0,文案包含了所有关键词，但‘名媛’一词与清新风格略有偏差；语言生动，有购买欲；自然度较好，但出现了<UNK>标记，影响阅读。
650,这款BRAND高腰a字半身牛仔裤采用了纯棉的材质加上精致的制作工艺打造而成，穿着起来柔韧舒适，触感柔软；精选优质面料，上身效果很棒。a字版型的裙子，不仅让你看起来优雅而又温柔更有女人味，还很显气质，简单大气的纯色设计让人很是喜欢。而a字的版型，还可以让人的双腿显得修长而且可以修饰腿部曲线，勾勒出纤细的美腿。穿在身上非常有青春活力感。,极简的纯色牛仔半裙，面料和版型上就很有看点，上身效果出乎意料。经典的a字半裙，用棉弹牛仔面料打造，配合腰部立体收省，能全面包裹并收紧腰腹的赘肉，轻松穿出纤细的小蛮腰，自高腰处延伸出来的裙摆，刚刚好遮住较粗的大腿部位，结合恰到好处的三分裙长，轻松穿出迷人大长腿。,类型#裙*材质#牛仔布*颜色#纯色*图案#纯色*裙型#a字*裙型#牛仔裙*裙腰型#高腰*裙长#半身裙,6.7,文案包含了大部分关键词，但缺少'牛仔布'和'纯色'（作为图案）的明确提及。生动性较好，但部分表达略显模板化（如'让人很是喜欢'），且存在冗余（'a字版型'重复多次）。自然度上，'柔韧舒适，触感柔软'稍显重复，整体通顺但略有机械感。
651,裙子采用了优雅的木耳花边设计风格，修饰出修长的脖颈线条，结合经典的一字肩样式设计，衬托出白皙迷人的肌肤，散发出独特的女人韵味，带来十足的吸引力。别致的拼色裙摆采用喇叭袖的设计风格，更添俏皮可爱感，让衣身更加的有活力气息，显得与众不同。加上下半身的精致半身裙设计风格，打造出层次分明的质感，彰显出迷人的身材。,这款裙子分为上下两个部分。上身采用一字领设计，很好的展现了脖颈及肩膀处的优美线条，落落大方更显穿戴者的优雅气质。喇叭袖的设计有效的修饰的手臂的赘肉，搭配上木耳边的装饰，让上身更具层次感。下身的半裙则是采用拼色设计，让裙子不显单调，更有设计感。,类型#裙*图案#拼色*图案#线条*裙长#半身裙*裙领型#一字领*裙袖型#喇叭袖*裙款式#木耳边,6.0,准确性方面，文案提到了木耳花边、一字领、喇叭袖、拼色、半身裙等关键词，但未明确提及木耳边装饰的位置，且将拼色归为裙摆设计，与参考答案的描述有偏差。生动性上，语言较有画面感，如“修饰出修长的脖颈线条”“衬托出白皙迷人的肌肤”，但部分表述略显冗余。自然度上，存在语句重复（如两次提到“设计风格”），且逻辑稍显混乱：拼色裙摆与喇叭袖、木耳边的关系描述不清，整体流畅性不足。综合评分6分。
652,这款气质优雅的欧根<UNK>网拼接连衣裙给人一种小女人感觉，而且很特别有个性；简约的翻领设计展现颈部线条的美感，腰间金属腰带的设计，搭配上腰间的褶皱，将你的身材修饰更加完美修长，肩部的小心机点缀，更显精致甜美感呢；整体上运用了撞色的手法，层次分明突出质感的美妙~凸显成熟女性的性感和美。,网纱连衣裙透露着浪漫的女人味，裙身别致的撞色拼接格调呈现新颖的时髦感，精致的发酵着性感和优雅。简约的翻领修饰颈部线条，门襟一排扣装饰闭合，若隐若现的轻薄质感，弥漫着神秘的气息，恰如其分地诉说一半唯美一半优雅的情怀，袖口抽褶工艺呈现微喇叭的袖口，腰间配弹力腰带。下垂自然的裙摆轻盈飘逸，传递着冬日的浪漫。,类型#裙*材质#网纱*风格#简约*风格#性感*图案#线条*图案#撞色*裙长#连衣裙*裙领型#翻领*裙款式#拼接*裙款式#腰带*裙款式#抽褶,6.5,"准确性：基本覆盖所有关键词，但未提及""网纱""和""抽褶""。生动性：语言较流畅，有一定吸引力，但""小女人感觉""不够精准，整体描述偏平淡。自然度：通顺，无机械感，但存在拼写错误（如""<UNK>""），且""成熟女性的性感和美""与前文""小女人感觉""矛盾。"
653,这款BRAND衬衫是长款版型裁剪设计的直筒衣身款式，可以很好的掩盖身体上的赘肉，起到扬长避短的效果。同时采用简约的小褶设计装饰袖口，打造出独特的精致气息，同时尽显女性的温柔气质。同时选用粉色调渲染衣面，增添整体甜美优雅的感觉，并且彰显年轻化的一面特点。,BRAND的这款睡衣，看起来很普通。但是只有你穿上身之后，你才能感受到这款家居服的魅力。棕色的走线设计，恰到好处地修饰了温馨的粉色，让整个人看起来十分简约时尚。而领口采用衬衫领的设计，勾勒出你迷人的颈部曲线。,类型#上衣*颜色#粉色*风格#简约*衣样式#衬衫,6.0,准确性上，虽覆盖了粉色、简约、衬衫等关键词，但未明确提及‘上衣’、‘风格’完整；生动性一般，描述较为平实，缺乏场景感和吸引力；自然度较好，语句通顺，但略显机械化，缺少情感代入。
654,设计上融入潮流元素，用经典的镂空设计给传统织法毛衣带来新的生命力与时尚感，摆脱了单调与乏味，简约但不简单。圆领的设计可以很好地修饰脸型线条让mm们穿出小v的既视感。精美的个性镂空结合趣味十足的印花设计，瞬间打破沉闷感给人眼前一亮的感觉。,简约与个性巧妙结合是这款毛衣的亮眼之处，线条流畅的圆领设计，轻松勾勒肩部与颈部轮廓。成衣袖口别致的镂空设计，别致新颖又潮流时尚，立体印花的点缀，又给其平添了一分酷雅气息。然后浑身散发出潮流之感，舒适的用料，将不凡格调发挥地淋漓尽致。,类型#上衣*风格#简约*风格#潮*图案#线条*图案#印花*衣样式#毛衣*衣领型#圆领*衣款式#勾花镂空,8.0,待评测文案基本覆盖了所有关键词（类型、风格、图案、样式、领型、镂空），但缺少对‘勾花镂空’中‘勾花’的具体描述。语言生动，富有购买诱惑力，如‘小V既视感’、‘打破沉闷感’等表达自然。整体流畅，无机械感，但准确性略有不足。
655,这款裙子采用浪漫的紫色调来设计衣身，让裙子看上去极具气质，同时又显得非常温婉柔情，散发出丝丝魅惑力。并且袖口和下裙摆还运用了白色条织带的装饰，使裙子的颜色呈现出一种优雅的渐变感，丰富了细节层次的同时尽显飘逸灵动感。同时它采用的也是经典的百褶裙款式，将女生骨子里的柔情浪漫的气质展露无遗，又打破了纯色的沉闷，带来满满的设计亮点哦~,这一款比起纯色的百褶裙，更显精致与高级。运用了渐变色的设计，由紫色一直渐变到白色，给人一种妩媚动人的感觉。结合百褶的裙摆，穿出优雅和飘逸感，让你的气质变得更加与众不同。,类型#裙*颜色#白色*颜色#紫色*颜色#纯色*图案#纯色*图案#渐变*裙型#百褶,8.0,准确性高，完整覆盖了所有关键词；生动性良好，使用了‘浪漫’、‘温婉’、‘魅惑力’等词汇，富有感染力；自然度较高，语句通顺，但存在少量冗余（如‘展现出’、‘展露无遗’）。总体优于常见AI文案，接近人工水平。
656,"纯手工剪裁的不规则a字裙,上身修身显瘦,而且能很好的修饰腿部线条,凸显凹凸有致的曲线~优雅迷人的大红色调结合精致唯美的蕾丝设计,彰显低调而不失奢华的品质感,举手投足之间尽显浪漫雅致之感；高腰的x型廓形，可以修饰身材比例，显得腿特别长。蕾丝花边点缀腰间和袖口，增添了几分灵动美；加上包臀的鱼尾裙片,凸显小蛮腰的同时，更显端庄大气、高雅高贵,整体气质倍增!",有着显肤白红色调的半身包臀裙，珍珠蕾丝花边装饰丰富整体立体层次感，又彰显优雅高贵气质，不规则鱼尾下摆设计增添几分灵动轻盈感，高腰a字版型轻松拉长腿部线条，上身显瘦又显高。,类型#裙*版型#显瘦*材质#蕾丝*颜色#红色*风格#高贵*图案#线条*图案#蕾丝*裙型#a字*裙型#包臀裙*裙型#鱼尾裙*裙下摆#花边*裙腰型#高腰*裙款式#不规则,7.5,准确性：基本覆盖了所有关键词，但未明确提及“线条”（仅通过蕾丝隐含），且“不规则”仅用于裙型，未充分体现“裙下摆花边”（虽然提到蕾丝花边点缀）。生动性：语言较优美，使用“优雅迷人”、“浪漫雅致”、“端庄大气”等词，但略有堆砌感；提及“举手投足”等场景，有一定吸引力。自然度：整体通顺，但“显腿特别长”略显口语化；“A字型”与“X型廓形”表述不一致，以及“包臀的鱼尾裙片”语义稍显冗余，后半段有轻微机械感。
657,这款连衣裙的肩部采用重工钉钻装饰设计显得精致又优雅，上身也非常的华丽。前襟采用了拼色v字形的剪裁能够拉长颈部视觉比例，修饰脸型的效果也非常好，腰间部分精致的金属织带，带来奢华气息的同时增加了一份独特的时尚感。后背做了两个压褶的圆形口袋装饰既美观又有实用性，下身的a型廓形宽松不束缚凸显柔美气质。整体上运用了多种蕾丝元素点缀，使得整个裙子的结构线条更加丰富，增添了女人味。而且采用的是直筒的款型，适合所有人的身材，完全不挑人。,本款连衣裙采用了宽松宽松直筒的版型，大大的v字领口，能大大的修饰女性的颈部线条，侧边超级实用的口袋，方便又百搭。加上领口处拼接的睫毛蕾丝，妩媚又迷人。下摆的同色系拼色压褶设计更是设计感十足，让人情不自禁的想要拥有它。,类型#裙*版型#宽松*材质#蕾丝*图案#拼色*图案#线条*图案#蕾丝*裙型#直筒裙*裙下摆#压褶*裙长#连衣裙*裙领型#v领*裙款式#拼接*裙款式#口袋,5.0,待评测文案包含所有关键词，但多处描述与关键词不符，如‘肩部重工钉钻’、‘腰间金属织带’、‘a型廓形’等未出现在关键词中，而关键词中的‘蕾丝’、‘宽松版型’、‘直筒裙’、‘v领’、‘拼接’、‘口袋’虽有提及，但描述与参考文案不一致或过于简略。语言较生动但部分表述冗余，自然度一般。
658,这款裙子的特别之处在于，它那俏皮可爱的格纹设计和别致有型的喇叭袖设计，使得整体的造型具有满满的少女心，也显得十分富有个性。同时小立领的设计还有很好的修饰脸型和脖颈的作用，可以勾勒出更加精致小巧的五官，而裙子下摆部分则采取修身的剪裁搭配上腰带的设计，更是能够巧妙收束腰身，打造盈盈一握的身姿曲线。,时尚达人都喜爱的格子吊带裙两件套，个性优雅不过时，适合任何体型的人群穿着。遮肉显瘦，百搭经典的上上之选。时尚喇叭袖袖口设计，修饰手臂曲线，彰显优雅名媛气质。同色系腰带收腰设计，修身显瘦，凸显身材，整齐衣摆设计，修饰身形，彰显妙曼身姿。,类型#裙*版型#显瘦*图案#格子*裙袖型#喇叭袖*裙款式#腰带*裙款式#收腰,7.0,待评测文案准确包含了大部分关键词，但遗漏了‘版型显瘦’，且未提及‘格子吊带裙两件套’中的吊带和两件套特征。语言生动有趣，具有购买欲望，自然流畅。整体良好但略有不足。
659,这是一款来自<UNK><UNK>品牌的男士风衣外套，选用优质的面料作为主材质，拥有超强的吸湿性与散热性，轻薄透气又亲肤耐磨。<UNK>中长的宽松版型搭配直筒的袖口设计，可以展现你高大的身躯。另外独特的领口翻驳头设计搭配撞色织带与下摆的交叉撞扣开襟装饰，结合品牌logo字母的精致点缀，带来更炫酷的街头感。简约而不简单的它非常适合日常穿着。,采用了帅气的棒球领口制作而成的风衣外套自带一股潇洒随性的魅力，简约的风格有着落落大方的魅力，完美诠释着街头的潮女风范。宽松的中长款版型剪裁搭配上内敛低调的色系。充满着简洁明快的减龄魔力。而衣身下摆处的字母装饰时髦有腔调，有一种趣味的感觉，却又不会过于张扬，既丰富整体细节的同时又能让衣身变得更加亮眼，轻松赚足回头率。,类型#上衣*版型#宽松*风格#街头*风格#简约*图案#字母*图案#文字*衣样式#风衣*衣样式#外套*衣长#中长款,5.0,准确性方面，关键词如'上衣'、'宽松'、'街头'、'简约'、'字母'、'文字'、'风衣'、'外套'、'中长款'已包含，但'图案'未明确体现，且提及'男士'与参考答案的'潮女风范'不符，存在性别偏差。生动性一般，描述较平实，缺少购买驱动力。自然度尚可，但出现'<UNK>'占位符和'直筒袖口'等非关键词要素，略有机械感。综合评价5分。
660,来自<UNK>的这款宽松中长款风衣外套，以独特的蓝绿配色彰显都市女性清新自然的独特韵味，袖子上的字母装饰简单而抢眼；纯天然的麻棉面料透气排汗，上身格外轻便舒适；宽松的中高领领口设计，为这件帅气时髦的外套注入了几分中性风。是潮人们出街的绝佳单品，走在人群中散发时尚的魅力，引领街头时尚品味。,采用了帅气的棒球领口制作而成的风衣外套自带潇洒随性的魅力，简约的风格有着落落大方的魅力，完美诠释着街头的潮女风范。宽松的中长款版型剪裁搭配上内敛低调的色系。充满着简洁明快的减龄魔力。而衣身下摆处的字母装饰时髦有腔调，有一种趣味的感觉，却又不会过于张扬，既丰富整体细节的同时又能让衣身变得更加亮眼。,类型#上衣*版型#宽松*风格#街头*风格#简约*图案#字母*图案#文字*衣样式#风衣*衣样式#外套*衣长#中长款,6.0,【准确性】未完全包含所有关键词：缺少'棒球领口'、'简约风格'、'色系低调'、'字母装饰在衣身下摆'等；额外出现了'蓝绿配色'、'中高领'、'麻棉面料'等无关特征。【生动性】语言较为平淡，如'简单而抢眼'、'格外轻便舒适'缺乏吸引力；'潮人'、'时尚魅力'等表述略显俗套。【自然度】基本通顺，但'来自<UNK>'的瑕疵影响理解，整体略有机械感。
661,此款单品为半开身型剪裁的衬衣版型设计，在保留原有优雅绅士风度及气质的同时，增添了些许年轻化时尚感。同时，简洁利落的翻领搭配小巧的单排扣，不仅方便穿着且还极具减龄效果。此外，前幅的立体压线设计增加了层次感，提升了整体质感效果。而精致细腻的面料加上精致的剪裁工艺打造出有内里<UNK>的衣摆及下摆，从而增加挺括度，赋予单品个性造型感，展现青春活力气息。胸前抽象的圆弧形印花图案装饰凸显摩登都市气息，使简约单调的纯色调不落俗套更加时髦经典。且舒适透气的长袖以及贴合身材曲线的立领和下摆设计兼具美观性实用性。,这款来自BRAND旗下精心推出的男士长袖衬衫，前幅利用简约的抽象印花图案修饰，增添整体的时尚气质，又具有别样的迷人气质。经典的立领翻领领口，立体感十足，也让衣物廓形更明晰。时髦的单排扣衣襟，穿脱很便利，展露出温文尔雅的气息，做工与剪裁属于一流。,类型#上衣*风格#简约*图案#抽象*图案#印花*衣样式#衬衫*衣领型#立领*衣领型#翻领*衣袖长#长袖*衣门襟#单排扣,7.5,文案覆盖了所有关键词，但缺少“立领”和“翻领”的具体体现；语言较生动，但部分表述重复（如“衣摆及下摆”），且存在<UNK>标记，自然度稍逊。整体较好，但不如参考文案精炼。
662,领口采用改良旗袍的盘扣设计，凸显中国古典韵味，上身显优雅大方的女人味。同时裙摆有<UNK>设计，更显飘逸时尚感，非常百搭与实穿。腰线部分宽松舒适，遮肉显高又显瘦，对于微胖女生来说也是很好的选择。版型比较直筒小a字型的一款连衣裙设计比较新颖，不会烂大街哦~很吸睛。复古气质，穿上很显品质感，适合20-25岁左右年龄段，是每个爱美女生不可多得的一件美衣哦！,宽松板式设计的连衣裙，是非常好驾驭的款式，遮肉显瘦，又不失灵动的俏丽之感。小立领和斜襟盘扣的中式设计元素，使得本款连衣裙，在一众连衣裙中脱颖而出，上身后既有女性温柔甜美的一面，又不失复古的端庄优雅。,类型#裙*版型#宽松*版型#显瘦*风格#复古*图案#复古*裙长#连衣裙*裙款式#盘扣,7.5,文案包含了所有关键词（宽松、显瘦、复古、连衣裙、盘扣），但未明确提及“版型#宽松”中的“宽松”一词，不过通过“腰线部分宽松舒适”表达了宽松感。生动性较好，使用了“飘逸时尚感”、“吸睛”等词汇，但存在两个问题：一是缺失的“版型#宽松”关键词未直接出现；二是出现<UNK>标记，影响自然度。整体通顺，略有机感。
663,这件卫衣看似简单的基础款，有着非常独特的亮点之处~经典的螺纹设计，从领口一直延伸到下摆处，在细节之处增添品质保证！而且它能够很好的修饰你的身材比例，让你的下半身更加显瘦哦！前襟装饰有蝴蝶结的设计，带给你甜美的公主风。而袖子加入了假两件的设计！利用抽褶的网纱来修饰出落肩的效果，打造出甜美复古的风格。衣长刚好露出纤细的小蛮腰，非常适合各种身材哦！,此款卫衣可谓是足够吸引眼球。粉粉的色调，足够的甜美可爱，加上网纱的领子与蝴蝶结的装饰点缀，又带点复古的俏皮，让人心动不已。落肩袖的设计，修饰肩部曲线。与略微褶皱的袖子的结合，高效地遮住手臂的赘肉。经典的螺纹袖口，舒适度极佳。,类型#上衣*材质#网纱*风格#复古*图案#蝴蝶结*图案#复古*衣样式#卫衣*衣袖型#落肩袖*衣款式#螺纹*衣款式#抽褶,7.0,准确性：基本覆盖所有关键词，但未明确提到'复古'风格（仅在描述中隐含）和'落肩袖'（以'假两件'和'修饰出落肩效果'间接提及），且'衣款式#螺纹'和'衣款式#抽褶'被合并描述。生动性：语言活泼，使用'甜美的公主风'等吸引人，但部分表述（如'让你的下半身更加显瘦'）较直接，略显普通。自然度：整体通顺，但'看似简单的基础款'与'有着非常独特的亮点之处'转折稍显生硬；'经典的螺纹设计，从领口一直延伸到下摆处'与后续'修饰身材比例'衔接不够自然。总分7分。
664,淡雅的橘黄色和<UNK>的海洋蓝色相叠印显得特别协调和谐而又充满浪漫唯美的气息，让人过目不忘；简约优雅的大v字圆领设计，结合微张的喇叭袖口，尽显宝贝帅气潇洒的一面呢。肩部还加入了可爱的娃娃贴布装饰，点缀上精美的花卉作为点缀后，不仅丰富了整体的造型感，而且还能凸显出宝贝青春活力的气质呢。下摆的五分袖口更是紧跟时尚步伐，带给人满满的潮流范。,这条裙子的配色非常舒服，蓝色为底色，黄色的浪漫花卉平铺其上，和谐又雅致，而且衬得人的皮肤白皙清透。它的袖子非常有趣，喇叭袖的设计也是正好迎合了当下的潮流，五分袖又恰到好处地隐藏了胳膊的肉肉。领口选择大方经典的圆领领口，整体非常简约，上身柔美典雅。,类型#裙*颜色#蓝色*颜色#黄色*风格#简约*风格#潮*图案#植物*裙袖长#五分袖*裙领型#圆领*裙袖型#喇叭袖,5.0,准确性不足：遗漏了‘黄色’（错误描述为橘黄色）、‘喇叭袖’（误写为喇叭袖口但未强调喇叭型）、‘植物’（描述为花卉）、‘圆领’（错写为大v字圆领），且包含了未提及的‘娃娃贴布装饰’；生动性一般，部分描述如‘帅气潇洒’与商品风格‘简约’‘柔美’不符；自然度差，显复读（如‘点缀上精美的花卉作为点缀后’），且存在标记<UNK>。
665,来自louisemisha的这款风衣，采用修身的廓形设计，勾勒出曼妙有型的身姿曲线，同时彰显都市职业女性的活力与率性的一面；气质十足的翻领结合大弧度的双排扣门襟，上身帅气有范儿，演绎摩登帅气的时髦感；腰间系上本布腰带可遮拦小肚腩、美化腰线并凸显身材比例，尽显落落大方的小淑女风范。,该款风衣采用修身版型，上身后有一种女神范儿，在此同时翻领设计还能为你添上一丝淑女气质。双排扣加上腰带看上去非常有气质，符合欧巴心目中女神的穿衣风格。风衣的材质薄厚适度，适合春季过渡穿着，这样既能保证温度也能显示出我们完美的身材。,类型#上衣*版型#显瘦*风格#淑女*衣样式#风衣*衣领型#翻领*衣门襟#双排扣*衣款式#腰带,8.5,文案准确覆盖了所有关键词，如修身版型（显瘦）、翻领、双排扣、腰带等，同时风格定位为淑女与帅气结合，生动形象。语言流畅自然，无明显机械感，能激发购买欲望。略扣分在于部分表述略有冗余。
666,清新的豆沙绿与淡紫色的拼接打造出清爽靓丽的色调效果，将这款连衣裙衬托显年轻时尚。搭配领间的细带设计，系成精致的小蝴蝶结点缀在领间，别致而吸睛，为这件简单基础的裙装增添了几分甜美的气质。配合宽松的版型和飘逸的喇叭袖型，更加舒适随性且遮肉显瘦，让穿着者的身形更添娇柔灵动气息。同时与同色系的条纹装饰在下摆处相呼应，演绎俏皮可爱的少女情怀。这款衬衫适合不同身材体型的人士穿搭，不挑人群，好穿自然又耐看。,今年<UNK>的衬衫款，宽松的廓形设计清新宜人的纹饰，总能给人带来清凉舒适的感觉。这款小清新喇叭袖条纹衬衫裙就非常适合学生<UNK>穿着，细条纹轻盈显瘦，融入拼接元素及蝴蝶结喇叭袖更多细节，可爱甜美。,类型#上衣*版型#宽松*版型#显瘦*风格#清新*图案#条纹*图案#蝴蝶结*衣样式#衬衫*衣袖型#喇叭袖*衣款式#拼接,8.0,准确性较高，包含了大多数关键词（如宽松、显瘦、清新、条纹、蝴蝶结、喇叭袖、拼接等），但未明确提及'衬衫'和'版型/显瘦'的显瘦描述较间接；生动性良好，语言有画面感和购买欲；自然度佳，通顺流畅，无复读或机械感。
667,清新的蓝白配色系带和腰间点缀的荷叶边拼接<UNK>，充满俏皮活力的同时凸显满满的少女感。雪纺与轻奢丝绒的碰撞结合出独特气质又丰富的层次结构。前襟小碎褶处理让版型看起来更加柔和丰富，增添甜美韵味，微蓬的大摆更显纤纤身材。喇叭袖与袖口同色系的细密打揽更凸显女人味，举手投足间优雅而轻盈动人。雪纺面料细腻顺滑轻薄柔软，穿着清爽干净，打造随性慵懒的时尚气息。,雪纺面料具备了亲肤透气的穿着效果，更好地满足了早春的时尚氛围，诠释出舒适自在的穿着体验。腰间运用丝绒织带的拼接，塑造出完美的身材比例。喇叭袖的加持，提升一股淡雅的清新格调。加之褶皱的腰身，蔓延出风情万种的大摆裙，打造出灵动撩人的魅力。,类型#裙*材质#丝绒*材质#雪纺*风格#清新*裙型#大裙摆*裙袖型#喇叭袖*裙款式#拼接*裙款式#抽褶,6.5,文案包含了大部分关键词，但遗漏了'抽褶'（仅提及碎褶），且准确度不足。语言较生动，有画面感，但部分表述存在语病或不通顺（如'<UNK>'、'细密的打揽'）。整体自然度一般，有机械感，例如'雪纺面料细腻顺滑轻薄柔软'略显堆砌。
668,上衣采用<UNK>小黑点设计，让暗调有了白搭的属性。a字的版型不挑身材，腰身部分采用白色条纹点缀，丰富视觉层次。袖口采用荷叶边修饰，带来满满的优雅女人味气质。下装搭配不规则裙摆的拼接，尽显摩登时髦范儿。另外配以爱心绣花的装饰来加持，带来浪漫的少女感气息。裙身的竖线线条，能够拉长腿部比例。,蓝白条纹相间的裙身，清爽得如同<UNK>清冽的<UNK>，颠覆传统的条纹裙身设计款式，横条纹的上身，显得女孩十分安静，而下摆采用不规则的竖条纹拼接，结合a字下摆版型，瞬间让视觉效果灵动了起来，女孩子显得更加有活力。胸前又以彩色的刺绣线条点缀，完美地结合白色条纹，构成了一幅下雨图，浪漫新颖，又增添了裙身层次亮点。,类型#裙*颜色#白色*图案#条纹*图案#线条*图案#刺绣*裙型#a字*裙款式#拼接*裙款式#不规则,4.5,准确性差，遗漏了多个关键词如条纹、刺绣、拼接等，且上衣设计无关；语言较生动但存在错误描述如小黑点；自然度一般，有复读感。
669,一款别致优雅的蕾丝连衣裙。以假两件设计呈现，前胸处采用同色蕾丝与金丝纱的结合，点缀上色彩明亮的撞色花边，上身穿着彰显少女般的甜美和可爱。拼接的高腰身版形，有效拉长身材比例；蓬松的伞状下半身，搭配上层层叠叠的设计，走动间更显俏丽可爱的气息。<UNK>裙侧边的插袋，增添了实用便捷性，穿出你的潮流范儿。,这款蕾丝连衣裙，有着粉嫩的柔美色调，衬的肌肤粉嫩白皙，穿上身减龄就是分分钟的事。蕾丝的面料，上身有种层叠的繁复感，轻透的同时又有妩媚优雅的风情，更显窈窕动人。拼接的撞色设计，让整体的层次更为丰富多彩，有种个性时尚的潮流范儿，新颖吸睛。高腰的设计，很好的拉长了身材的比例，收束出纤细的腰身，让你更为玲珑窈窕。,类型#裙*材质#蕾丝*风格#潮*图案#撞色*图案#蕾丝*裙下摆#层叠*裙腰型#高腰*裙长#连衣裙*裙款式#拼接,3.5,待评测文案遗漏了关键词“图案#撞色”和“裙长#连衣裙”，且“图案#蕾丝”对应不当。语言较平淡，不够生动，缺乏购买欲望；虽然整体通顺，但包含“<UNK>”错误，影响了自然度。
670,一件很有气质和层次感的长款假两件套，连衣裙加长裤子的搭配带来丰富视觉冲击力，时髦又个性。性感v字大领加上重工精美的花瓣工艺的花边点缀，展现出浪漫优雅的女人味。蕾丝刺绣花纹让整条裙子多了一些精致感。高腰的修身版型和荷叶大摆设计更是能很好的修饰身材尽显纤细腰部曲线。不管从哪个角度看都超有气质。,浪漫仙气的蕾丝连衣裙，v字领口露出迷人的锁骨，衬托纤细小脸；领口周围花边的点缀，轻奢甜美的同时又带点小性感。衣身精致的水溶蕾丝，刺绣的图案低调而华美。修身高腰的裁剪拉长身形，展现女子的曼妙身姿。长长的大裙摆随着步伐摆动，让人心动，满足你对夏日的浪漫幻想。,类型#裙*版型#显瘦*材质#蕾丝*风格#性感*图案#刺绣*图案#蕾丝*裙型#大裙摆*裙下摆#花边*裙腰型#高腰*裙长#连衣裙*裙领型#v领,6.5,准确性较好，但漏了“刺绣”关键词；生动性一般，缺乏浪漫仙气氛围，购买欲不强；自然度有提升空间，如“假两件套”与商品描述不符，整体稍显生硬。
671,这是一款甜美浪漫的少女粉色连衣裙，精致的蕾丝拼接和柔软的面料相结合，彰显着成熟女人的优雅魅力与细腻的女人味，展现出女性的婉约动人；复古风的领口设计十分吸引眼球，修饰脸型的效果很好；宽边松紧收腰的设计，视觉上显高又显瘦，凸显姣好的身材曲线；下摆处采用a字的大摆造型，随风飘动的浪漫情怀十足。,这是一款粉色拼接蕾丝的连衣裙，通过大裙摆表达出十分强烈的仙女感，a字型的版型，十分显瘦收腰，拉长双腿的比例。展现满满的复古甜美感。,类型#裙*版型#显瘦*材质#蕾丝*颜色#粉色*风格#复古*图案#复古*图案#蕾丝*裙型#a字*裙型#大裙摆*裙长#连衣裙*裙款式#拼接*裙款式#收腰,7.5,准确性较好，但漏了面料蕾丝和复古等关键词。生动性不错，但少女与成熟女人矛盾，有机械感。自然度较好，但略有重复。
672,这是一款男童的背带牛仔裤，纯白色的配色没有过多的点缀更显干净大气，选用优质的牛仔成分打造而成。具有超强的耐磨性且不会轻易出现褪色的现象。面料中含有<UNK>的聚酯纤维，可以使得裤子更加舒适柔软。采用百分百的纯棉材质制作而成的肩带和裤腰设计，透气性和舒适性方面都非常的出色。加厚的背心内衬面料非常的安全无害符合环保的要求，而且非常的小巧美观，适合出门进行户外运动哟。宽边的弹性腰头，不产生勒痕穿脱更加的方便快捷。经典的宽松圆弧腰口搭配直筒的脚口，更加的挺括立体。,这款来自米妮哈鲁牛仔背带裤，精选100%纯棉面料制造，手感柔软细腻穿着舒适合身。表面采用环保活性印染，无甲醛荧光剂残留，安全温和的质地守护孩子身体健康。宽松的直筒裤版型包容性较好，可以藏住肉肉凸显孩子的大长腿。,类型#裤*版型#宽松*材质#棉*材质#牛仔布*图案#环保*裤型#直筒裤*裤型#背带裤,6.0,准确性：缺少关键词“环保”和“牛仔布”，且面料成分前后矛盾（纯棉、聚酯纤维、100%纯棉说肩带和腰头），不符合商品描述。生动性：语言较平淡，部分表述如“非常的小巧美观”略显生硬，缺乏吸引力。自然度：通顺但存在重复（如多次强调某特性）和机械感（如“可以使得”、“不会轻易出现褪色的现象”），且有错误词汇如<UNK>。综合扣分较多。
673,非常好看的半身纱裙，蕾丝的面料摸起来就是很细腻而且不会<UNK>呢，穿上之后，整个人散发一种优雅的气质，加上黑色的色调，更是显得时髦感十足。短裤选用的是优质的牛仔面料，上身挺阔有型又舒服哦~整条裙子非常的独特，穿上后女人味十足而且性感十足。,牛仔短裤，黑色调，散发出性感撩人的迷人风情；简洁的腰头，显得腰线特别好看；裤脚边沿顺着蕾丝睫毛花边，微微蜿蜒的弧线婉约浪漫，整套look更显得精致了几分。,类型#裤*材质#牛仔布*材质#蕾丝*颜色#黑色*风格#性感*图案#蕾丝*裤长#短裤,4.5,准确性不足：将短裤误描述为半身纱裙，未突出牛仔布、蕾丝等核心关键词；生动性一般：虽有描写但逻辑混乱，性感风格未体现；自然度差：存在<UNK>符号及前裙后裤的矛盾表述。
674,这款来自小猪班纳的女童格子连衣裙采用了经典的衬衣元素设计，简洁的娃娃小翻领剪裁利落，衬托出小巧的脸形，搭配上时尚的方形金属扣扣口装饰，更显俏皮可爱感。时尚大方的收腰线条剪裁，巧妙遮盖赘肉，展现出你迷人的曼妙身姿曲线，尽显成熟女人魅力。加上绿色和<UNK>颜色的运用，彰显视觉美感，十分吸睛。,较为少见的绿色格纹元素，彰显了与众不同的设计韵味。干练衬衫翻领修饰颈部线条，衬托娇小脸型。腰部收腰剪裁，勾勒出曼妙的小蛮腰曲线，裙身做了撞绿色的裙摆插片，丰富视觉看点。,类型#上衣*颜色#绿色*图案#格子*图案#线条*衣样式#衬衫*衣领型#翻领*衣款式#收腰,5.0,准确性方面，待评测文案包含了大部分关键词，但缺少‘线条’和‘翻领’（虽提到‘娃娃小翻领’但未强调翻领），且出现未登录词‘<UNK>’，扣分。生动性方面，语言较平淡，‘遮盖赘肉’、‘成熟女人魅力’与童装定位不符，降低购买欲。自然度方面，整体通顺但‘时尚大方的收腰线条剪裁’表达略机械，‘撞绿色裙摆插片’被遗漏。综合给5分。
675,这一款牛仔裤个性侧拉链的设计时髦精致特别出彩，简洁的轮廓修饰身材的自然曲线展现迷人美好，看起来凹凸有致的身段十分耐看。精美花案的装饰立体别致彰显青春活力。特别是时尚的小脚设计干练利落中凸显腿长，加上高腰设计提升腰线凸显大长腿。裤脚毛边自然显潇洒。,这款来自<UNK>的毛边牛仔裤，高腰的设计，能有效提臀瘦身，塑造迷人身姿。门襟拉链设计，开合顺滑，穿脱便捷。小脚的设计，紧紧包裹双腿，显得腿部纤细又修长。毛边裤脚设计，时尚洋气，穿起来潮范儿十足。,类型#裤*材质#牛仔布*裤款式#拉链*裤腰型#高腰*裤口#毛边*裤口#小脚,7.5,文案包含了所有关键词，准确性较好。语言较生动，使用了‘个性侧拉链’、‘时髦精致’、‘凸显大长腿’等词汇，有一定吸引力。但自然度稍欠，存在‘魅力美好’、‘耐看’等略显冗余的表达，整体稍显堆砌，且未提及‘提臀瘦身’等功效，与参考答案相比稍弱。
676,这一款<UNK>拉链金属扣牛仔裤时尚的高腰设计，提升腰线自然显高。加上小脚的裤型，精致迷人凸显腿长。而且裤子走线的装饰图案做工平整工整，看起来立体生动很立体。还有毛边裤脚的设计，增添看点精致优雅。,这款来自paige的小脚牛仔裤，高腰的设计，能有效遮盖腹部赘肉，轻松塑造纤细小蛮腰。门襟拉链设计，开合顺滑，穿脱便捷。小脚的设计，紧紧包裹双腿，显得腿部纤细又修长。毛边裤脚设计，个性时尚，穿起来潮范儿十足。,类型#裤*材质#牛仔布*裤款式#拉链*裤腰型#高腰*裤口#毛边*裤口#小脚,6.0,文案包含了所有关键词，但存在<UNK>标记和重复表达（如'立体生动很立体'），语言不够自然生动，购买欲望激发不足。
677,这条裤子选用优质的面料，具有挺括的版型和垂坠感。上身非常好看显高显瘦，宽松遮肉，不挑身材更合身显瘦。九分直筒设计拉长腿部曲线，显得你更加修长大长腿既视感满满，尽显女性魅力。适合多种场合穿着哦，让你气质更出众!,来自于<UNK>的这条宽松褶位九分裤，采用的是宽松直筒的版型设计，这种版型的包容性极佳，不仅不挑身材，还能起到一定的修饰不完美腿型效果，而前腰的打褶细节，则使得裤子更为立体。再添加可拆卸织带进行点缀，轻松就能凹出自主造型。,类型#裤*版型#宽松*裤长#九分裤*裤型#直筒裤,6.0,准确性方面，待评测文案包含了所有关键词（宽松、九分、直筒），但未提及版型（宽松直筒）和裤型（直筒裤）中的直筒细节，不过整体上关键词覆盖。生动性上，文案使用了“显高显瘦”、“大长腿”等有吸引力的词语，能激发购买欲望，但结尾“尽显女性魅力”略显俗套。自然度上，文案较为通顺，但存在重复措辞如“显瘦”出现多次，且有“更合身显瘦”前后矛盾（宽松与合身），整体有一定机械感。综合打分6分。
678,圆领的版型设计有着恰到好处的包容性，让这款简单大方的连衣裙能够成为<UNK>穿着的首选！加上时尚的蕾丝元素点缀，让你轻松摆脱单调感尽显女人味的一面。蝴蝶结丝带的加入更添几分甜美可人感。而袖口的开口和裙摆的开衩设计又能够展现优雅大方，尽显女性魅力气息！,一款优美的圆领连衣裙，穿起来优雅又时尚。蕾丝花朵装饰衣身，像整个人漫步在花海，充满浪漫气息；侧边开叉蝴蝶结，优雅灵动很显大气，上身减龄又衬气质。,类型#裙*材质#蕾丝*图案#蝴蝶结*图案#蕾丝*裙下摆#开叉*裙长#连衣裙*裙领型#圆领,6.5,基本覆盖关键词，但缺少'蕾丝'图案和'裙下摆开叉'的准确描述；语言较流畅但略显套路，生动性不足；自然度尚可但部分表述机械（如'<UNK>'）。
679,一件时尚而清新的衬衣，在面料上采用<UNK>棉布的面料设计，亲肤柔软穿起来舒适自在。在衣袖的设计上选用经典的圆领搭配上荷叶边的剪裁，既甜美减龄又显得十分有活力，将女性的柔美与娇羞充分展现；下摆上则是修身收褶的设计相结合，凸显出小蛮腰并形成鲜明的视觉感；最后，这件衬衣在肩部也采用了红白蓝竖直条纹的拼接设计，整体上彰显清爽休闲风的同时更是带来一份精致的感觉！,这款衬衫很有女人味，特意选用柔软亲肤的面料，带来舒适的穿着体验。同时清新的蓝白条纹设计，在视觉上让你更显瘦。并且休闲的圆领设计更能展现你优雅的脖颈曲线美。让人眼前一亮的是，领口和袖子拼接的荷叶边设计，整体打造了优雅柔美的气质，更能衬托出女性魅力。,类型#上衣*版型#显瘦*风格#休闲*风格#清新*图案#条纹*衣样式#衬衫*衣领型#圆领*衣款式#拼接*衣款式#荷叶边,6.5,准确性方面，基本覆盖了关键词，但'圆领'、'条纹'、'拼接'等描述位置与原文有出入，且遗漏了'显瘦'和'休闲风格'的明确强调。生动性一般，使用了'甜美减龄'、'活力'等词，但整体略显堆砌，购买欲望不够强。自然度不足，存在明显AI感，如'<UNK>'未知标记，以及'修身收褶'与'显瘦'重复表述，流畅性待提升。综合给6.5分。
680,采用高弹力的布料剪裁而成的这款裤子，上身之后能够更好的贴合腰部曲线，使得你穿着之后更显舒适自然的感觉。并且选用较为经典的版型设计，阔腿的处理不仅能够修饰你的腿部曲线，同时也不会压低腰身感。再加上清爽的蓝白条纹装饰于上面的时候，更有着小清新的味道彰显呢。,连体的阔腿裤版型十分抢眼，既凸显了女性上身的颈部曲线，同时也很好的修饰出腿部曲线，最适合那些腿型并不好看的女性穿搭，体现出设计师独特的设计理念和新奇的设计想法。更值得一提的是，这款阔腿裤<UNK>选择清新的颜色设计，而是选择的是端庄但不张扬的藏青色设计，在放肆的格调中注入一点稳重气息。,类型#裤*风格#清新*裤型#阔腿裤,6.5,准确性方面，文案包含了“裤”、“阔腿裤”、“清新”关键词，但缺少“风格#清新”中的“风格”一词，且“清新”体现不足（蓝白条纹可接受）。生动性一般，语言较为平实，缺乏亮点和购买冲动。自然度较好，语句通顺无明显机械感，但略显模板化。综合评分6.5分。
681,一款优雅又大方得a字版型半身裙，腰间加入打结系带设计，增添一份精致甜美感。结合飘逸的裙摆行走间尽显你的大气风范儿！再加上松紧褶皱，自然舒适不紧绷。,明明是经典的半身裙，在融入了整齐排列的图案后形成了奇妙的视觉效果，增添了一丝高雅的韵味。上窄下宽的a字版型既修饰了腰身也展现了十足优雅的形象，结合随性的褶皱设计，增强了层次感也更凸显优越品质。,类型#裙*裙型#a字*裙长#半身裙*裙款式#抽褶,7.0,准确性方面，包含关键词‘裙’、‘半身裙’、‘a字版型’，但缺少‘抽褶’（仅有‘松紧褶皱’相关但未精确匹配）和‘裙型#a字’（未明确写‘a字裙’，但‘a字版型’可接受）。生动性较好，语言有画面感和购买欲望。自然度较高，语句通顺无机械感。整体不错，但因遗漏‘抽褶’关键词扣分。
682,非常独特的一款假两件套上衣，独特的领口设计，加上衣摆的小心机抽褶处理，凸显时髦小心机，让简单的单品更加立体有型~a字的版型设计搭配半身裙，打造出少女的优雅气质。,本款半身裙采用了棉布的挺括面料，在亲夫吸汗的同时又具备良好的舒适感，大大的a字版型少女感十足，配上30到褶皱的复杂工艺，加上大片的翻飞花朵，炎炎夏日，裙摆随着微风起舞，好一个吸睛的场面！这款设计感十足的半裙，小仙女必须要拿下呀,类型#裙*裙型#a字*裙长#半身裙*裙款式#抽褶,3.0,不包含任何商品关键词（半身裙、A字、抽褶），且描述的是上衣而非裙子，与商品完全不符；语言尚可但缺乏购买冲动；自然度中等。
683,"这是一件剪裁精致的棒球背心式小外套,干净利落的版型在初春季节穿出时尚造型轻松又得体。牛仔蓝调色调的加持，加上做旧的破格设计，别致的水洗元素让整体更具<UNK>的格调与帅气。经典舒适的短款直筒廓形，轻松应对各种身形的女孩子穿着需求。",早春的时候，没有一件牛仔外套，怎么能算是过春天呢？其实在每年的开春之际，这也是让大家烦恼的一件事，今天种草给大家的这件牛仔外套，简直不要太赞哦！属于短款的版型，相信我不用多说，这种短版型是特别显高的，刚好腰下一点，连水洗的浅蓝色也是符合了早春的气息，超赞的！闭眼入是没有问题的。,类型#上衣*材质#牛仔布*材质#水洗*颜色#浅蓝色*衣样式#外套*衣长#短款,6.5,准确性：包含牛仔布、水洗、浅蓝色、短款、外套，但未明确提及'上衣'类型（棒球背心式小外套可算作上衣，但不如直接明确），且'破格设计'可能属于破洞或磨破，与关键词不完全匹配。生动性：语言有一定吸引力，如'干净利落''帅气'，但缺乏情感号召和购买冲动，不如参考文案有生活化描述。自然度：较通顺，但<UNK>标记显示不自然，且'棒球背心式小外套'与'牛仔外套'描述有偏差，略显机械。综合评分6.5。
684,设计之初就秉持着时尚易搭的理念，将简单利落的线条和简洁的设计融入其中。经典的连帽衫的造型，既防风又增添率性休闲的味道。胸前别致的骷髅徽章印花点缀，给这款<UNK>注入一股神秘感与个性风采。无论是内搭还是单穿，都很好看的一款设计噢。作为潮人必备，一定少不了这样一件经典又有型的基础款。,卫衣两边袖筒的logo图案，结合后幅大骷髅印花，彰显品牌别致的设计理念，极具个人特点。连帽设计尽显无限休闲感，带来舒适惬意的穿着体验。,类型#上衣*风格#休闲*图案#骷髅*图案#印花*衣样式#卫衣*衣款式#连帽,8.0,准确性方面，缺少了‘袖筒logo图案’和‘后幅大骷髅印花’，但提到了‘胸前骷髅徽章’，正确关键词覆盖60%。生动性较好，使用了‘神秘感’、‘个性风采’等词语，能激发购买欲。自然度较高，语句通顺，无明显机械感。综合评分8.0。
685,这款裤子采用圆领设计，凸显颈部曲线，衬托脸小又精致。半开门襟装饰性感十足；腰间有松紧高腰线，宽松自然，穿着更加舒适随意。裤脚采用了当下流行的毛边元素加以点缀，富有浓郁的时尚创意感，瞬间提亮整体造型感。,气质高腰设计，轻松拉长腿部的比例，尽显身姿的高挑动人。创意与个性十足的毛边设计，展示出青春的不羁与时尚。宽松超短裤的设计，带有几分俏皮的小性感，更迷人。,类型#裤*版型#宽松*风格#青春*风格#性感*图案#创意*裤腰型#高腰*裤口#毛边,4.0,待评测文案在准确性上严重偏离，包含了错误的关键词描述（圆领、半开门襟），导致生动性和自然度下降，无法有效传达商品卖点，整体质量较低。
686,这款由品牌BRAND推出的卫衣外套选用温柔而不失性感的藕粉色为主基调设计，辅以胸前的英文字母织带装饰点缀，将街头潮范儿气息烘托的到位，同时结合连帽的设计。配以外套下沿的系带元素以及单侧的假口袋，又带来了满满的层次感，使得整体廓形更为饱满而立体。,这是<UNK>定制的一款开衫外套，选用的是独特的橘粉色，既能很好地显肤白，又给你满满的少女感，而且有一种温暖的感觉。集开衫和卫衣两种衣款于一身，带给你两种风格的完美结合。连帽与系带设计，具有街头随性感。口袋设计，方便而美观。,类型#上衣*颜色#粉色*风格#街头*风格#性感*衣样式#卫衣*衣样式#开衫*衣样式#外套*衣门襟#系带*衣款式#口袋*衣款式#连帽,6.5,【待评测文案】包含了所有关键词，准确性良好。语言有一定生动性，如‘温柔而不失性感’、‘街头潮范儿’等，但‘由品牌BRAND推出的’显得机械。自然度一般，个别表述如‘烘托的到位’略显生硬，整体通顺但不够流畅。扣分点：品牌占位符‘BRAND’、‘假口袋’与要求不符（关键词为‘口袋’）、缺少‘少女感’‘温暖’等参考中的情感共鸣。总体不错但需优化。
687,这一款连衣裙肩部v形的裁剪设计，修饰颈部和锁骨线条时尚又凸显精致的小脸视觉。而且经典的格纹装饰，丰富视觉自然减龄。加上喇叭袖设计，轻盈大方精致优雅。加上木耳边领子，柔美的设计自然出彩。还有后背镂空的装饰，心机微露性感迷人。高收腰设计，提升腰线修饰身材。,格子元素的连衣裙，既低调内敛，又精致时髦，充分展现出女性风情。考究裁剪的版式，结合收腰的设计，自然贴合身形，展现出纤细迷人的曲线。双肩的镂空造型，凸显出了精致的锁骨线条，平添几分性感的小女人味。裙身多处的木耳边的点缀，呼应柔美的喇叭袖型，缱绻浪漫，尽显甜美少女风。,类型#裙*风格#性感*图案#格子*图案#线条*裙长#连衣裙*裙袖型#喇叭袖*裙款式#勾花镂空*裙款式#木耳边*裙款式#收腰,7.5,准确性上，缺失了'格子'这一关键词，但提到了'格纹'，可视为近似；另外'镂空'仅提及'后背镂空'，未完整覆盖'勾花镂空'。生动性较好，使用了'时尚''精致''迷人'等词汇，能激发购买欲。自然度较高，语句通顺，但存在一定程式化表达，如'精致优雅''自然出彩'稍显机械。
688,来自品牌annil的裙子，这款a字剪裁的高腰版型的半身裙，有着不错的上身效果。它的侧边有内嵌金属拉链的处理，拉滑顺畅，方便穿脱；同时金属元素的融入也提升了产品的细节品质感哦！,这款半身裙采用高腰的a字版型设计，拉高了腰际线，尽显身材纤细，亮色的漆皮材质，带来了很好的吸睛效果。优质的五金拉链，充满了质感，在细节中彰显出了品质，选用进口的羊皮制成，给你带来舒适的穿着体验。,类型#裙*裙型#a字*裙腰型#高腰*裙长#半身裙*裙衣门襟#拉链*裙款式#拉链,7.0,文案基本覆盖了所有关键词，但缺少‘裙长’和‘裙款式’中的‘拉链’；语言相对平实，不够生动，缺乏激发购买欲望的亮点；句子通顺但略显机械，结尾‘哦’字显得随意。
689,当优雅遇见摩登，精致浪漫的细带将柔美与大气演绎的淋漓尽致。可拆卸肩垫和领角，既能打造出利落帅气的西服，也能穿成温婉的裙装衬衣裙。精选高品质面料垂<UNK>身，舒适又亲肤，轻松实现商务的强大气场。这款三件套由衬衫<UNK><UNK>组成，修身的剪裁让你在职业装的束缚中也能展现女性独特的魅力。,西装对于职场人士而言一定是必备的单品，更何况这样一款剪裁优良，版型合身，质感高级的设计。选用纯黑的色调，十分的经典，同时可塑性极强，搭配种颜色的衬衫都是非常不错的选择。而修身的版型，更是很好的勾勒出美好的身材曲线，优雅而又气质。,类型#上衣*版型#显瘦*风格#职场*衣样式#衬衫*衣样式#西装,5.5,准确性：缺少关键词'职场'，且'类型#上衣'未明确体现；包含显瘦、风格、衬衫、西装。生动性：语言较华丽，但描述偏离职场核心，如'细带'、'裙装'与关键词冲突。自然度：存在'<UNK>'未知字符，语句不够通顺，部分表达生硬。整体不够准确，建议改进。
690,简洁大方的半身裙采用了非常别致的样式，拼接式的设计看起来很有层次感，可以修饰腿型的效果十分出色。裙子选择了时尚的麻料做成，亲肤舒适很透气，适合夏天穿着。偏中长式的长度拉长了腿部比例，打造完美身材曲线，在搭配上也很简单，随便一件上衣都能让你凹造型，展现你的潮流范儿。下摆的小开叉设计让走路时活动更加方便，还透露着一股随性休闲的风味，宽松版型对身材的包容力很好哦。,时尚加分的拼接设计，在视觉上丰富了服装的层次感。把不同图案、面料组合在一起，碰撞出个性抢眼的休闲风。让你秒变不折不扣的潮流<UNK>，走在<UNK>之中别提多吸引人了。十分宽松的裤腿设计，从远处看，有种半身裙的既视感。恰到好处的隐藏住略显不完美的腿型，既时髦又飘逸，好感度up。,类型#裙*版型#宽松*风格#休闲*风格#潮*裙长#半身裙*裙款式#拼接,7.5,文案准确包含了所有关键词（类型#裙、版型#宽松、风格#休闲、风格#潮、裙长#半身裙、裙款式#拼接），但生动性一般，语言较为平实，缺乏惊艳感；自然度尚可，偶有机械表述如'在搭配上也很简单'。整体优于常见AI文案，但离人工精妙仍有差距。
691,春天里的衣橱里怎能少了一件帅气的衬衣，这件长袖条纹衬衣选用优质布料打造，亲肤透气，让你时刻保持最佳的舒适度；搭配衬衫袖的设计，不仅很好的修饰了肩部的曲线，也让手臂更加纤细修长，领口的蝴蝶结设计更是让人眼前一亮，让你轻松凸显俏皮可爱的邻家女孩气质。,面料条纹清晰，光泽柔和，具有良好的透气性，上身立体挺括。衬衫袖型为连衣袖，丰富衬衫结构，细节的时尚新颖。淡雅的颜色搭配基础的直筒版型，前幅横向分割融入连身长袖，领部蝴蝶结玩转细节心机，记住衬衫<UNK>三颗扣，达人没错了。,类型#上衣*图案#条纹*图案#蝴蝶结*衣样式#衬衫*衣袖长#长袖*衣袖型#衬衫袖,7.5,文案包含了所有关键词（类型#上衣、图案#条纹、图案#蝴蝶结、衣样式#衬衫、衣袖长#长袖、衣袖型#衬衫袖），但未提及“连衣袖”细节，与参考文案略有出入。语言生动，有购买欲望，但“优质布料”略显泛泛。整体通顺自然，无机械感。综合评分7.5分。
692,这款来自于<UNK>家的连衣裙，以优雅的静谧蓝渲染着整体设计，营造出一种沉静安详的美感，同时透着一种轻熟女生的知性与温婉；而肩袖处又采用别具心裁的开叉，在展现灵动飘逸美感之余还可彰显出纤细骨感的修臂。与此同时，它整体运用复古的小香风，更是为服饰注入一份独特的贵族气质。,想要简洁而知性的感觉，那你不妨试试素雅的色调。你看那清浅的蓝色调，配合在一款中长的连衣裙上，总是能展现出十足的魅力。而那复古的旗袍领设计，穿搭起来可以让你更显优雅范儿。配上婀娜的身线和那波浪式的裙身，让你的身材<UNK>更俏，从而展现出优雅美观的女人味来。,类型#裙*颜色#蓝色*风格#复古*风格#知性*图案#复古*裙长#连衣裙,7.0,准确性：部分关键词未覆盖（如‘图案#复古’未体现）。生动性：语言较优美，‘静谧蓝’‘轻熟女生’等有吸引力。自然度：通顺但‘<UNK>’影响流畅，整体无机械感，但风格与参考答案略有偏差。综合评分7分。
693,一款非常百搭耐看的牛仔裤，采用了九分的款式设计，露出脚踝的搭配更显高挑显瘦~时髦的小猫贴片修饰腿部，增添趣味感又很有造型感！毛边的处理增添了率性街头气质！,牛仔裤不得不说，的确是衣橱百搭小能手，不知道怎么搭配的时候来一条这样的九分牛仔裤怎么穿都合适，上身真的超级显瘦。九分裤长裤脚撕边，露出精致的脚踝，多了几分时髦感，区别常规的千篇一律，裤脚随性的毛边，演绎着摩登街头感的雅痞气息。,类型#裤*版型#显瘦*材质#牛仔布*风格#街头*裤长#九分裤*裤口#毛边,7.7,文案覆盖了大部分关键词（类型裤、显瘦、牛仔裤、九分裤、毛边、街头），但缺少'牛仔布'和'版型'，且未明确提及'版型显瘦'。语言生动，使用了'时髦的小猫贴片'、'率性街头气质'等短语，有吸引力。语句通顺，但'有趣的猫贴片'略显突兀，整体自然度较好。
694,萌趣可爱系的一件连衣裙，粉嫩的苹果绿小底色搭配上萌态的动物点缀其上，俏皮有型的造型凸显出一丝童真的趣味性；收褶设计的a字大摆型轮廓在视觉上有一种提臀的效果，打造完美身材比例的同时又很好的拉长了腿部曲线，看起来更加迷人；木耳圆弧造型的领口结合荷叶边包边的门襟设计，甜美之余尽显柔美的女神范儿气质。,来自东北动物明星的原创“史前壁画”，描绘一个万物初开，烂漫<UNK><UNK>的年代。而<UNK>图案，这一回用的是仙味儿连衣裙呈现，上身后帮姑娘们悄咪咪减龄哟。双层的荷叶边元素丰富连衣裙的层次效果，使得裙子变得更加飘逸灵动，领口的木耳边轻盈而甜美，呼应荷叶边喇叭袖口，尽显女孩子柔美动人姿态，结合收腰a字大裙摆，尽显仙气十足的少女魅力。,类型#裙*图案#动物*裙型#a字*裙型#大裙摆*裙下摆#荷叶边*裙长#连衣裙*裙款式#木耳边*裙款式#收腰,7.5,准确性较好，覆盖了大部分关键词，但缺少‘动物*图案’和‘裙下摆#荷叶边’中的荷叶边描述；生动性中上，使用了‘萌趣可爱’、‘女神范儿’等吸引眼球的词汇，但部分表达较常见；自然度较高，通顺流畅但略显模板化，整体尚可。
695,这一款卫衣时尚的弧形下摆，错落有致的不规则剪裁很显别致，加上经典圆领的设计不会过时，精致利落中凸显脖颈修长。简约宽松的版式设计，不挑身材自然显瘦遮肉，各种身形都能很好的驾驭。别出心裁的有个性拼接袖口，层次分明自然出彩。,不规则的设计和卫衣的搭配得很好，袖子部分也进行了拼接，不再稚气之余又添加了几分乖巧。不规则的下摆显高又显瘦，走起路来飘逸感十足。经典的圆领设计，修饰脸型不挑人穿。整体简约大气，剪裁干净利落，小宽松的长款版型，遮肉又显瘦。,类型#上衣*版型#宽松*版型#显瘦*风格#简约*衣样式#卫衣*衣领型#圆领*衣款式#拼接*衣款式#不规则,8.5,优点：覆盖了所有关键词，语言生动（如‘错落有致’、‘别出心裁’），自然流畅，无机械感。不足：与参考答案相比略少提及显高效果和飘逸感。总体优秀。
696,来自潮牌onemore的设计款牛仔裤，裤腿处选用磨破工艺处理，不仅彰显出前卫的街头气息，而且增加了造型的看点，让你轻松博得他人的眼球！整体以灰黑色进行渲染，更添沉稳感，经典且不过时；结合做旧元素的融入，令裤身更显时尚前卫，与金属环扣相契合，打造酷帅不羁的态度；而落肩宽松的廓形设计，则使得整条裤子更具包容性，穿上后让你尽显慵懒随性的格调！可以把它搭配一件长款的针织外套穿着，不失为这个季节里最为实穿的穿搭方法之一~,春暖花开，又是一年牛仔季，已经忍不住要给你们出各种好看的牛仔外套啦，这一款彰显着骨子里的青春个性，零星点缀的毛边处理，让牛仔帅气不减；宽松版型+落肩袖的设计率性不羁，上身各种自由随性and显小减龄,类型#上衣*版型#宽松*材质#牛仔布*风格#青春*衣样式#外套*衣袖型#落肩袖,5.0,准确性较低：关键词中上衣、宽松、牛仔布、青春、外套、落肩袖等均未体现，反而描述的是牛仔裤。生动性尚可，但描述对象与关键词不符，导致购买欲望降低。自然度较好，语言通顺，但存在复读现象（如“前卫”出现两次）。
697,此款牛仔外套，采用宽松大廓形设计，配以落肩袖，打造出随性和慵懒的气息；并且加以个性的做旧磨白，带出随意的时尚感，减龄又甜美。且门襟点缀珍珠扣，尽显女性独特的魅力。以及个性贴袋装饰，展现浓浓的时髦味道，带来一丝活泼与灵动感。可谓是青春美少女的优选之品！,春暖花开，又是一年牛仔季，已经忍不住要给你们出各种好看的牛仔外套啦，这一款彰显着骨子里的青春个性，零星点缀的毛边处理，让牛仔帅气不减；宽松版型+落肩袖的设计率性不羁，上身各种自由随性and显小减龄。,类型#上衣*版型#宽松*材质#牛仔布*风格#青春*衣样式#外套*衣袖型#落肩袖,7.0,准确性方面，文案包含了所有关键词（牛仔布、宽松版型、落肩袖、青春风格等），但门襟珍珠扣和个性贴袋在关键词中未提及，略显多余。生动性上，使用了“随性和慵懒”、“减龄又甜美”等描述，有一定吸引力，但缺乏情感共鸣。自然度较好，句式较通顺，但“且...且...可谓是”结构稍显生硬，不及参考答案流畅。总体尚可，但有提升空间。
698,简单的纯白色色系搭配竖向白色条纹设计，整体干净清爽又时髦；直筒版型的设计很好的包容腿部的不足，修饰双腿的纤细感；开衩设计的点缀个性吸睛有活力。这款裤子适合多种场合穿搭，可以随意凹造型打造出不同的气质效果；尽显女性优雅而潮流的运动风采。这款裤子让你穿上它走在大街上就能很显青春的活泼气息。利落裁剪的样式结合直筒的设计拉长腿部线条的同时还能展现大长腿。,直筒裤裤型上身舒适不束缚，裤身线条流畅，垂感很好，易凹造型；两侧条纹装饰紧跟校服裤潮流，释放时尚运动风气息，青春动感，有着瞬间减龄的<UNK>；裤脚上点缀了白色的英文字母，一点就能抓住眼球，醒目吸睛；适当的裤脚开叉设计让整条裤子远离刻板，前卫个性。,类型#裤*颜色#白色*风格#运动*风格#青春*风格#潮*图案#条纹*图案#线条*裤型#直筒裤*裤口#开叉,7.8,准确性方面，文案包含了大部分关键词（类型、颜色、风格、图案、裤型、裤口），但缺少'裤#运动'和'裤#青春'中的'运动'与'青春'标签的明确提及，不过整体涵盖度较高；生动性较好，使用了'干净清爽'、'时髦'、'活力'等词汇，能激发购买欲望，但缺少参考文案中的细节如色调描述和具体场景；自然度较高，语句通顺，无明显复读或机械感，但略显模板化。综合打分7.8分。
699,这款包采用浅灰色的外观设计，展现大气稳重的质感；配上简约大方的风格，穿出男士成熟的魅力。经典款型结合精致走线，彰显时尚优雅的气质。肩部采用了纯色的肩带以及<UNK>，做工精细，上身更有品位。而独特的翻盖腰间造型，不仅打破了原本单一的格调，还提升了裙摆的层次感。配有中长款的系带腰封为整体注入了新的活力。,纯色的色彩使用，时尚百搭，出行更加的便捷。腰间系带的工艺，轻松修饰女性完美身姿，塑造女性完美腰型。半袖的制作工艺，让穿着活动更感轻松自由，体验畅快无拘束的穿着效果。中长款的裙型制作，拉长女性身形比例，视觉显身高。,类型#裙*颜色#纯色*图案#纯色*裙衣长#中长款*裙衣门襟#系带,3.5,待评测文案提到了颜色（浅灰）、纯色、中长款、系带，但未涉及裙衣门襟（系带仅提及一次，且与腰封混淆）、裙长（中长款但描述为裙摆层次感）、半袖（未提及）。同时，文案错误地将‘包’作为主体，与商品类型‘裙’不符。语言较生硬，存在‘<UNK>’未知标记，且部分表述不自然，如‘不仅打破了原本单一的格调，还提升了裙摆的层次感’。整体准确性和自然度较低，生动性一般。
700,在视觉上很吸引人的一款连帽运动衫，下摆采用开叉设计，随行不拘束；个性的<UNK>贴标点缀帽沿，个性时尚减龄不挑身材！袖口松紧式设计，彰显潮范和慵懒的气息，帅气有型！后背的抓褶设计带来别样的美感，增添造型感与层次感；领口的抽绳也做了撞色的处理，可以很好的呼应色彩丰富度；整体采用优质绵柔面料打造，手感细腻柔软，穿着舒适透气。,这款连帽卫衣让人一眼就会爱上，独特撞色工艺搭配经典连帽抽绳版型，下摆部分的走线将主体分成上下两部分，将男性率性洒脱不羁爱自由的风格展现出来，又不会显得过分花哨。独特的假两件设计修饰手臂部分的线条，衬托出穿着者修长挺拔的身形,类型#上衣*图案#线条*图案#撞色*衣样式#卫衣*衣款式#抽绳*衣款式#连帽,6.0,待评测文案缺少关键词'假两件'，提及了'抽绳'但未突出'撞色'，'线条'未体现；语言较生动但有机械感（如<UNK>标记），部分描述如'后背抓褶'与关键词不符；整体通顺但不够聚焦核心卖点。
701,时髦洋气的阔腿长罩衫，复古与摩登并存的BRAND力。自带飘逸的波点肌理面料，让你一秒就<UNK>它身上无法脱身。袖口处的荷叶翻片，更是增添了一份层次感满满。而超大的夸张版型，则让整体充满了飘逸感。搭配一件低胸背心，和复古高腰裤，简直美到没朋友了！,阔腿裤加上超长裤腿的设计，走路<UNK>，气场十足，很<UNK>。垂感很足的面料，行走间飘逸灵动。黑底白点的波点元素，尽显复古优雅，女人味十足。高腰的设计，更是塑造胸以下都是腿的既视感。,类型#裤*风格#复古*图案#复古*图案#波点*裤型#阔腿裤*裤腰型#高腰,6.0,待评测文案包含了大部分关键词（复古、波点、阔腿、高腰），但遗漏了'图案'和'裤型'中的'阔腿裤'虽出现但不完整，且额外添加了'罩衫'、'BRAND'、'袖口荷叶边'等无关描述，准确性不足。生动性较好，使用了'时髦洋气'、'飘逸'等词，但'美到没朋友了'略显网络用语化，略失优雅。自然度有少许机械感，如'BRAND力'和'一秒就<UNK>它身上无法脱身'不够通顺。综合评分6分。
702,面料是挺刮的厚型牛仔料，不易<UNK>。做成了小飞袖的版型，非常俏皮可爱！衣摆是不对称的设计，彰显出个性。裙长在膝盖以下一点点的位置，刚好露出最细的脚踝<UNK>大腿赘肉~所以搭配起来也很简单。随意搭配一件牛仔裤都很吸睛好看哦~喜欢别致点的话可以搭一条时髦的短靴，时髦度立马up，分分钟秒杀路人！超级实用的一件单品！,这款具有时尚色彩的短外套。不对称的门襟设计别具用心，半个领子的设计也是个性突出，穿起来很潮。牛仔面料看起来质地很好，板正有型。,类型#裙*材质#牛仔布*裙款式#不对称,6.5,准确性方面，文案包含了'不对称'和'牛仔布'，但商品类型是'裙'，文案却描述为外套，忽略了'裙'的关键词，且没有明确提及裙款。生动性较好，语言活泼，有购买欲望。自然度尚可，但存在'<UNK>'未知标记和少量重复表达。总体扣分主要因类型错误。
703,精致的裙装，能够凸显女性柔美和优雅的一面。采用真丝的绸缎面料制作而成的轻薄的挂脖抹胸裙摆搭配镂空纱裙两件套设计，让你在夏日穿起来更加的清凉舒适。领口的缎带造型，显得非常甜美可人，增添一种古典的气息。腰上的腰部收紧的带子可以凸显女性纤细的腰肢。下体大片的镂空的朦胧美感，若隐若现的感觉显露出性感的质感，衬托得气质格外的端庄大方。,色彩靓丽的绸缎纹路，带来与众不同的视觉冲击，即便是同款亦有不同色呈现，可谓独一无二。人性化的可拆卸挂脖，后背系带设计，双重<UNK>既能让你抹胸撩人又能系带风情万种，内侧贴心的防滑硅胶<UNK>是你穿抹胸的安全保障。而泳裤的侧边镂空式设计，除了性感之外也是展示自我的小秘诀。,类型#裙*材质#绸缎*风格#性感*裙型#抹胸裙*裙衣门襟#系带*裙款式#勾花镂空,6.0,文案涵盖了大部分关键词（类型、材质、风格、裙型等），但遗漏了裙衣门襟（系带）和裙款式（勾花镂空）的具体描述；语言有一定生动性，但存在重复（如“凸显女性”两次）和机械感；逻辑上可以更顺畅，如领口缎带和腰部带子描述略显冗余。整体可接受但不够精准流畅。
704,这件时髦的毛呢连衣裙，面料很柔软，舒适又亲肤，上身的效果是非常不错的。侧<UNK>，开叉的设计，很时尚独特。花边小立领，带着温婉优雅的气息，还有几分甜美感。后背的金属环扣拉链设计，增添了不少的质感。裙子的下摆是修身的小a字裙摆的设计效果，加上微微的开衩设计后更加时髦显气质，加上七分花瓣袖的设计，凸显手臂纤细且唯美浪漫。,这款连衣裙采用修身的版型设计，搭配精致的剪裁设计，结合一步裙款式，展现出玲珑曼妙的曲线，更为显瘦。而后中开叉设计，穿着给身体更多的活动量，行动更为方便。加上花瓣袖设计，更为优雅浪漫。搭配拉链设计，穿脱更为方便。,类型#裙*版型#显瘦*裙型#一步裙*裙下摆#开叉*裙长#连衣裙*裙袖型#花瓣袖*裙衣门襟#拉链*裙款式#拉链,6.5,准确性：缺失'版型显瘦'和'一步裙'关键词，且多出'毛呢'、'小立领'等未列元素。生动性：语言较流畅，但部分描述如'时髦'、'显气质'偏泛化，购买欲望一般。自然度：较通顺，但存在未知符<UNK>，且有语病如'侧<UNK>，开叉的设计'。
705,这款来自<UNK>的<UNK>比基尼泳裤，采用了前幅全开的设计，带来清凉舒适的一体式效果；下摆处采用挖空的小心机设计，恰到好处的露出你修长的双腿曲线彰显独特又性感的味道；臀部采用立体有型的<UNK>设计，让你的臀部更显丰满。卡通印花的点缀让整体富有美感更显时尚个性。,夏季<UNK>不只是空调<UNK>呆着，更重要的让身体全方位凉爽。这款工字露脐吊带衫，带着bf风的3d卡通印花，艳丽的色彩和<UNK>更具和谐感，<UNK>让你舒适感倍增，穿上配上短裤妥妥的性感风。,类型#裤*风格#性感*图案#卡通*图案#印花*裤长#短裤,7.0,准确性：基本覆盖关键词，但‘卡通’和‘印花’合并提及，且‘性感’和‘短裤’符合，但关键词‘裤*图案#印花’未突出表现。生动性：描述较具体，如‘挖空小心机’、‘彰显修长双腿’，有一定吸引力。自然度：整体通顺，但‘前幅全开’和‘立体有型的<UNK>’略显生硬，略有复读感。综合扣分约3分。
706,这款来自BRAND品牌的连衣裙。设计师以精致唯美的蕾丝作为主体材料，配合着宽松的喇叭袖以及飘逸的裙摆设计，将女性优雅魅惑的一面彰显出来；抹胸式的v字开口不仅勾勒优美的肩颈部线条，配以泡泡袖的元素，充满异国风情的同时。也融入了些许欧洲宫廷气息的气息，再结合别致的立体剪裁，整体造型端庄大气而又不失少女俏皮的韵味。而花苞一字领搭配上精致的蕾丝装饰，让穿着更为舒适自在。,它像是夏天里的一朵含苞待放的花苞裙，宽松的抹胸一字领设计，这种版型属于谁穿谁好看的那种，恰到好处的展现迷人的锁骨和肩部线条而。蕾丝的优雅与浑然天成的甜美感，也衬托得无比细腻。立体裁剪<UNK>独有的柔美素雅，更是仙气满满，让你回头率爆表。加上气场强大的宫廷泡泡袖设计，搭配七种不同花型，造就了这件充满生命力的连衣裙。,类型#裙*版型#宽松*版型#立体剪裁*材质#蕾丝*风格#宫廷*图案#线条*图案#蕾丝*裙型#花苞裙*裙型#抹胸裙*裙长#连衣裙*裙领型#一字领*裙袖型#泡泡袖,5.5,关键词缺失'立体剪裁''花苞裙'等，'宫廷'有但表达有误；语言有一定吸引力但不够生动；部分句子不通顺，如'异国风情的同时。也融入了些许欧洲宫廷气息的气息'存在重复和标点错误，整体有机械感。
707,这是一件经典的卫衣，属于人见人爱又特别好搭单品的代名词。整体给人的感觉就是干净时尚感十足，宽松的短外套廓形包容性很好，不挑身材，同时还能很好的遮掩住身上小肉呢！袖口的可调节系带设计时髦又有个性，瞬间让卫衣多了几分别样的韵味。而它最大的亮点就在于后背超长的开叉设计，有种浓浓的复古味道，穿着出街也十分的吸晴抢眼呢！下搭一条简约休闲牛仔裤就很不错~,对卫衣情有独钟的妹子可不要错过这款趣味十足的卫衣哦！点缀之上的可爱装饰让人眼前一亮，同时充满了妙趣横生的画面感。再搭配复古的咖啡色，打造出甜美不乏个性的特点。还独特的采用了后襟系带设计，富有满满的设计感，再结合简约宽松的廓形，打造出时尚休闲的穿搭风格。,类型#上衣*版型#宽松*风格#复古*风格#简约*风格#休闲*图案#复古*衣样式#卫衣*衣门襟#系带,8.0,准确性：基本包含所有关键词，但缺少'复古'图案和'衣门襟系带'（待评测文中提到'袖口系带'而非'衣门襟系带'，且未强调'复古图案'）。生动性：语言活泼，有画面感，如'人见人爱''遮掩小肉''韵味'等，能激发购买欲。自然度：通顺流畅，无明显复读或机械感。扣分点在于关键词遗漏和部分描述偏移。
708,设计感十足的西装，将经典元素融入现代的审美当中，在保持实用性的同时展现时尚的魅力。以纯净优雅的白为基调，展现出女性温婉的气质。辅以利落的线条剪裁打造出小西装的版型，轻松勾勒身形曲线。翻领的设计可以修饰脸型的不足，让脸部看上去更加修长细腻。白色的选择打造清新感，百搭好相处。无其他复杂装饰和点缀，更显简约精致。,穿上这款白衬衣，会是耳目一新的感觉，它清丽而不失优雅，端庄而不失纯真，茉莉白色<UNK>清新的空气一样，让人百看不厌。是那种咋见欢喜，<UNK>也惊艳的感觉。端庄的小翻领，加上衣襟简约干练的线条,类型#上衣*颜色#白色*风格#简约*风格#清新*图案#线条*衣领型#翻领,5.5,关键词缺失'线条'(应为图案，但文案未明确提及线条图案)和'上衣'(实际描述的是西装而非衬衣/上衣)，且风格未完全匹配(文案偏设计感，参考答案偏清新简约)；语言较流畅但缺乏惊艳感，说服力一般。
709,灯笼袖的元素一直都是少女甜美的符号，所以对于女性来说穿腻了中规蹈矩的小清新的甜美感之后，来一点不羁的酷感感觉也很舒服，就像这件卫衣一样。袖部是带有中国风的仙鹤刺绣设计，<UNK>着一种别具一格的美感，穿上后给人一种很灵气的感觉。,法式浪漫小清新的卫衣，真的很适合爱美的小仙女。BRAND的这款灯笼袖卫衣格外的洋气，清新配色的小鹿图案绣花，精美的展现在胸前，增加了十足的俏皮感，穿着凸显出满满的仙气。,类型#上衣*风格#清新*图案#刺绣*衣样式#卫衣*衣袖型#灯笼袖,4.0,1. 准确性：部分关键词（刺绣、灯笼袖、卫衣）已包含，但缺少‘图案#刺绣’中的‘图案’、‘衣样式#卫衣’已包含，‘风格#清新’只在开头提及但并非整体风格，且核心图案应为‘小鹿’而非‘仙鹤’，存在明显偏差。2. 生动性：语言有修饰但转向‘不羁的酷感’与关键词‘清新’冲突，削弱了购买欲望。3. 自然度：基本通顺，但出现<UNK>符号，有机械痕迹；后半句‘来一点不羁的酷感感觉也很舒服’稍显拗口，逻辑转折生硬。
710,这款连衣裙采用的材质精选自真丝面料，质地细腻柔滑具有极佳的顺滑感。在加上轻薄透气又有挺括性的特点，穿<UNK>非常舒适有版型。轻盈性感的半透明雪纺设计使裙子多了一份女性的温柔优雅气息，同时还能展现若隐若现的小性感。而精致的提花工艺更是增强了这款裙子的立体感。浪漫唯美的花朵点缀在连衣裙上，更添几分精致时尚的感觉。后幅大面积的绣花也提升了档次。,这条花朵刺绣雪纺连衣裙领口部分采用优雅的系带领口设计，可以根据自己的喜好随意调节，让小性感呼之欲出。精致的花朵刺绣装饰，是整条裙子的亮点所在，精湛的刺绣工艺让花朵看起来栩栩如生，增添了裙子的生动气息。另外裙子选用轻盈的雪纺面料，打造出浪漫飘逸的感觉。,类型#裙*材质#雪纺*风格#性感*图案#刺绣*裙长#连衣裙,6.5,文案基本流畅，但未包含所有关键词：缺少'刺绣'一词（仅提了'提花'和'绣花'，但关键词要求'图案*刺绣'，应明确点出'刺绣'）。同时，描述中出现了真丝面料与雪纺混用，有矛盾。生动性较好，但自然度因细节错误和略有机质感而扣分。
711,这款来自BRAND的女童时尚风衣，采用优质的弹性面料打造而成，不仅手感柔软细腻更穿着舒适亲肤不刺激，经典的翻折式的小翻领设计。修饰颈脖的纤长美观大方，宽松的袖口贴合手臂舒适的包裹，能够柔和手腕线条尽显甜美气息；侧边添加了个性的品牌logo标志和人物以及趣味字母装饰，提升品质感的同时显得个性又时髦。,宽松廓形的风衣，大大的版型，帅气又有型；简洁精干的翻领设计，修饰线条又凸显气质；光滑抗寒的面料，薄薄一层却可以抵挡春日寒意。背后的人物图案，前身的字母装饰。减龄又显活力。松紧袖口的设计，活动方便又实穿。,类型#上衣*版型#宽松*图案#人物*图案#字母*图案#文字*图案#线条*衣样式#风衣*衣领型#翻领,7.0,待评测文案基本涵盖了所有关键词，但准确性上稍有不足，如未明确提及“宽松版型”和“线条”。生动性尚可，使用了“手感柔软细腻”、“纤长美观大方”等描述，但整体略显平淡，缺乏冲击力。自然度较好，语句通顺，未出现明显复读或机械感，但部分表述如“柔和手腕线条”略显生硬。综合评分7分。
712,这一款衬衣时尚的侧边弧形开叉设计，透着心机打破单调。简洁流畅的长袖贴合手腕，恰到好处的长度修饰手臂线条。整体看起来特别干净利落，修身的剪裁让曲线得到了释放更显得精神气色。加上经典横竖条纹的点缀，不会过于简单，增加看点特别时髦。,基础款的条纹衬衫，圆形的领口修饰精美的颈部线条，使得脸型也变得更加的小巧精致，长袖的设计贴合手臂的线条时，手臂更加的纤细活动自如。修身的版型穿在身上贴合身体线条，选用优质的面料，舒适柔软而又亲肤，适合贴身穿着,类型#上衣*版型#显瘦*图案#条纹*图案#线条*衣样式#衬衫*衣袖长#长袖,6.0,准确性方面，缺少‘线条’关键词且‘显瘦’体现不足；生动性尚可，但修饰过多略显堆砌；自然度较好，无机械感。综合扣分。
713,经典好搭的牛仔裤，是时尚达人必备的单品之一，它上身之后凸显出慵懒随性感。采用百搭款深蓝基调装饰而成，尽显青春少女活力感。再结合宽大荷叶边版型剪裁打造，使得整个人在行走之间都飘逸洒脱，加之利落的裤脚设计，又展现出落落大方气质美。而宽松的高腰阔腿裤型，穿着舒适的同时不失少女清新感，再加上经典的微喇叭设计，更是让腿部显得修长笔直。,来自BRAND的牛仔裤采用深蓝色造型，耐脏的同时也不容易<UNK>哦。高腰的款式结合荷叶边的加持，将身材比例拉长，再多的肉肉也能秀出小蛮腰。直筒阔腿的裤型，遮盖腿部小秘密，轻松显笔直腿型，走路间飘逸自在，既能扮酷又能散发清新哟。,类型#裤*材质#牛仔布*颜色#深蓝色*风格#清新*裤型#直筒裤*裤型#阔腿裤*裤腰型#高腰,6.0,准确性：缺少'颜色#深蓝色'和'裤型#直筒裤'关键词，增加了未要求的'微喇叭'；生动性：语言较流畅，但整体偏普通，缺乏亮点；自然度：基本通顺，但'宽大荷叶边'与荷叶边不同，且'显笔直腿型'与'显得修长笔直'有重复感。
714,这款女童哈伦裤，采用了九分的板式设计，很好的修饰女性的腿型。显瘦的效果非常好，加上裤子采用的是高品质的面料制作而成，穿在身上非常柔软舒适，而且穿着的时候透气又亲肤。再加上精美的花边装饰点缀在其身，凸显了女性俏皮可爱的一面，非常适合可爱的小仙女穿搭哦。,这条裤子比一般的哈伦裤，来的更加的显瘦。<UNK>来自于它腰头的褶裥和省道收割，该收的地方收，该放的地方放。上身特别的藏肉，然后来自于带点慵懒味道的宽大裤筒，遮肉，<UNK>，很显腿直！简直是梨型身材妹子的福音。配合九分的裤长，穿起来更显腿长不说还很帅。,类型#裤*版型#显瘦*裤长#九分裤*裤型#哈伦裤,4.5,文案包含了'显瘦'和'九分裤'，但缺少'哈伦裤'的显瘦特点描述，且未提及'哈伦裤'的关键版型特征。语言较平淡，缺乏吸引力；部分表述不通顺，如'采用了九分的板式设计'，且有复读感（'非常柔软舒适'、'穿着的时候透气又亲肤'）。
715,时尚的百褶元素，搭配上粉色的裙身，整体更显浪漫优雅，同时充满小女生的甜美感。领口处的系带设计，为整条裙子增添了柔美的气息又可勾勒脖颈曲线气质出众。独特的星星印花设计精美细致，满满的青春活力彰显出俏皮可爱的少女形象，同时给人一种甜美小女生气质。高腰的设计有效拉长腿部比例，轻松打造大长腿视觉美感。尽显温柔动人的淑女范儿。,过膝至脚踝的长度将双腿都隐藏在裙身当中，再搭配上高腰的设计，展现出曼妙高挑的身材。淡粉色的款式更能衬托出甜美的气质，小巧的印花图案还增添了淑女感，也有减龄的效果。ｖ领搭配系带的设计更显乖巧，风琴百褶的裙摆富有层次，轻盈流动。,类型#裙*颜色#粉色*风格#淑女*图案#印花*裙型#百褶*裙腰型#高腰*裙衣门襟#系带,6.0,准确性方面，缺少裙型、高腰、淑女、印花图案和系带等关键词的描述；生动性一般，虽然使用了部分修饰词，但整体缺乏画面感和吸引力；自然度尚可，但存在表述重复和逻辑不够清晰的问题。
716,一款优雅气质的裙子总是能给人一种特别的感觉，这件连衣裙采用了双线撞边的设计搭配，看起来非常有立体感。加上整体是淡紫色的深蓝颜色的设计搭配又十分的素雅美观。配合整体的蓬蓬裙的版面更加有一种独特的甜美气质，非常的时尚大气,采用金属色绣线将棱角分明的星星刻画出来，以毫无规律的姿态<UNK>摆放在裙身。在和深蓝色基调相融之间，营造出一种夜空繁星的感觉。让这款蓬蓬纱连衣裙看起来梦幻又浪漫，并且给人一种高调轻奢的感觉，穿起来气质又迷人。,类型#裙*颜色#深蓝色*裙型#蓬蓬裙*裙长#连衣裙,5.5,准确性方面，未包含关键颜色'深蓝色'（误写为'淡紫色的深蓝'），但包含'蓬蓬裙'、'连衣裙'等；生动性方面，语言较为平淡，缺乏画面感和购买冲动；自然度方面，部分语句稍显机械，如'淡紫色的深蓝颜色'表述不自然。整体中规中矩，需改进。
717,这款连衣裙，粉色的渲染充满优雅和温柔气息。领口是圆领设计，简单而大方，修饰脸部的弧度。松紧的腰身很好的勾勒出女性的凹凸有致的身体曲线。裙摆是飘逸灵动的蕾丝织花荷叶边，衬托出身姿，更添仙气飘渺灵动之感。上身非常减龄，散发满满的少女感。整体版型略微宽松，适合大多数妹子驾驭。采用优质的面料制成，亲肤柔软透气舒适。尽显时尚文艺气质。裙子腰部是浪漫唯美的木耳边装饰设计，增添不少甜美的气息；腰部收紧设计在视觉上提高了你的腰线，拉长了腿长，让你拥有一双迷人大长腿。非常适合日常穿着。,<UNK>飞扬的夏季，少不了蕾丝裙的踪影。这件粉色文艺荷叶边连衣裙，采用简单大方的圆领设计，修饰脖颈，微露一丝性感美。袖口采用宽松舒适的荷叶边，修饰手臂，又迎合整件衣裙的飘逸感。腰间以精巧可爱的木耳边<UNK>，<UNK>递进，在宽松上又增添一丝格调美。,类型#裙*版型#宽松*材质#蕾丝*颜色#粉色*风格#文艺*图案#蕾丝*裙下摆#荷叶边*裙长#连衣裙*裙领型#圆领*裙款式#木耳边,6.5,准确性方面，关键词基本覆盖，但未明确提及'宽松版型'和'蕾丝材质'，且'粉色渲染'不够具体；生动性较好，但部分描述（如'凹凸有致的身体曲线'）与宽松版型矛盾；自然度一般，存在轻微机械感。
718,这一款个性十足的连帽印花长袖衫，最大的设计亮点在于连帽的假两件设计，这样的款式设计十分的有个性呀，既充满优雅气息又彰显个性啊。搭配起来也是很有心机的呐。整体设计是宽松的，给人带来一种很休闲的感觉哟。而且，这样也是不会起皱的，方便清洗，很适合出门旅行时的穿搭单品噢。,BRAND带来的这款印花大贴袋卫衣，衣身采用常见的连帽款式设计，轻松减龄，上身穿出清新少女感。宽松的版型裁剪，舒适不紧勒，带来休闲洒脱的惬意。衣身正面的logo印花点缀，装饰衣身的同时，提升了品牌辨识度。,类型#上衣*版型#宽松*风格#休闲*风格#清新*图案#印花*衣样式#卫衣*衣款式#连帽,5.0,待评测文案未正确包含所有关键词（如缺少'清新'、'图案'、'卫衣'），且错误提及'优雅'、'起皱'、'清洗'等无关属性。语言有复读感（如'呀'、'呐'、'噢'），缺乏购买欲望。建议提高准确性并优化语言的自然度。
719,这款阔腿裤的腰线在腰部做了拉长设计，上身更显身材的高挑，同时结合上高腰的收拢设计，更能突出小蛮<UNK>。侧边的系带来点睛整体的感觉，展现女性甜美可爱的特点。口袋的设计更是让阔腿裤有了修饰臀形的作用，不会太过臃肿，还能凸显出腿部线条纤细的感觉，十分好看。另外还有大容量的口袋来满足你放置物品的需求。裤子版心是略微有些宽松的样子，能让你在炎热的天气中保持凉爽的状态，活动起来也更有自由感。,珂莱蒂尔高腰阔腿裤采用宽边高腰腰头设计，可完全包裹腰腹部，可隐藏小赘肉，展现纤细腰部线条。拉链顺滑易拉，穿<UNK>更方便、更轻松。两侧对称斜插口袋设计，可方便插手的同时，还可放置随身携带的小物品，美观又实用。宽松的裤腿设计，可隐藏腿部肉肉，更加凸显腰部曲线。内里走线工整，精致工艺，彰显品质。,类型#裤*版型#宽松*图案#线条*裤型#阔腿裤*裤款式#口袋*裤款式#拉链*裤腰型#高腰,6.5,准确性方面，文案覆盖了大部分关键词，但遗漏了'拉链'和'口袋类型'细节，且'腰线在腰部做了拉长设计'表述不够准确，易混淆。生动性较好，使用了'小蛮腰'、'甜美可爱'等词汇，有一定吸引力。自然度尚可，但'口袋的设计更能修饰臀形'夸大功能，整体逻辑稍显跳跃。参考答案更专业严谨，AI文案需提升准确性和产品卖点的聚焦。
720,这款卫衣是oversize的版型，上身效果非常时尚个性，对身材要求不高，藏肉显瘦功力很赞。袖子上设计了弹力的松紧设计，增添更多休闲运动的气息更加减龄时髦哦~胸前贴布的设计也是超级可爱又吸睛的存在，穿上它轻松让你拥有校园女神的小鹿<UNK>。百搭款的一款运动衫，可以单穿也可以作为春秋的外套搭配打底，绝对是一件不会出错的单品！整体设计都比较偏向于日常款式，怎么穿搭都好看。,卫衣款裁剪的外套，延续了一贯的休闲运动风，倍显青春的动感减龄范儿。整体宽松的廓形裁剪，营造出了舒适的上身感，富余的空间维度，赋予了衣身修身百搭的实穿属性。看点满满的帽带摆脱了以往的平庸造型感，宽织带点缀的小猫图案，结合<UNK>的金属环扣，尽显潮酷个性。,类型#上衣*版型#宽松*版型#显瘦*风格#运动*风格#休闲*风格#青春*衣样式#卫衣*衣样式#外套,7.0,准确性方面，待评测文案涵盖了‘卫衣’、‘宽松’、‘显瘦’、‘运动’、‘休闲’、‘青春’等关键词，但缺少‘外套’和‘版型显瘦’的明确描述，不够完整。生动性较好，使用了‘时尚个性’、‘藏肉显瘦’、‘减龄时髦’等吸引性词汇，但‘小鹿<UNK>’等表述存在占位符，影响效果。自然度较高，语句流畅，无明显机械感，但‘百搭款的一款运动衫’略有重复。综合评分7分，建议补充‘外套’属性并完善缺失词汇。
721,这款连体衣是深v形领口，在彰显你美好锁骨的同时，又恰到好处地露出白皙的美背和肩部肌肤，尽显女性的柔美气质，将你优雅妩媚的风姿展现得淋漓尽致。此外，它采用的是<UNK>的弹力牛仔面料，透气性很好而且十分结实耐用，给你凉爽透气的穿着体验。,3x1的这款牛仔裤采用浅白的牛仔面料为裤身材质，其柔然的手感和细腻的质地，在穿着舒适的同时，透露着清纯甜美的个性气质。除此之外，流畅的裤身剪裁将性感的腿部曲线彰显的淋漓尽致，不失为一款随性出街的必备单品。,类型#裤*材质#牛仔布*风格#性感,5.0,准确性不足：未包含关键词‘裤’和‘风格#性感’，且误用了‘连体衣’；生动性一般：描述较具体但缺乏吸睛词汇；自然度中等：语句通顺但未突出牛仔裤特点，机械感不强。
722,高腰的阔腿剪裁是提升腿部比例的不二法则。九分的长度更显干练利落，<UNK>脚口的微喇设计修饰小腿曲线，优雅又有气场。裤身在袖口和插袋的地方用了同料系的织带进行拼接和装饰，凸显出品牌的调性和个性感。臀部也用了一个大口袋来增加实用性。版型上做了一个锥形廓形，这样对身材的包容度很大。在材质上身非常柔软，贴合肌肤的触感让你爱不释手。,这条九分休闲裤选择百搭的色系，可以随性穿搭。高腰的裁剪和阔腿的版型，拉长你的双腿线条，缔造黄金比例，九分的裤腿露出纤细的脚踝，不会使下半身显得臃肿。裤腿处的设计舍弃了单调的侧面单裤缝，而是选择了裤脚两侧拼接，使腿部看起来更加纤细。后侧的一字口袋，提升臀线，塑造臀部凹凸有致。,类型#裤*图案#线条*裤长#九分裤*裤型#阔腿裤*裤款式#拼接*裤款式#口袋*裤腰型#高腰,6.5,准确性方面，缺少'线条'关键词，且'裤型#阔腿裤'在待评测中是'锥形廓形'，与参考不符；生动性上语言较吸引人，但'<UNK>'显突兀；自然度尚可，但'身材包容度很大'略显生硬。整体含错误且关键词遗漏，因此6.5分。
723,裤脚的部分采用了毛边工艺处理，在整体上打破了整版的沉闷感的同时给裤身带来不少的层次效果。而且还可以更好的贴合双腿曲线，从而让你穿着更加舒适。采用卷边的处理方式可以在视觉效果上身形显得更加的纤细，凸显曼妙的身材。同时羊毛的面料质地非常的柔软细腻，穿起来温暖贴肤。,选用高品质精细羊毛面料，质地轻薄细腻，贴身丝毫没有<UNK>。柔韧而不失挺括度，能极好的撑起极简的裤型，上身立体有型。腰部和脚口融入金线织带装饰，打造出吸睛的细节看点，令整体不再单调。卷边的裤脚造型，更有设计感，也能丰富裤身层次，提升上身的时髦度。,类型#裤*材质#羊毛*裤口#卷边,6.5,准确性方面，文案包含了“羊毛”和“卷边”关键词，但未明确提及“裤口卷边”中的“裤口”，且“毛边工艺”与“卷边”概念有混淆；生动性方面，使用了“打破沉闷”、“层次效果”、“贴合曲线”等词汇，有一定吸引力，但缺乏金线织带等细节亮点描写；自然度方面，整体通顺，但“采用卷边的处理方式可以在视觉效果上身形显得更加的纤细”句式稍显冗长，略有机械感。综合扣分因关键词遗漏和部分表达不够流畅。
724,纯黑色的吊带背心连衣裙加上深蓝色的撞色竖条纹设计，能够衬托出女性优美的身材曲线，使裙子带有性感的女人味儿。不规则的裙摆设计，显得随性自然，使裙子看上去更加别致。腰部用圆环设计加以点缀，增加复古感。,深蓝的连衣裙色调沉稳而不显浮夸，设计师仅以复古的条纹勾勒，加以蓝白的撞色点缀，在丰富细节亮点之余，也更具吸睛抢眼的时髦个性。而吊带的设计，让你肩部的肌肤些微裸露，不经意间散发的性感气息将你迷人的风情演绎的淋漓尽致，搭配上不规则的下摆设计，优雅天成。,类型#裙*颜色#深蓝色*风格#复古*风格#性感*图案#条纹*图案#复古*图案#撞色*裙长#连衣裙*裙款式#吊带*裙款式#不规则,7.0,准确性：缺失'条纹'关键词（未直接提到条纹），且颜色描述有误，正确为深蓝色，文案写纯黑色。生动性：有一定吸引力，如'衬托身材'、'随性自然'，但语言较平淡。自然度：通顺，无机械感。整体表现中等。
725,衬衫的样式作为一款经典的单品，相信每个女生都有自己的一件。而这款以纯黑为基调设计的衬衫裙，在腰间加入荷叶边的添加不仅将女性柔美大方的气质展现出来同时又有种灵动飘逸的感觉。而它露肩式的样式设计，还让女性的小香肩得以凸显出来。,以荷叶边装饰整体裙身，在肩部开口的露肩设计，可谓是点睛之笔。微露肉的设计，给人以甜美温柔的印象。黑色竖纹的元素装饰，更为衬衫裙平添亮点，轻松满足icon多种风格搭配所需。,类型#裙*颜色#黑色*裙型#衬衫裙*裙下摆#荷叶边*裙款式#露肩,6.5,准确性较好，涵盖了衬衫裙、黑色、荷叶边、露肩等关键词，但未明确提及竖纹元素（参考答案中提及，但关键词未要求）。生动性一般，语言较平实，缺乏感染力，未能有效激发购买欲望。自然度中等，语句基本通顺，但有个别表达略显冗余（如‘将它露肩式的样式设计’）。整体评分6.5分。
726,甜美、优雅和精致，在连衣裙上展现无疑。领口及胸前都使用了重工的绣花装饰，小仙女出街也能自带光芒feel！微透五分袖设计，带来些朦胧感又带着小清新。宽松版型的飘逸长裙对身材更是没有限制性，不挑人穿着的同时尽显女生性感柔情的一面。系带的收尾更添俏皮可爱感，让青春魅力完美呈现出来。,清新飘逸的长裙设计，融合五分袖款式，突出独特个性的时尚气息。性感的内衬及若隐若现外衫设计，加上精致小心机的胸前刺绣设计，彰显出青春活泼的气质。颈后系带设计，突出个性，彰显特色。宽松舒适的款型设计，张扬出女性轻柔飘逸的气质，加上精致的裁剪工艺，体现出女性独有的柔和美好。,类型#裙*版型#宽松*风格#青春*风格#清新*风格#性感*图案#刺绣*裙长#长裙*裙袖长#五分袖*裙衣门襟#系带,9.0,文案准确覆盖了所有关键词，如宽松版型、五分袖、系带、刺绣等；语言生动形象，使用“自带光芒feel”、“小仙女”等表达，具有吸引力；自然流畅，无明显重复或机械感，仅在顺序上略作调整，整体优于参考答案。
727,这款来自marisfrolg的时尚牛仔裤，精选的天然纯棉牛仔面料，柔韧性好回弹力佳，穿着舒适透气。裤身的剪裁十分到位合理，配合腰部内衬设计，使裤子版型更加贴合身形，穿出你的潇洒率性气质。加上后背袋盖装饰，增添视觉看点更显大气得体。搭配一件牛仔外套，轻松打造出时尚帅气的潮男形象。,一款柔软耐穿的棉质牛仔外套，独具一格的打褶毛边袖口，更显别致优雅。衣身的明线装饰更是增添了整体的造型。养眼的天蓝色让你在这个春日充满了活力。,类型#上衣*材质#棉*材质#牛仔布*衣样式#外套,4.0,准确性差：商品关键词为上衣、棉、牛仔布、外套，但文案描述的是牛仔裤，完全偏离。生动性一般：有描述性语言但未能紧扣商品。自然度尚可：语句通顺，但内容与商品不符。
728,柔软亲肤的全棉面料，穿着透气又舒适，让宝贝的肌肤可以尽情的呼吸；前襟上的全开式大口袋设计给小手创造出一个玩耍的空间，<UNK>时也能够方便拿放心爱的随身物品；而可拆卸两穿肩带的设计丰富了外套的造型美感，为整体增添一抹造型亮点的同时也提高了实用性。无论搭配一件牛仔裤还是休闲裤穿上都很美观时尚哦。,牛仔外套经典不败，质量要经得起考验。这款牛仔外套采用全棉牛仔布制作而成，织物坚牢<UNK>，抗皱性能卓越，而且具有较好的吸湿性和透气性，上身后自然舒适。同时棉料为主的牛仔布，防<UNK>也不错，非常适合应对<UNK><UNK>的早春温度。,类型#上衣*材质#棉*材质#牛仔布*衣样式#外套,6.0,准确性不足：缺少‘牛仔布’、‘外套’和‘牛仔’相关描述，未突出牛仔布的特性；生动性较好，语言活泼有画面感；自然度较高，但存在未补全的UNK标记。整体有待改进。
729,这款牛仔布面料选用了高品质全棉材质打造而成，具有非常好的柔软性和回弹性，透气性好，适合任何季节穿着，可以让你尽享温暖舒适触感，搭配这件帅气洒脱的外套给你更舒适的体验！,这款牛仔外套采用了棉质牛仔面料制作而成，棉质牛仔面料拥有非常柔软舒适的手感，质感亲肤透气。而且棉质牛仔面料不会褪色和变形，经久耐穿。,类型#上衣*材质#棉*材质#牛仔布*衣样式#外套,5.0,文案未覆盖所有关键词，缺乏准确性和重点；语言不够生动，未突出产品核心卖点；存在语病和机械感。需要改进以提升吸引力和准确性。
730,<UNK><UNK>时尚感满满的一款女宝宝裙子，设计亮点：前襟个性贴袋装饰，增添裙身造型美感，后摆时髦的荷叶边点缀，让宝贝在行走间尽显灵动可爱！精选品质优质牛仔布面料，弹力舒适透气性佳，穿着更显宝贝自然自由无束缚感。融入当下流行字母元素，更添几分小文艺气息，配以经典大方的小上衣及舒适短袖，轻松打造俏皮萌公主范儿！宽松的版型，有效包容各种身材哦~,自在宽松的牛仔裙，利用编制肩带连接，营造出文艺乖巧的少女气质。自然做旧的牛仔面料，配以字母元素点缀，提升造型时尚度更显潮女独有的朝气活力。<UNK>配以荷叶边点缀，让你在青春俏皮的同时更多几分小女人的妩媚感。,类型#裙*版型#宽松*材质#牛仔布*风格#文艺*风格#青春*图案#字母*图案#文字*裙型#牛仔裙*裙下摆#荷叶边,6.5,文案准确覆盖了大部分关键词，但缺少‘文艺’和‘青春’两个关键词，且‘编带肩带’未被提及。语言较生动，有购买欲望，但存在‘<UNK>’等不自然标记，部分语句（如‘配以经典大方的小上衣及舒适短袖’）偏离商品本身，显得冗余。整体自然度一般，略有机械感。
731,这件长款外套虽然比较简单，却不会让人感觉单调。独特的金色的花纹设计显得非常精致，十分上档次。领口处采用了同花型的金属扣作为装饰，提升了整体外观的感觉。下摆处的蝴蝶结系带更是让整件大衣的设计感满满了~,长款毛呢外套最大的设计亮点在于衣身的金色纽扣设计，非常精致大气。领口蝴蝶结系带设计，尽显优雅美观，衣身外兜设计，增加立体层次感。,类型#上衣*颜色#金色*图案#蝴蝶结*衣样式#外套*衣门襟#系带*衣款式#纽扣,6.0,准确性中等：未包含“外套”但其他关键词有提到，但“蝴蝶结”和“系带”位置描述错误（下摆应为领口）。生动性一般：有“上档次”“设计感满满”等词但缺少“优雅”等情感渲染。自然度较好：通顺但“提升了整体外观的感觉”略显啰嗦。整体得分6分。
732,很有设计感的一款连衣裙，小立领的半开前片，露出精致的锁骨，凸显性感迷人的女人味；袖子双层透肉网纱拼接，若隐若现的小露手臂，展现诱惑魅力，十分诱人；圆领结合后背隐形拉链设计，简洁大方而且不显单调；整体都是优雅大方的百褶花边与纯色的搭配，上身气质出众又减龄洋气。,纯色的连衣裙采用了圆领设计，配合上肩部的百褶斗篷设计，层次感强，还可以遮掩肩部的肉肉。采用了隐形拉链的设计，简洁又不会破坏整体的设计感，同时在穿脱时更加方便，领口处的透视网纱拼接更是性感而又不会过于暴露。,类型#裙*材质#网纱*颜色#纯色*风格#性感*图案#纯色*裙型#百褶*裙长#连衣裙*裙领型#圆领*裙衣门襟#拉链*裙款式#拼接*裙款式#拉链,7.0,待评测文案语言生动，具有吸引力，但在准确性上存在遗漏，未提及百褶裙型、拉链门襟和圆领（实际提到的是小立领，与关键词圆领不符），且自然度较高，无明显机械感。
733,吊带的版型设计自带性感意味，结合细腻光亮的织带拼接，既能够修饰姣好的身材曲线，还能够展现出女性妩媚大方的气质特征。加上层次感十足的裙式叠加点缀在裙子表面，丰富视觉感的同时，更能诠释出优雅与高贵的气质风范。而亮丝的元素装饰则丰富了整体色调的颜色，打破单一性，带来精致灵动感；而黑色的底色融入其内，又使整体更添一丝神秘感的魅力属性。,运用经典的黑色调，打造出性感的女人味，蔓延出骨子里的柔美气息，配合细吊带的娇俏感，发挥出妩媚动人的吸引力。惹眼又吸睛的亮丝面料，诠释出高大上的都市情调，衬出不一样的诱惑气息，加之层叠拼接的裙摆，洋溢出几许浪漫的风情，正好诠释出高贵大方的名媛气场。,类型#裙*颜色#黑色*风格#高贵*风格#性感*裙下摆#层叠*裙款式#亮丝*裙款式#拼接*裙款式#吊带,7.5,文案包含了所有关键词（黑色、吊带、亮丝、层叠、拼接等），准确性高。语言较为生动，使用‘性感意味’、‘妩媚大方’、‘优雅与高贵’等词汇，能激发购买欲望。但整体略显机械，存在如‘加上层次感十足的裙式叠加点缀在裙子表面’等表述不够自然流畅，且‘神秘感的魅力属性’略有重复。整体可读性良好，但仍有提升空间。
734,连衣裙采用蕾丝设计，精致而细腻的材质能够轻松展现都市女性的优雅气质。结合木耳边的元素，将性感的味道很好的表现出来同时又不失甜美和俏皮气息。结合前短后长的版型设计，打造出丰富的层次感的同时拉长腿部线条。半收腰的设计，勾勒腰线。下摆的<UNK>蕾丝点缀更是轻盈灵动且具有蓬松度。微透的网纱面料若隐若现地展现出肌肤质感，更富有情调。,这件连衣裙可谓完美演绎了不是人间烟火的高雅气质。木耳边与轻盈网纱带来别致女人味。睫毛蕾丝勾勒的半高领，修饰修长的脖颈线条。花型蕾丝元素，微微露出脖颈肌肤与手臂线条，带着若隐若现的性感。合体的收腰版型勾勒出曼妙的身材曲线。蕾丝元素下摆，行走间更具柔美风情。,类型#裙*材质#网纱*材质#蕾丝*风格#性感*图案#线条*图案#蕾丝*裙长#连衣裙*裙领型#半高领*裙款式#木耳边*裙款式#收腰,7.5,文案基本涵盖了所有关键词，但缺少'图案#线条'的明确描述。语言较生动，有购买欲望，但'前短后长的版型设计'和'下摆的<UNK>蕾丝点缀'中的<UNK>显得不自然，影响流畅度。整体通顺，但略有机械感。
735,这款吊带连衣裙运用了<UNK><UNK>的设计手法，巧妙地融入了几种色彩，用粉、蓝、红的色调来诠释出一份活泼可爱的气息。而大片的荷叶袖设计为整体增添了精致甜美的味道，也带着小女人的娇俏与妩媚。前幅是带有透视效果的网格衣料，若隐若现间流露出女性的迷人气韵。同时结合交叉的v领裁剪和蝴蝶扣绑带的装饰，带来微透的小性感风情。腰部采用了收褶的处理，勾勒腰身之余修饰出曼妙有致的身材曲线。,一款极具设计感的连衣裙。红色、粉色、蓝色的撞色设计，小v领加绑带的设计和荷叶袖的设计，微微性感中带着一丝乖巧。舒适的材质搭配宽松的版型，上身非常舒适。,类型#裙*版型#宽松*颜色#红色*颜色#蓝色*颜色#粉色*风格#性感*图案#撞色*裙长#连衣裙*裙领型#v领*裙袖型#荷叶袖*裙款式#绑带,8.0,生动性很好，语言富有画面感和诱惑力，能激发购买欲望；自然度较高，行文流畅无明显机械感；但准确性有瑕疵：提到了吊带连衣裙（商品关键词是连衣裙，且未提及吊带），并出现两个<UNK>指代不明，未完整覆盖所有关键词（如绑带写为蝴蝶扣绑带，可接受，但版型宽松未明确提及，颜色顺序与商品关键词不完全一致）。
736,这是一款简单优雅的连衣裙。采用黄色作为基底色，在袖子的边缘融入银丝装饰，增添一丝温柔浪漫气息。领口处有蝴蝶结绑带的点缀，可以随心情变化而展现不同的气质魅力。,这款来自百伶妈妈孕妇连衣裙，无论是款式还是品质都无可挑剔。领口以绑带蝴蝶结装饰，丰富了整个裙面尽显甜美浪漫的情怀，而且明黄色的蝴蝶结还能让裙子更耀眼夺目。裙面采用高品质面料制造，手感柔软细滑穿着舒适，此外面料悬垂性较好上身效果超棒。,类型#裙*颜色#黄色*图案#蝴蝶结*裙长#连衣裙*裙款式#绑带,6.5,准确性方面，遗漏了'裙长#连衣裙'关键词，且未提及'绑带'；生动性一般，'简单优雅'和'温柔浪漫'有一定吸引力，但缺乏细节和亮点；自然度较好，语句通顺，无明显机械感。整体而言，虽有一定描述但未充分结合商品特色。
737,春季新款黑白撞色卡通人物连帽卫衣，连帽设计增加层次感，袖子是经典的彩色竖向条纹，增添视觉立体感；而胸口的彩色贴布，让整体更具流行度。采用高端植绒材质制作而成、亲肤柔软、不易起球、不掉毛起色等特点，穿着舒适自然时尚又美观！,穿搭<UNK>中不可或缺的自然是连帽卫衣，光是版型就能体现出女性追求的随性自在感，倘若想在清凉的天气中穿着。这款条纹连帽卫衣相信会适合你，经典的黑白条纹上映衬着卡通图案的造型，带来青春中的童真趣味感，将减龄活泼的个性透露出来，举手投足都会超有气质！,类型#上衣*颜色#黑白*风格#青春*图案#卡通*图案#条纹*衣样式#卫衣*衣款式#连帽,6.5,文案包含了大部分关键词，但缺少‘风格#青春’和‘图案#卡通’（虽然后面提到卡通人物，但图案未明确为卡通风格）；‘图案#条纹’被描述为‘袖子是经典的彩色竖向条纹’，与参考答案中‘全身黑白条纹’不一致，不够准确。语言较生动，有描述细节和卖点，但‘采用了高端植绒材质…’部分略显机械，整体流畅度尚可。综合扣分在准确性和轻微机械感。
738,此款小衫最大的设计亮点在于其采用了假两件套的设计风格，将领口的部分呈现为半透视的衬衫样式，再结合别致的肩部荷叶边的拼接和腰部缎带蝴蝶结元素的融合使用，打造出了一种独特且甜美的小女人味道出来，尽显出一股精致而又浪漫的气息感。同时其门襟处采用了单排<UNK>纽扣的装饰，既透漏着优雅时尚的少女情怀，又透露着别具特色的清新风格。,此款BRAND荷叶边衬衫采用多种材料拼接打造而成，质感细腻柔和，上身效果极佳，温暖而舒适；经典的荷叶边袖子处理，传递出优雅清新的气质；脖颈间的蝴蝶结装饰，呈现出一派甜美可爱的女性气息；精致的纽扣点缀，彰显新颖个性感。,类型#上衣*风格#清新*风格#性感*图案#蝴蝶结*衣样式#衬衫*衣款式#拼接*衣款式#纽扣*衣款式#荷叶边,6.0,待评测文案缺少关键词'衬衫'，且使用了<UNK>代替'纽扣'，准确性不足；语言较生动但稍显冗长，部分表述重复；自然度一般，有机械感。
739,这款牛仔裙最大的看点就是刺绣的设计，上身给人一种神秘高雅的感觉，非常显气质。领口是性感的深v设计，可以很好地修饰脸型和颈部曲线，显得性感且干练，展现女性韵味和优雅气场。衣身点缀着精美的花朵绣花，精致小巧的花朵，带着浓郁的古典民族风，让人感到十分惊艳。搭配细腻的水洗工艺，让色彩层次感更加丰富，显得格外有风情和复古感。a字版型的剪裁，视觉上有修身效果，同时高腰的款式，提升了腰线位置，更显腿部修长。,这款带着水洗的做旧质感的牛仔连衣有着独特的迷人味道。v领的设计，显露出迷人性感的脖颈与锁骨，显瘦显脸小，上身气质又女人味十足哦。从v领延续下来的门襟一直到裙摆，以包扣点缀，加上扭结的高腰设计，时髦感爆棚哦。右边袖口和背后的民族风精致绣花，更让整体展现复古的优雅与恬静。a字裙摆，灵动飘逸。,类型#裙*版型#显瘦*材质#牛仔布*材质#水洗*风格#复古*风格#民族风*风格#性感*图案#复古*图案#刺绣*裙型#a字*裙型#牛仔裙*裙腰型#高腰*裙领型#v领,8.0,准确性：包含所有关键词；生动性：语言较生动，但‘神秘高雅’、‘惊艳’等词略显夸张；自然度：整体通顺，但‘精致小巧的花朵’和‘浓郁的民族风’略有重复感。总分8分。
740,这一款阔腿裤时尚的系腰设计，束腰塑形特别出彩。精选高档优质的光滑涤纶面料柔软透气又亲肤，贴身穿也是格外舒适。加上绑带装饰，甜美减龄美丽大方。精心的剪裁修身合体，显瘦衬身材更有范。脚口开叉，个性满满性感迷人。,一款舒适有型的涤纶阔腿裤；富有心机感的腰部，将自然打褶与同色系绑带相结合，系上则贴合腰线并收腹显瘦，为纤腰的展现赋予了柔美的韵味；裤脚处的开叉设计，裸露美腿并凸显性感的魅力，使自信的漫步间洋溢着个性洒脱的时髦范。,类型#裤*版型#显瘦*材质#涤纶*风格#性感*裤型#阔腿裤*裤款式#绑带*裤口#开叉,7.0,文案覆盖了绝大部分关键词，但未突出‘显瘦’和‘性感’，且‘系腰设计’与‘绑带’描述稍显冗余，整体自然度尚可，但缺乏参考文案的流畅感和购买冲动。
741,这件百搭休闲裤适合腿粗的妹子们选择哦！裤子是无松紧式的，腰部是采用宽腰围设计，上身以后不会感觉到有束缚感。裤腿处微微带有一些弧度，不限制各种不同身材的女生选择呀。裤子是没有扣子的，上街搭配一件优雅的外套，显得整个人十分温柔的感觉。面料属于比较顺滑的那种，穿在身上也比较清爽。加上上面还有蕾丝花纹点缀，看上去就特别精致细腻了啊。而且这种稍有些偏长的裤子和裤腿比起来比较宽松，这样会更加好穿一些哦，很藏肉显瘦的啦！,这款蕾丝外套，采用宽松版型，完美包容各种身材。显瘦不臃肿，精选优质蕾丝料，柔软亲肤，穿着舒适。蕾丝花纹装饰全身，温柔细腻，彰显优雅女人味。无扣设计，方便穿着之余，轻松打造个人气场，走路带风，整体时尚显气质。,类型#上衣*版型#宽松*版型#显瘦*材质#蕾丝*图案#蕾丝*衣样式#外套*衣门襟#无扣,3.5,准确性极差：文案描述的是裤子，而商品关键词为上衣（蕾丝外套），完全未匹配。生动性中等：语言有一定吸引力，描述较细致，但针对裤子而非外套。自然度较好：语句通顺，无明显机械感，但内容与产品不符，因此综合打分低。
742,这款连衣裙是较为修身的款，用立体修身的版式很好的勾勒出了女性凹凸有致的身材曲线感。而领口的抹胸元素更是显得尤为性感迷人，露出的香肩与锁骨完美地展现出女性柔美的气质。高腰的剪裁则优化了下半身的比例，拉长了整体身形，同时还能穿出苗条的腰肢曲线，十分优美。伞状的大裙摆与荷叶裙摆形成视觉冲击力，修饰腿部线条的同时还增添了几分浪漫温婉的女人味。波浪形设计的花朵点缀在整条裙身上，充满了俏皮可爱之感。,性感的抹胸设计，加上修身的版型，使得连衣裙能很好的展现出女性优美的上身线条，增添几分妩媚感。高腰大裙摆设计，使连衣裙上身效果十分显腿长，让女性的身材更加完美。裙身的波浪纹设计，如<UNK><UNK>的浪花，灵动而又美丽。,类型#裙*版型#显瘦*风格#性感*图案#线条*裙型#抹胸裙*裙型#大裙摆*裙腰型#高腰*裙长#连衣裙*裙款式#波浪,7.5,文案包含了所有关键词，但'露出的香肩与锁骨'和'伞状的大裙摆'等表述可能未直接体现关键词；语言生动有购买欲，但部分描述（如'荷叶裙摆'）与关键词略有出入；整体通顺，但存在机械感的重复（如两个'优美的'），且波浪形设计被描述为'花朵点缀'，与关键词'波浪'不完全一致。
743,这款裙子真的是美的让人沉醉啊！渐变的颜色和层次感的荷叶边的结合，带来视觉上的美感和立体感，让人无法抗拒的喜欢。经典的长袖设计不会过于热辣，还有点慵懒气息的元素在里面。腰部设计的有点小小心机哦~是蝴蝶结绑带的样式很精致，又很个性哦。还有收腰的设计也是很显身材的小心机呢，穿着的时候拉一下就可以啦！整体感觉就很优雅气质了呢这样的一条仙女味儿很强的连衣裙你还不来一条吗？,这款连衣裙将精致的品位展现的淋漓尽致，衣襟，长袖及裙摆由荷叶边细心装点，打造出动感的飘逸，上身后随着举止舞动，与众不同。收腰的绑带完美将腰身展现，体态尽显。渐变的色系使得裙装变得有光泽，灵气十足。,类型#裙*图案#渐变*裙下摆#荷叶边*裙长#连衣裙*裙袖长#长袖*裙款式#绑带*裙款式#收腰,8.5,文案准确包含了所有关键词（渐变、荷叶边、长袖、绑带、收腰、连衣裙），生动性较好，使用‘沉醉’、‘小心机’、‘仙女味儿’等词易引发购买欲，自然通顺无机械感，但稍有重复（如‘小心机’用了两次），整体优质。
744,白色的底衫在春夏季节给人很清新的感觉，搭配红色的包边线条看起来有很强的立体感。领口的蝴蝶结设计不仅非常可爱还显得年轻减龄。大朵精美的印花点缀整体，带着一点点复古的调性，而且十分有气质。下摆的高腰版宽宽松松的短裙不会显得过于死板古怪，展现出了一种优雅成熟的魅力。,上衣铺满了红色印花图案，且图案多样，丰富靓丽，清新优雅。红色蝴蝶结，在优雅的基础上增加了一丝俏皮可爱，更显青春活泼，喇叭袖口，繁复多样，显出复古基调，时尚大方。白色高腰短裙，拉长腿部线条，让身材比例更加完美，整个人青春优雅。,类型#裙*颜色#白色*颜色#红色*风格#复古*风格#青春*风格#清新*图案#蝴蝶结*图案#复古*图案#线条*图案#印花*裙腰型#高腰*裙长#短裙,6.5,准确性：未提及红色印花上衣、喇叭袖等核心特征，白色底衫和红色包边线条的描述与原文不符；生动性、自然度尚可，但整体描述偏离商品，减分。
745,连衣裙以桑蚕丝的面料打造而成，不仅轻薄飘逸的质感上乘还具备舒适透气的穿着体验，其领部点缀的镂空花纹装饰。搭配上蕾丝面料剪裁凸显出女性的玲珑有致的曲线感，配合着袖口的灯笼花边以及荷叶摆的设计，将连衣裙的优雅魅力巧妙的提升。,连衣裙，将浪漫的镂空与蕾丝相如何是女神，衣橱不可缺少的单品。经典的<UNK>白，打造的薄纱真丝裙，让你用最轻松的方式展现优雅的气质。,类型#裙*材质#蚕丝*材质#蕾丝*图案#蕾丝*裙长#连衣裙*裙款式#勾花镂空,7.5,准确性：基本包含关键词如'桑蚕丝'(对应蚕丝)、'蕾丝'、'镂空'、'连衣裙'，但缺少'勾花镂空'和'图案#蕾丝'的明确体现。生动性：语言较吸引人，使用了'轻薄飘逸'、'玲珑有致'等词汇，但'如何是女神'等表述略显生硬。自然度：整体通顺，但'其领部点缀的镂空花纹装饰'后断句不自然，稍显机械。综合评分7.5。
746,这款长袖小衬衣采用了直筒的版型设计。配合上舒适亲肤的面料材质，使整体具有非常好的上身效果，给穿者提供了更为舒适的穿着感。搭配上了精致的印花图案进行勾勒点缀，彰显出青春活力范儿的同时又能衬托出时尚气息。以及领口处的撞色布条设计，丰富了细节层次美感，更显个性时尚气质魅力。,基础的长袖衬衫设计，是以简单的直筒版型设计，让你穿着多一点舒适大气的感觉。并且个性的细碎印花设计，配上时尚的撞色设计，让视觉多一点清爽效果。而顺滑的真丝面料，可以为你的穿着，带来多一点的亲肤舒适效果。,类型#上衣*图案#印花*图案#撞色*衣样式#衬衫*衣袖长#长袖,8.2,准确性：涵盖了所有关键词（上衣、印花、撞色、衬衫、长袖），但未明确提及真丝面料，参考答案有强调。生动性：语言较生动，使用了“彰显青春活力”、“时尚气息”等描述，但略泛泛。自然度：通顺流畅，无复读或机械感，但部分表达稍显模板化。综合评分较高，略逊于参考答案的精准与细节。
747,<UNK>的春天到了怎么能少得了一件简约风的小衫呢，搭配一件做旧的牛仔裤或者时髦的高腰裤都能秒变时髦精。拉链细节设计，金属感十足，彰显品质与精致做工。别致的开叉领口设计，复古时尚又显得俏皮可爱，整体设计简洁大方，给人感觉十分清爽。内搭衬衫穿起来也是妥妥的。日常上班穿一条小半裙很提气色。,这款帅气的牛仔半身裙，采用了时尚的金属外拉链，简约实用，还给裙身增添了一份视觉层次。经典的高腰版型，视觉上拉长腿部比例。裙身微磨白工艺，展现了几分怀旧复古的韵味。开叉下摆，美观又个性，使行走更加舒适自由。,类型#裙*材质#牛仔布*风格#复古*风格#简约*图案#复古*裙型#牛仔裙*裙下摆#开叉*裙腰型#高腰*裙长#半身裙*裙衣门襟#拉链*裙款式#拉链,6.0,准确性方面，待评测文案未能完整包含所有关键词，如牛仔布、高腰、开叉（下摆）等未体现，且出现了与商品无关的“小衫”和“衬衫”内容。生动性中等，有部分吸引人的描述，但整体与商品关联弱，购买欲望不强。自然度较好，语句通顺，但存在明显的无关内容，导致整体不够聚焦。
748,这是一款将日系与简约风结合而成的男童卫衣，经典的经典抽绳设计连帽十分美观实用，为宝宝打造时尚造型；多口袋的添加又可放置宝贝学习用的<UNK>小件物品哦！而且两侧还特别添加了褶皱装饰，更显别致与洋气；加上简洁利落的下摆走线处整齐均匀，让穿着舒适更耐穿。再加上胸前可爱的熊仔图案印制可爱萌趣，衬托出孩子的天真活泼天性，更具个性活力范儿。如此可爱的男童衣物谁都不会拒绝。,外穿内搭皆可的廓形卫衣，采用简约日系工装风格，前片大口袋多包袋设计，可随身携带多个小物品。搭配个性的抽绳连帽，稍稍提高领口设计，具有防风保暖的作用。帽子和袖子融入褶皱设计，让版型更加立体有型。,类型#上衣*风格#日系*风格#简约*风格#工装*衣样式#卫衣*衣款式#口袋*衣款式#抽绳*衣款式#抽褶*衣款式#连帽,5.0,关键词覆盖不全（缺口袋、抽褶、工装），存在重复和语病，自然度差
749,<UNK>潮流卫衣在传统的卫衣中加入牛仔裤的元素，打造出个性的街头BRAND，这款的设计打破了传统版型，个性十足的面料让穿着者变得别具一格，搭配时尚的服饰就更加吸睛了。膝盖处的补丁设计加上磨白、撕裂、破洞处理，瞬间为整体造型加分！卫衣自带弹性和质感，穿上身效果简直没话说，简单大方，轻松解决你的运动需求，让你体验与众不同的穿着享受！,当破洞式的潮流从牛仔裤延伸到卫衣，它的潮流<UNK>毫不逊色于破洞牛仔裤。这款运动卫衣运用破坏性的设计手法，在手肘处剪开两道口子，营造出<UNK>感，让原本沉闷的卫衣增添了些许街头的<UNK>感，让你潮的<UNK>。,类型#上衣*材质#牛仔布*风格#街头*风格#运动*风格#潮*衣样式#卫衣*衣款式#破洞,5.0,准确性不足，未提及卫衣、破洞、街头等关键词，且错误描述为牛仔裤元素；生动性一般，但描述有偏差；自然度尚可，但存在逻辑矛盾（如膝盖处的补丁用于卫衣）。整体评分中等偏低。
750,设计师以极具特色的双层衣领设计作为这款短西装的亮点所在，使其拥有了独具一格的优雅气质感的同时还能展现穿着者个性大胆的性格哦。加上其腰部可随意拆卸的细腰带<UNK>设计，使得衣身更加修身显高又不失帅气酷炫的质感。当然也不忘在其表面辅以亮眼的金线做装饰的方式，既增强了细节美感又带来了极简主义的美学风格，从而诠释了经典的时尚与帅气的朋克BRAND。再加之宽松有型的长款版型剪裁的加持，彰显出穿着者的干练帅气之姿以及简约时髦的气质哦。,都市女性必备的时尚单品就是西装外套了，利落的裁剪简约而又大气，挺括的面料质地更加凸显气场；微微修身的阔形完美的展露出优美的身姿，及臀的长度，展露出修长的双腿，倍显高挑，加上独特的圆环打孔腰带装饰，增添几分不羁的朋克范。,类型#上衣*版型#显瘦*风格#简约*风格#朋克*衣样式#外套*衣样式#西装*衣款式#腰带,6.5,准确性较高，包含除'朋克BRAND'（应为朋克风格）外所有关键词；生动性一般，描述较详细但略显冗长，部分表达如'独特的双层衣领设计'、'亮眼的金线'有吸引力，但'BRAND'一词不准确且破坏流畅性；自然度一般，存在'<UNK>'符号和机械感，如'当然也'、'既...又...从而'等连接词显得生硬，整体节奏不够自然。
751,采用优质的碎花雪纺面料进行精心的设计，打造出众的时尚品味，优雅柔美的气质令人着迷。修身小立领，贴合颈部线条穿着舒适。胸前精致的系绳与裙身形成呼应感，造型精致耐看。立体剪裁不规则的下摆，展现浪漫气息，轻松搭配可穿出典雅风范。恰到好处的长度，上身利落大气中带着个性时髦感。开衩设计，行走自如展现灵动飘逸之感。腰部抽带装饰收腰，尽显女性婀娜身姿，彰显青春活力色彩。,气质名媛碎花雪纺，透气舒爽。不规则裙型设计，修身有型，飘逸的裙摆落落大方。贴心的系带收腰又能凸显身材，造型简单洋气。开叉设计，也方便了行走，增添了更棒的时尚看点，上身还多了高挑感。整条裙子都是立体裁剪线条，版型非常流畅。,类型#裙*版型#显瘦*版型#立体剪裁*材质#雪纺*图案#碎花*图案#线条*裙下摆#开叉*裙衣门襟#系带*裙款式#不规则*裙款式#收腰,7.5,待评测文案准确包含了所有关键词（雪纺、碎花、立体剪裁、不规则、开叉、系带、收腰等），但未提及显瘦和线条关键词，略有遗漏。语言较为生动，使用了‘优雅柔美’、‘浪漫气息’等词汇，有吸引力，但部分表述如‘打造出众的时尚品味’稍显模板化。整体通顺自然，无明显机械感，但‘修身上小立领’与商品关键词无直接对应，略显冗余。综合评分7.5分。
752,一款很有设计美感的长款针织开衫设计，不仅穿着时尚百搭，还展现出优雅与潮流的味道。性感的v领设计，有效拉伸颈部比例，更添女性时尚魅力。而前门襟采用立体网纱钩花点缀，打破传统设计的单调乏味气质，且增加几分甜美浪漫的气息，尽显女人如水般的唯美风情。加上下摆处拼色的设计，丰富了层次感与视觉效果，穿出了时髦而精致的即视感，纯色的针织面料结合圆弧形剪裁版型，舒适地包裹着身躯的同时也凸显迷人肩部线条。,这款针织开衫，区别于以往纯色的开衫，采用独特的拼色设计，潮流感十足。大大的v领设计，拉长了颈部线条，非常显脸小。袖口一圈网纱拼接，给人以朦胧感，随着风随意摆动，性感迷人。,类型#上衣*材质#针织*材质#网纱*颜色#纯色*风格#潮*风格#性感*图案#纯色*图案#拼色*图案#线条*衣样式#开衫*衣领型#v领*衣款式#拼接,7.5,准确性方面，文案包含了所有关键词（针织、网纱、纯色、拼色、线条、开衫、V领、拼接），但缺少'潮'和'性感'的直接表述，不过整体风格符合。生动性较好，用了'甜美浪漫'、'唯美风情'等词，但有堆砌感。自然度中上，部分句子较长，如最后一句稍显冗长，但无明显重复或机械感。
753,这款运动裤整体以纯黑色调渲染，彰显深邃内敛之感。采用当下火热的束脚设计勾勒腿部曲线，赋予街头时尚气息感；结合横竖条纹的相间分布，打造出丰富的视觉美感，增添时尚气息。点缀后幅英文字母织带装饰，凸显精致做工；选用直筒造型剪裁，对身材兼容性强，穿着宽松舒适。同时深色的色调具有显瘦的效果。,sibyl以显瘦的深色基调打造的这款裤子，整体采用了直筒的阔腿裤剪裁，带来较为宽松且舒适的穿着效果。设计师为这款裤子的侧边点缀了红白条纹，配合字母的提花效果，显得炫酷且出彩，是充满了街头气息的裤装穿着之选。,类型#裤*版型#宽松*版型#显瘦*颜色#深色*风格#街头*图案#字母*图案#条纹*图案#文字*裤型#直筒裤*裤型#阔腿裤,6.5,文案包含了大部分关键词，但缺少'阔腿裤'，且多处描述与关键词矛盾（如'束脚设计'与宽松、直筒、阔腿裤不符），存在不准确性；语言较为平淡，缺乏生动性和购买欲望；部分表述通顺但稍显机械，如'结合横竖条纹的相间分布'不够自然。
754,前幅两侧和后背加入了醒目吸睛的<UNK>英文烫金标贴以及logo胶印，凸显时尚复古魅力，个性潮流气质展露无遗。胸前品牌标志性撞色线条装饰。让你看上去更显洋气有范儿！搭配一款卫衣或裤装就是时髦的出街Look。,由具有独树一帜设计风格的杜嘉班纳品牌出品的卫衣，采用经典人物形象点缀；以复古涂鸦元素为背景，轻松塑造出帅气新潮的型男造型；加之辅以撞色数字标识，显示出独特的年代感。,类型#上衣*风格#复古*风格#潮*图案#文字*图案#复古*图案#撞色*衣样式#卫衣,6.0,准确性方面，文案提到了复古、潮流、撞色，但缺少“上衣”“卫衣”“文字图案”“复古涂鸦”等关键词，且出现<UNK>占位符，不够完整；生动性上，使用了“醒目吸睛”“时髦出街Look”等词，有一定吸引力，但整体略显模板化；自然度方面，部分语句如“前幅两侧和后背加入了…标贴以及logo胶印”略冗长，“搭配一款卫衣或裤装”重复“卫衣”，有机械感。
755,这款牛仔裤融入了许多经典时尚的流行元素，将时尚与生活完美结合。采用复古做旧的水洗工艺进行处理再拼接不同的色块，带有些许层次感的设计带来视觉亮点，简约而不单调，直筒的版型设计包容性更好，彰显男士的高大硬朗的身姿。腰间搭配上个性的金属扣装饰装饰，使整体更加丰富和立体。,来自BRAND的这款牛仔裤，采用舒适的棉弹牛仔布料制作，柔软亲肤，穿着舒适；经典简约的直筒裁剪方式，勾勒出男士的硬朗身形；经过做旧的水洗技术处理之后，呈现的深浅色块显得独特而又个性，既营造出复古不羁的质感，又带来了率性时髦的穿搭体验。,类型#裤*材质#牛仔布*材质#水洗*风格#复古*风格#简约*图案#复古*图案#色块*裤型#直筒裤,7.0,文案准确包含了所有关键词，但语言生动性一般，且存在轻微语病（‘装饰装饰’），自然度略有不足，整体表现良好但未超出预期。
756,"复古的格纹一直是时尚界的常青树之一。这款连身裙经典的元素和时尚<UNK>完美结合,演绎出令人怦然心动的情愫。修身的x廓形能恰到好处地包容身体曲线的同时展现玲珑有致的优美曲线身材。别致的小立领和精美的花边点缀，既展现出甜美的浪漫气息又衬托出精致小脸。宽松的a字裙摆遮肉又显瘦更显优雅温婉的气质。",一款假两件格子a字裙，假两件的设计，更显新颖别致。格子的设计，更添几分复古气息，花边立领的设计，甜美又灵动。宽松的版型设计，慵懒随性，同时起到了很好的遮肉显瘦的效果。,类型#裙*版型#宽松*版型#显瘦*风格#复古*图案#格子*图案#复古*裙型#a字*裙下摆#花边*裙领型#立领,6.5,文案整体语言流畅，有一定生动性，但存在两个关键问题：一是遗漏了【版型#宽松】和【裙型#a字】关键词，且错误描述为“修身的x廓形”与商品信息矛盾；二是使用了占位符<UNK>，有机械感。因此扣分较多。
757,这款卫衣采用黑色和灰色的主色调设计，彰显出成熟沉稳的风格，经典简洁的设计风格和独特的前后相拼的独特造型相结合，彰显出帅气优雅的男人魅力。精致的印花设计和经典的连帽设计都突显出了独特的品牌个性，让这件卫衣不仅上身美观大方，更是能体现穿着者的低调品味。,BRAND带来的这款连帽卫衣，以黑色为基调，就连前胸与后背的印花，也选用哑光黑与灰色妆点，营造<UNK>的<UNK>风范。本次将<UNK><UNK>三角进行了立体化处理，前胸与后背遥相呼应，彰显品牌一贯的lessismore的设计理念。,类型#上衣*颜色#黑色*颜色#灰色*图案#印花*衣样式#卫衣*衣款式#连帽,6.0,准确性：虽提到黑色和灰色、印花、连帽、卫衣，但缺少『BRAND』品牌名，且未提及『前胸与后背的印花』的呼应设计。生动性：语言较平实，如『帅气优雅的男人魅力』略显俗套，缺乏独特吸引力。自然度：整体通顺，但『独特的前后相拼的独特造型』有重复，略有机械感。
758,这款针织半身裙采用了上下两穿的样式设计。上部分为经典的半身开衫设计，下摆处的开口可以让你展示各种穿搭的可能性和穿着舒适度。裙子的前后都做了前短后长的裙摆，让裙子更加别致美观有气质~腰头的金属按扣和拉链的设计，增加一丝细节感，更提升品质！腰部两侧的荷叶分割线拼接裁剪，让臀部和大腿中间的视觉感更加修长。针织面料柔软透气，夏天也能穿得舒心凉快哦！,采用弹力的针织面料，柔软舒适松紧适宜。拉链开衫设计，方便穿脱时尚前卫。肩部网面拼接，透气吸汗。腰身两侧可开拉链设计，内里为网面拼接和肩部相互呼应，有整体感，造型多变。后颈部用心的小细节设计，可调节式织带显独特个性。,类型#上衣*材质#针织*衣样式#开衫*衣门襟#拉链*衣款式#拼接*衣款式#拉链,3.5,准确性差：文案描述的是半身裙（下装），但关键词全是上衣（开衫、拉链等），商品与关键词严重不符，几乎未包含正确关键词。生动性一般：语言有一定吸引力，但描述混乱无法激发对应购买欲。自然度较低：部分语句不通顺，如“下摆处的开口可以让你展示各种穿搭的可能性和穿着舒适度”，且存在复读（“拉链”出现多次但指代不同部位）。
759,这件卫衣采用纯黑和绿白两个色彩设计，两种色彩搭配出非常时尚的设计风格。而且卫衣是前短后长的设计，穿起来能让你显得高挑有气质。胸前有着绿色的字母印花，看上去更加的帅气潮流。简约的连帽可以御寒，并且彰显青春活力气息。直筒宽松的版型，能遮盖住多余的肉感和赘肉，让你看起来更加苗条好看。,自带潮流个性的连帽卫衣可以说是人人必备，所以炉品这次满足需求。出了这么一款连帽卫衣，采用宽松版型，让其穿着舒适的同时更具随性潮范儿。然后采用基础的黑白灰三款底色以及少见的豆绿色，轻松适应多样风格穿搭。再加上胸前的字母印花，简约不失个性，轻松穿着独特潮范儿。,类型#上衣*版型#宽松*颜色#黑白*颜色#绿色*风格#简约*风格#潮*图案#字母*图案#文字*图案#印花*衣样式#卫衣*衣款式#连帽,7.0,准确性方面，缺少了‘连帽’和‘宽松’关键词，且错误地将‘宽松版型’写为‘前短后长’，存在误导；生动性较好，使用了‘时尚’‘帅气潮流’等词汇，但缺乏像‘随性潮范儿’这样的记忆点；自然度尚可，略有‘直筒宽松的版型’等重复，整体机械感不强。综合考虑，得分为7.0。
760,此款来自BRAND的毛圈布外套，选用优质面料制作而成，触感柔软绵密，穿着舒适透气；整体采用浅色点缀以民族风格的提花装饰，增添柔美色彩的同时带来浓郁的民族韵味；经典的小圆领与<UNK>设计，能凸显锁骨线条，显出优美的颈部曲线；此外衣身多色的花朵图案装饰更具吸睛效果，更添优雅风情。,经典的圆领设计，衬托脸部线条，民族花纹织带装点，散发别样的异域气息，在设计过程中。通过民族风图案全新设计，在袖管、衣襟进行连贯的点缀。串联起来的线条更显外套的利练之外，也赋予其独特的韵味，雅致而典雅的风格，让你在对自己的全新探索中收获更完美的自己。,类型#上衣*风格#民族风*图案#线条*衣样式#外套*衣领型#圆领,6.5,准确性方面，待评测文案覆盖了除'衣领型#圆领'外的所有关键词（类型、风格、图案、衣样式、衣领型），其中'经典的小圆领'对应圆领，但多了'<UNK>'不明符号，且未明确提及'线条'。生动性一般，描述了触感、花色，但缺少民族风图案的连贯性描述，购买欲望较弱。自然度较好，语句通顺，但'<UNK>'符号明显异常，整体略有机械感。
761,一款设计感十足的儿童纯棉卫衣，采用经典螺纹小圆领的设计，穿脱方便舒适，不勒脖颈，还彰显出休闲时尚大气之感；修身舒适的剪裁，搭配深色的底色，尽显优雅气质，孩子穿上更有精神饱满之感；精致的绣花点缀，栩栩如生，美观又个性。,一件卫衣，让你舒适度过微凉的春天。这件圆领卫衣，螺纹圆领，照顾到了穿着的舒适性，深色系配色更显瘦有质感。挚爱的立体花鸟刺绣，精致的设计感，更显时尚品味。休闲的卫衣版型，适合有个性的你穿着！,类型#上衣*版型#显瘦*颜色#深色*风格#休闲*图案#刺绣*衣样式#卫衣*衣领型#圆领*衣款式#螺纹,7.0,准确性较高，覆盖了所有关键词；生动性一般，语言较平实，缺乏强烈购买冲动；自然度较好，通顺无机械感，但‘彰显出休闲时尚大气之感’略显冗长。总体中等偏上，但未显著超越参考答案。
762,这款牛仔裤的细节处理上很值得称赞。修身的高腰设计，提升身材的比例线条。而前片一排扣的装饰造型加上两个对称的大口袋设计，丰富视觉层次感的同时又增添了时髦气息。最个性又很具有诱惑力的地方就是后面的开衩裁剪，凸显女性的小翘臀和腿部曲线，打造出一种性感的魅力气质。喇叭的设计复古时尚。柔软透气的优质面料，上身穿着也很舒适。,这是一款修身版型的牛仔裤，流畅的裁剪线条，打造出的开衩设计，带有轻柔飘逸的质感，让你在帅气与优雅中随意的切换，还不失性感魅力。经典的喇叭裤造型，演绎复古时尚。高腰的设计，凸显腰线的位置，视觉上秒变大长腿。对称性的斜插口袋，方便放置物品。,类型#裤*版型#显瘦*材质#牛仔布*风格#复古*风格#性感*图案#复古*图案#线条*裤款式#口袋*裤腰型#高腰*裤口#开叉*裤口#微喇裤,7.5,文案较为生动，包含大部分关键词，但缺少‘线条’和‘微喇裤’；‘喇叭’与‘微喇裤’有偏差；整体自然但部分表达稍显冗长，准确性有提升空间。
763,这款牛仔裤采用<UNK>纯棉混纺，在保证舒适体验的情况下，还添加<UNK><UNK>，使得牛仔裤不易起毛脱线，更为耐用显档次，上身不易变形。同时裤身采用了重工磨白色面料，在视觉上更为独特新颖。而裤脚处采用了磨白破洞的设计，更添一抹时髦韵味。,设计很赞的一款磨白破洞牛仔裤，选用棉混纺面料制作而成，呈现出帅气有型的上身效果，走在街上格外的亮眼。个性的磨白工艺搭配破洞设计，带给你非同寻常的穿着体验。,类型#裤*材质#棉*材质#牛仔布*材质#混纺*裤款式#破洞,7.5,准确性方面，包含了所有关键词（棉、牛仔布、混纺、破洞），但漏掉了‘裤’这一关键词。生动性方面，用词如‘帅气有型’、‘独特新颖’有一定吸引力，但不如参考答案生动。自然度方面，存在<UNK>占位符导致不连贯，整体略显机械。
764,这款裤子采用弹力混纺面料制作而成，具有很好的舒适度和光泽度，加上优质<UNK>的做工缝制设计，令成衣上身效果挺括又精致有型；搭配宽松的锥形阔腿版型剪裁，修饰出笔直双腿曲线的同时还能拉伸整体比例，让人视觉上更显高挑些，让你轻松穿搭展现好身材。,阔腿裤腿视觉上有着一气呵成的流畅感，留有宽松的余量，行走间自在如风。高密实的棉涤混纺面料，布料平整挺括度好，穿着时自然板正有型。立身剪裁上身收腰提臀，修饰身型的同时不会显胯宽。带有几分时光的<UNK>，百搭不挑人。,类型#裤*版型#宽松*材质#混纺*裤型#阔腿裤,6.5,准确性方面基本覆盖关键词（缺‘混纺’中‘棉涤’具体表述，但提到弹力混纺可部分对应），但未准确包含‘宽松’和‘阔腿裤’（AI写的是‘宽松的锥形阔腿版型’，锥形与阔腿有冲突）。生动性一般，使用‘挺括又精致有型’等常见表述，但缺乏亮点。自然度较好，语句通顺，但‘<UNK>’可能为未知字符导致不通顺。整体评分中等偏低。
765,此款牛仔裤走经典路线。采用了浅蓝的颜色，简单耐看，上身又显瘦显高挑效果，打造完美的造型感。九分的长度，很好的修饰了腿部的比例，露出迷人的脚踝，秀出大长腿，女人味十足。直筒廓形的设计，更是修饰腿部线条，彰显女性的魅力气质。金属装饰的设计点缀的这条裤子很有时尚的感觉，让一条普通的浅蓝色牛仔裤变得更加与众不同。,这款极具帅气男友力的牛仔裤，以浅蓝色调渲染，更加的百搭时尚，同时展现了青春活力感。直筒的裤型设计结合九分裤长剪裁，能够更好的修饰腿部的不足。拉长腿部线条的比例，显露出大长腿，补丁磨旧的设计，增添设计看点，展现帅气个性。,类型#裤*材质#牛仔布*颜色#浅蓝色*图案#线条*裤长#九分裤*裤型#直筒裤,7.5,准确性方面，文案覆盖了所有关键词（浅蓝色、九分裤、直筒裤、线条、补丁未提，但金属装饰替代），但未提及补丁磨旧，稍显不足。生动性较好，使用了“简单耐看”、“显瘦显高挑”、“女人味十足”等吸引人词汇，但对比参考答案少了“男友力”、“青春活力”等风格化表达。自然度较高，语句通顺，无重复或机械感。整体表现良好，但可更精准贴合关键词和风格。
766,采用柔软挺括的印花雪纺面料设计而成的一款衬衫，上身穿起来非常的舒适又透气。偏中式的立领领口加上黑色的绑带元素，衬托出几分时髦感。下摆的地方不规则的裁剪，更能彰显出休闲的感觉。结合亮眼黄色系的色调，上身让你气质更出众。,一件兼具休闲风和甜美气质的雪纺衬衫。明亮的黄色象征着少女的满满朝气，加上黑色的不规则印花星星点点地分布在垂坠感极好的面料上，顿时蔓延出几分慵懒风情。领口的部分别出心裁，把绑带和立领结合在一起，简直仙气十足！,类型#上衣*材质#雪纺*颜色#黑色*颜色#黄色*风格#休闲*图案#印花*衣样式#衬衫*衣领型#立领*衣款式#绑带*衣款式#不规则,7.5,待评测文案准确包含了所有关键词，但生动性不足，缺少对慵懒、仙气等氛围的描写，语言较为平实，购买欲望激发较弱；自然度尚可，无机械感但略显模板化。参考答案更富画面感和感染力。
767,夏季的牛仔单品里一定少不了一件时髦又清凉的短裤。这款短裤采用了黑色的色调，将经典的牛仔裤渲染出酷帅感，彰显出个性与气质。同时选用经典的高腰设计，巧妙的拉长腰部线条，展现出纤细的身姿，尽显俏皮的少女气质。整体采用微宽松的处理方式，结合阔腿的版型，轻松遮住粗壮的大腿，释放休闲气息的同时更增添灵动轻盈的感觉。,这款短裤采用黑色的牛仔风格，展现出自然随性的休闲韵味，也流露出女性内心的优雅与大气。宽松的阔腿裤型，将双腿的线条修饰的更加纤瘦有型。微微翻卷的裤边，流露出强烈的个性色彩。自然的高腰版型，将双腿拉伸的更加修长，从而打造高挑动人的身材曲线。,类型#裤*版型#宽松*材质#牛仔布*颜色#黑色*风格#休闲*图案#线条*裤长#短裤*裤型#阔腿裤*裤腰型#高腰,7.5,文案覆盖了大部分关键词（如黑色、高腰、阔腿、宽松、休闲），但未明确提及'线条'图案和'牛仔布'素材。语言生动有购买欲，但结尾稍显冗长。整体自然流畅，略有重复感。
768,大直角的喇叭裤，可以修饰腿部的曲线，从视觉上拉伸下半身的比例。裤子的下摆设计<UNK>带，可调节长度的裤腰带，为简约的裤子增添了细节感。经典的五颗纽扣门襟，美观实用又显档次，高腰的设计拉长了身材比例，上身更显腿长。立体有型的剪裁让整件裤子版型更加修身，凸显你窈窕的身材曲线。,<UNK>都是拖地的直筒裤型，但这条是有<UNK>几长度的微喇叭高腰，腰围有两个纽扣，可以把小腹收起来，遮肉显瘦不挑身材。中高腰的版型穿着不会束缚，布料是西裤的那种，春夏秋冬都可以穿，不会热而且保暖，两种颜色，带着时装又冷酷的感觉。,类型#裤*版型#显瘦*裤型#直筒裤*裤款式#纽扣*裤腰型#高腰*裤口#微喇裤,6.5,准确性方面：缺少关键词'微喇'、'纽扣'（待评测文案写的是五颗纽扣，但参考关键词是'两个纽扣'）、'直筒裤'（待评测文案写的是大直角喇叭裤，与直筒裤不符）。生动性一般，语言较流畅但部分表述（如'大直角的喇叭裤'）不够准确。自然度较高，没有明显复读或机械感。
769,这款单品的设计亮点在于竖条纹和腰带的融入上，竖条纹从视觉上拉长了腿部的线条比例，非常显高挑气质。腰带的运用让衬衫不再只有束缚感而带来一些休闲的气息，同时也更显身材曲线。设计师在衣身两侧添加了一根<UNK>样式的编织绳系带，结合直向拼接的竖条纹，营造出不对称的错落感，增添了层次美感，也凸显了自由随性的时髦个性。整体搭配非常修身又具有立体感的阔腿裤，轻松凹出时尚造型感。,这一款带有设计感的衬衣，穿在身上凸显女性的个性和时尚感。它采用了修身的版型，剪裁得体利落，能够贴合身体线条，带来非常合身的穿着效果。衣身采用<UNK>条纹的拼接，粗细横竖条纹，搭配不对称的下摆，带来时髦的美式休闲风，而且方便凹造型。腰部搭配腰带，凸显腰身。,类型#上衣*版型#显瘦*风格#休闲*图案#条纹*图案#线条*衣样式#衬衫*衣款式#拼接*衣款式#腰带*衣款式#不对称,6.0,准确性：缺少关键词'上衣'、'显瘦'、'休闲'、'线条'、'拼接'（虽有提到但未明确说拼接）、'不对称的下摆'（仅提到错落感），且出现了关键词外的'阔腿裤'。生动性：使用了'拉长腿部线条'、'增添层次美感'等描述，有一定吸引力，但未强调显瘦和休闲风格。自然度：通顺，但'直向拼接的竖条纹'表述略显机械，整体流畅。
770,一款很有仙气感的连衣裙，在腰部的位置做了收缩的设计，更好的拉伸腿长的比例。整体的风格设计，非常的浪漫优雅；喇叭袖口和荷叶边的结合，丰富了整体造型感。鱼尾的造型设计，修身又可爱。拼接的蕾丝面料上，呈现出更加丰富的视觉美感。精致细腻的蕾丝面料，展现出轻奢的品质。,精美的蕾丝连衣裙拼接了双层喇叭袖，富有立体的层次美感。举手投足间也给人一抹灵动性，带有甜美减龄的气息，很有时尚感。同时，其鱼尾摆的设计能勾勒出美好的身形曲线，女人味十足。再加上，拼接的荷叶边使得裙身更丰富，有飘逸浪漫的感觉。而整款蕾丝连衣裙在穿着上很显瘦，又衬气质。,类型#裙*版型#显瘦*材质#蕾丝*图案#蕾丝*裙型#鱼尾裙*裙下摆#荷叶边*裙长#连衣裙*裙袖型#喇叭袖*裙款式#拼接,7.5,文案包含了所有关键词，准确性高。语言有一定生动性，但略显平淡，缺失参考答案中的‘女人味十足’、‘甜美减龄’等情感共鸣点，购买欲望稍弱。自然度较好，没有明显的机械感。
771,"来自BRAND的这款衬衫,其独特的版型设计可以满足不同人群的需求。黑白色的选用更是独具匠心，黑色是经典百搭的颜色，白色很干净大方，穿在身上十分亮眼。开叉下摆和袖口的设计都很有特点，展现出随性慵懒的小香风味道,增添了一丝小性感。小立领更是彰显出优雅女人味儿，而且宽松的版型穿着不显束缚感，更舒适。",纯黑色颜色使用的这一件较为宽松版型设计的衬衫最大的设计亮点在于衣身上面采用的立领款式的设计哦，这样的款式的设计使得整一件衬衫给人一种很时髦很有个性感的气息<UNK>，让人一眼看过去就很是喜欢。,类型#上衣*版型#宽松*颜色#黑色*风格#性感*衣样式#衬衫*衣领型#立领,6.5,准确性：未包含‘纯黑色’，提到‘黑白色’，但关键词为‘黑色’，且商品为单一黑色，存在偏差；缺失‘性感’关键词。生动性：语言较流畅，但‘小香风’与‘性感’风格不匹配，购买欲望一般。自然度：通顺，无明显机械感。综合扣分因关键信息缺失和风格偏差。
772,一件长袖衬衣在外套上显得很有个性时尚气息，在人群中一眼就能看到它优雅大方的魅力。撞色的设计是整件大衣的亮点，别有一种青春活力感让人十分赏心悦目。翻盖斜插口袋设计不仅实用而且装饰效果好，精致的金属装饰的纽扣为这件衬衣增添了一丝典雅端庄的气息，同时也能满足人们的审美需求，彰显出高级质感。,黯哑沉稳的配色有素净的感觉，撞色为视觉上提升亮点。面料的拼接营造假两件的效果，像是长袖衬衫外套着背心，富有层次感，立体的口袋<UNK>与纽扣设计提炼假两件的细节，看上去更加逼真。背心部分的面料挺括感强，使着装干练挺拔。,类型#上衣*图案#撞色*衣样式#衬衫*衣样式#外套*衣袖长#长袖*衣款式#拼接*衣款式#口袋*衣款式#纽扣,7.5,准确性上，关键词覆盖较好，但漏了'口袋'前的'立体'修饰，且将'假两件'误为'大衣'，关键特征（拼接、假两件）未提。生动性不错，有视觉描述和情感词，但缺少层次感细节。自然度基本通顺，但'一件长袖衬衣在外套上'表述稍欠流畅，无复读但有明显AI痕迹。整体7.5分。
773,炎热的夏日，短裤是必不可少的单品之一。这款<UNK>的儿童沙滩短裤以简约又经典的设计，打造出时尚休闲的随性气质。采用优质面料制成，经过加宽设计，不仅穿着舒适，还让宝宝的腿型看起来更加修长哦。另外短裤前侧的小小爱心印花，增添了些许灵动活泼的气质感，更显童真可爱，充满活力。经典的圆领的设计也便于穿脱，宝宝自己也能轻松搞定。别致的圆弧下摆，还有一丝复古的味道。剪边的宽松口袋设计可以装些零碎物品，更加实用。精选金属别针闭合，不易发生滑落的情况，宝宝穿起来更安全。裤身走线平整又细腻，彰显品质。,BRAND的这款短裤以极具有民族特色的波西米亚风印花为主，复古典雅，轻松凸显出优雅的气质和出众的时尚品味，经典的腰头设计，舒适亲肤。简约而不<UNK>，大气的宽松版型，包容性很好，穿起来不仅很显轻盈。还洋溢着轻松休闲的气息。,类型#裤*版型#宽松*风格#复古*风格#简约*风格#休闲*图案#复古*图案#印花*裤长#短裤,6.5,准确性方面，关键词齐全但部分不符（如儿童沙滩短裤未涵盖商品关键词）；生动性方面，有具体细节描述但缺乏参考答案的优雅感；自然度方面，部分句子略显生硬（如‘精选金属别针闭合’与整体风格不搭）。整体优于普通AI文案，但不如参考答案专业协调。
774,采用3d立体裁剪工艺，结合人体工程学原理，穿着舒适无束缚感更合身。腰部选用高收腰设计搭配可调式后绑带，勾勒出优美的身材曲线。经典a型大裙摆，巧妙修饰出纤细腿部线条，拉长整体比例更显娇美身姿。斜插<UNK>隐形口袋与拉链设计细节加分；前幅简约设计配合平整锁边走线工艺彰显品质细节。,简约又气质大方的onepiece~收腰设计可以很好的勾勒出腰部线条大大的裙摆侧面有设计口袋用料足足的立体剪裁细细品味也不乏小细节感背后的拉链设计细节感很好,类型#裙*版型#立体剪裁*风格#简约*图案#线条*裙型#大裙摆*裙衣门襟#拉链*裙款式#口袋*裙款式#拉链*裙款式#收腰,6.0,准确性较好，包含了大部分关键词，但'线条'和'口袋'未能完全体现（斜插<UNK>表示缺失）。生动性较好，使用专业术语如'人体工程学'、'3d立体裁剪'等，但稍显机械。自然度一般，语言通顺但部分表述（如'娇美身姿'）略显刻意，整体缺乏参考答案的流畅感。
775,很时髦的半裙了，穿在身上能够衬出你白皙大气的双腿。这款长款式的裙子，搭配上衬衣或者外套来穿都是非常<UNK><UNK>，有种复古又精致的感觉，裙子的前中设计有双口袋，点缀着裙身造型。整体上看起来也是格外的优雅大方，而且略带有一股随性休闲风，宽松的廓形，穿着更显潇洒利落。,宽松休闲的bf款型，可以当作衬衫穿着更可以是一件开春小外套。缝接处用明线装点，增加细节，视觉上显得格外生动有趣。袖口扣子设计，俏皮又不失个性，结合胸前口袋的装饰，率性利落，带出浓郁复古的中性气息，帅气又拉风！,类型#上衣*版型#宽松*风格#复古*风格#休闲*图案#复古*衣样式#衬衫*衣样式#外套*衣款式#口袋,3.0,准确性差：文案描述的是半裙，但商品关键词是上衣（衬衫、外套），完全偏离产品类型；仅涵盖“宽松”、“复古”、“口袋”等少数关键词。生动性不足：开头“很时髦的半裙了”等表述平淡，未突出上衣特点，缺乏购买吸引力。自然度低：存在<UNK>占位符，语句不连贯，有机械感。
776,春日里的仙女当然少不了一件仙女气质满满的蕾丝连衣裙啦，细腻唯美的花型设计，给人一种精致的感觉。而若隐若现的薄纱质地则衬托着女性肌肤更加白皙。这款蕾丝连衣裙最独特的就是腰间的大v领造型设计，非常有个性的款式，展示你迷人的姿态美。,<UNK>以淡淡的天蓝色打造的这款连衣裙，整体采用了长款的剪裁设计，配合飘逸的薄纱，显得较为灵动且迷人。裙子为四分袖的剪裁，结合朦胧的蕾丝花纹，呈现出较为精美且大气的穿着美感，是非常出彩的优质裙装单品。,类型#裙*材质#蕾丝*图案#蕾丝*裙长#连衣裙,8.0,准确性上，文案包含了所有关键词（蕾丝、连衣裙等）但未明确提及‘裙长#连衣裙’中的长款，稍有不足；生动性上，使用了‘仙女气质’‘精致’‘白皙’等词汇，富有画面感和购买欲望；自然度上，整体通顺，无明显机械感，但‘腰间的大v领造型设计’在蕾丝连衣裙中不常见，略显突兀。综合评分为8分。
777,这款连衣裙采用的是两件套式的造型，在腰间有着一条同系列的系带，让你可以收紧腰部多余的肉肉，让纤细身材一览无遗，同时勾勒出曼妙身段。并且衣袖采用双层设计，外层采用半透视效果的蕾丝面料制成，不仅能够遮住手臂上的小赘肉，还能隐隐约约的露出肌肤，显得风情万种。,蕾丝是女人味的至佳代表元素，没有女人不爱蕾丝的，对于蕾丝连衣裙更是有无数丽人追捧和热爱着，它制造出来的气质——精致而优雅。这款连衣裙拿到手一眼就能看出其精美以及品质感。,类型#裙*材质#蕾丝*图案#蕾丝*裙长#连衣裙,7.0,准确性方面，文案包含了裙长（连衣裙）、材质（蕾丝）等关键词，但未明确提及“图案#蕾丝”和“类型#裙”，不过整体符合商品描述。生动性较好，通过“收紧腰部”、“纤细身材”、“风情万种”等词汇激发购买欲望。自然度较高，语句通顺，无明显机械感，但“两件套式的造型”略显冗余。综合评分7分。
778,这是一款走优雅路线的孕妇背心连衣裙，它的领部采用了小立领的设计风格，可以很好的展现出身材的娇俏感。<UNK>肩部处采用水溶花纹的蕾丝作为点缀，看起来非常的温柔可人。下摆处运用百褶的造型，在行走的时候显得非常灵动飘逸。,这款两件套连衣裙，一眼就能看到清晰的lace<UNK>，视觉上有凹凸的感觉。几种不同的蕾丝花纹出现在同一件裙子上，充满新鲜感和设计撞击，孕期可以穿，产后哺乳期也方便，上身雅致有腔调，带一点俏皮的女人味。,类型#裙*材质#蕾丝*图案#蕾丝*裙长#连衣裙,7.5,文案准确包含了'蕾丝'和'连衣裙'关键词，但未提及'裙长'和'图案'；语言较生动，描述了小立领、水溶花纹蕾丝、百褶下摆等细节，能引发购买联想；整体自然流畅，但结尾略显生硬。
779,对于很多女性来说蕾丝就是一种美好的象征，这款浪漫的蕾丝连衣裙，让女孩子们难以抵抗住那丝<UNK>的魅力诱惑，散发出无尽的女人味儿气质；同时。它上身又超级百搭不挑人哦。,性感美腻的一款连衣裙，见到的第一眼就想把所有美好的形容词都用在它身上。重工水溶蕾丝裙，大朵大朵的花型，立体感超强，有筋骨，有挺度，柔韧，自然溢出女人香气，非常吸引人，非常惊艳眼球！,类型#裙*材质#蕾丝*图案#蕾丝*裙长#连衣裙,5.5,准确性：遗漏关键属性“蕾丝”作为图案和材质，以及“重工水溶蕾丝”等产品特点，未能涵盖所有关键词。生动性：语言较为平淡，缺乏夺目描述和购买驱动力，不如参考文案具有冲击力。自然度：通顺但有轻微语病（“同时。它”标点错误），整体较干瘪，缺乏情感共鸣。
780,这件粉粉嫩嫩的蕾丝娃娃<UNK>的裙子非常惹人喜爱哦，它能够轻松展现出女生的甜美气质。而且这款两件套的款式，穿脱起来也非常方便呢。,一袭优雅大气的蕾丝连衣裙！蕾丝能穿出高品质感，真心不简单！专门到大工厂ding制而来的，优美大气的蕾丝花纹，不同于市面上普通常见的那种花纹，这款很有特色！有质感有风骨，耐品耐看~小立领，柔美的睫毛边，<UNK>肌肤，风雅撩人。,类型#裙*材质#蕾丝*图案#蕾丝*裙长#连衣裙,4.0,待评测文案未包含所有关键词（如蕾丝图案、连衣裙等），错误使用‘娃娃裙’代替‘连衣裙’，且‘一件套’与原文‘两件套’矛盾，缺乏对蕾丝品质的生动描述，语言平淡，购买欲望不足。
781,连衣裙采用精美唯美的立体蕾丝花边设计，丰富衣身层次感的同时又不失美观大气，展现女孩纯真甜美气质。腰部设计非常贴合腰线，穿着舒适更彰显完美曼妙身材比例,蕾丝连衣裙对于女生的吸引更是加倍的，繁复精美的蕾丝天生就拥有着优雅和仙气，这种气质是深入骨髓也是无可复制的，它也似乎充满着魔力，勾住人们的眼球让所有人为之倾倒。加之蕾丝面料触感细腻光滑，更加衬托出女人独特的个人魅力。,类型#裙*材质#蕾丝*图案#蕾丝*裙长#连衣裙,7.0,准确性高，覆盖了类型、材质、图案、裙长关键词；生动性良好，有‘精美唯美’、‘纯真甜美’等词汇，但缺乏参考答案的优雅仙气层次；自然度较好，但‘层层走线’部分未出现，略有机械感，如‘腰部设计非常贴合腰线’略显重复。综合评分7分。
782,<UNK>家的这款连衣裙采用了经典大方的版型，无论是高挑的妹子还是小个子妹子都能轻松驾驭~飘逸灵动的双层袖口，结合着精致的蕾丝花边装饰，为整体倍添了一份甜美与优雅的气息；而腰间的松紧设计，恰到好处的起到纤细腰身的既视感。,温柔的蕾丝连衣裙不失为小女生的必备，既能让你变得优雅十足，又充满着少女感。衣身采用淡雅的<UNK>，整体透着一股子高贵典雅的感觉，瞬间提升气质。通透的蕾丝面料，为服装增添了神秘色彩，带来朦朦胧胧的浪漫魅力。,类型#裙*材质#蕾丝*图案#蕾丝*裙长#连衣裙,7.5,准确性：包含类型#裙、材质#蕾丝、裙长#连衣裙，但缺少图案#蕾丝，仅提及蕾丝花边装饰。生动性：语言流畅，有购买欲望，如‘飘逸灵动’、‘甜美与优雅’。自然度：通顺自然，无复读或机械感。总分7.5，因关键词缺失扣分。
783,这条极具女人味的蕾丝连衣裙，是轻熟女的优雅之选，采用独特的双层面料剪裁设计，打造出了假两件的效果穿着很有个性。外层搭配薄纱面料更带来几分朦胧又仙美的气质。同时透视的质地也很适合春秋季着装，让你出街实力吸睛。,这件时尚的连衣裙，面料采用的是蕾丝<UNK>绣，工艺极其繁琐，精致又优雅。袖口与领口的睫毛边细节，增添灵动感，时尚而且不失浪漫。,类型#裙*材质#蕾丝*图案#蕾丝*裙长#连衣裙,7.5,准确性方面，关键词覆盖了“裙”、“蕾丝”、“连衣裙”，但未明确提及“图案”和“裙长”，存在遗漏。生动性较好，使用了“女人味”、“轻熟女”、“朦胧仙美”等词，能激发购买欲。自然度较高，语句通顺，但“双层面料剪裁设计”略显生硬，整体无明显机械感。
784,蕾丝元素作为轻熟女心水的时尚元素，向来有它自带的唯美属性。而这款连衣裙正是利用其的柔美光泽感，打造出了令人心动不已的效果！同时搭配上飘逸大气的裙摆设计，更是将气质与浪漫结合在了一起，释放出优雅动人气息的同时也展现着灵动与活力。,精美又迷人的蕾丝钩花，悄悄地盛开在那迷人的连衣裙之上，既有着迷人得视觉效果，又能让<UNK>的宝贝展现出十足的公主范，确实很美妙哦！单单看那一抹蕾丝钩花，就展现出了<UNK>熟精湛的工艺，既能够凸显不凡气质，又能缔造独一无二的美感。,类型#裙*材质#蕾丝*图案#蕾丝*裙长#连衣裙,6.5,准确性方面，未提及裙长（连衣裙）和图案（蕾丝）的具体描述；生动性一般，有吸引力但缺乏细节；自然度尚可，但略显套话。
785,一款舒适透气的轻薄薄纱女童连衣裙；富有浪漫气息的睫毛花边装饰在衣袖与腰部处，将甜美减龄的美感诠释其中，为姣好的身姿赋予了婀娜多姿的曲线美；轻盈通透的睫毛花边点缀，蔓延出唯美别致的韵味，使俏皮的萌娃穿搭尽显浪漫时髦范。,重工定织的蕾丝面料，不同的<UNK>碰撞，真的让人惊艳，特别清晰的花型，片片花朵风情相连，浪漫中带<UNK>奢...花纹立体精致，肌理细腻，手感柔软干爽。shou先从面料材质把<UNK>确保这款蕾丝连衣裙的高<UNK>品质感。,类型#裙*材质#蕾丝*图案#蕾丝*裙长#连衣裙,5.5,准确性：未包含所有关键词，缺少“蕾丝”、“连衣裙”等核心词，仅“裙”隐含在文案中；生动性：语言较优美，但描述偏重“睫毛花边”和“轻薄纱”，与商品关键词（蕾丝面料）不完全匹配，购买欲望一般；自然度：通顺但略有机械拼凑感。
786,这件<UNK>蕾丝连衣裙，从外观上看就是一件精美的裙子，但是细节之处往往是我们看不到的地方才是真正考验设计师的手艺地方。就像这款连衣裙袖口的处理，通过精致的包边设计让蕾丝的边缘变得圆润起来，这样看上去就更加的精致美观了，而且还能在一定程度上减少走线<UNK>产生的问题，让你更加放心。,春天到了。仙女们都换上了美美的连衣裙，经典充满魅力的蕾丝元素怎么可以少呢，梦幻精致的水溶蕾丝，带有非常甜美的减龄皱褶裙摆，满满少女心。,类型#裙*材质#蕾丝*图案#蕾丝*裙长#连衣裙,5.5,准确性方面，文案包含了关键词'蕾丝连衣裙'，但未提及材质'蕾丝'、图案'蕾丝'、裙长'连衣裙'等完整覆盖，且出现'<UNK>'影响完整性。生动性不足，语言偏中性，缺乏感染力，未能激发购买欲望。自然度一般，存在'<UNK>'和略显机械的表述'往往是我们看不到的地方才是真正考验设计师的手艺地方'，不够通顺。整体表现中等偏下。
787,采用高档仿真丝面料制成的一款连衣裙，光泽度好，亲肤垂坠感强。在肩膀与领口位置，采用了精致的蕾丝工艺来装饰点缀裙身。让这条裙子展现出华丽而优雅的少女气质感。肩部与手臂都采用了弹力设计，穿着更加贴合身形。,美好的春夏季节，可以用一款美美的蕾丝裙来应景，它会穿出你的精致与优雅，让你美得独特与别致。这款裙子上的蕾丝，具有很好的肌理感与挺括度，层次立体丰富，仿佛雕刻上去的一样，蕾丝的存在，让连衣裙别有风情与韵味。,类型#裙*材质#蕾丝*图案#蕾丝*裙长#连衣裙,6.0,准确性方面，商品关键词包括类型#裙、材质#蕾丝、图案#蕾丝、裙长#连衣裙，待评测文案提及了连衣裙和蕾丝工艺，但蕾丝仅作为装饰，未突出蕾丝作为主要材质和图案，且缺少裙长信息，不够全面。生动性方面，语言有一定描述但不够吸引人，如'高档仿真丝面料'略显普通，缺乏情感共鸣和购买欲望。自然度较好，语句通顺，没有明显机械感。综合打分6分。
788,<UNK>的这款女士连衣裙，以蕾丝这种具有浪漫质感的面料贯穿全款，从外观上给人一种端庄大气的feel；同时为了能够穿出舒适的体型，腰部的部分采用束腰带的设计，不但能够很好的拉高身材比例。还可以在走动的同时随风飘洒，带出一身曼妙的气息；配上纯黑的底色衬托出优雅的气质。,唯美动人的连衣裙，穿在身上总是能够彰显出迷人的视觉效果，优雅大气个性别致，造就出了非凡的气质，显得魅力非凡。配以精美大气的蕾丝钩花设计，随时随地凸显出了迷人的视觉效果，彰显出十足的时尚魔力。优雅吸睛的蕾丝钩花还能够彰显出无与伦比的神奇身材，缔造出婀娜的美感。,类型#裙*材质#蕾丝*图案#蕾丝*裙长#连衣裙,6.0,准确性中等，包含了大部分关键词（蕾丝、连衣裙），但缺少'裙长'和'图案#蕾丝'的明确提及；生动性较好，使用了'浪漫质感'、'端庄大气'等词汇，但'<UNK>'和'feel'等表达不够专业，有轻微翻译感；自然度一般，句子结构有些生硬，比如'不但能够……还可以……'的搭配稍显机械，整体不够流畅。
789,一款充满优雅韵味且又能凸显出十足气质的连衣裙，采用精致细腻的蕾丝装饰，带来浪漫唯美的氛围感，尽显甜美可人气息，而且还能穿出时髦范儿，袖子的添加展现出飘逸动人的美感。同时蕾丝的增添也衬托出了几分女性的温柔婉约腔调。,蕾丝连衣裙对于女生的吸引更是加倍的，繁复精美的蕾丝，天生拥有着优雅和仙气，这种气质是深入骨髓当中无可复制的，它也似乎充满着魔力，勾住人们的眼球，让所有人为之倾倒。,类型#裙*材质#蕾丝*图案#蕾丝*裙长#连衣裙,7.5,准确性：完整包含所有关键词（裙、蕾丝、连衣裙）。生动性：使用了‘优雅韵味’、‘浪漫唯美’等词汇，有一定吸引力，但不如参考答案有‘魔力’、‘倾倒’等强感染力，购买欲望中等。自然度：通顺，但‘袖子的添加’表述稍显生硬，整体无明显机械感。
790,一款集设计感与舒适度结合的连衣裙！轻盈透气，让你在夏日中不流汗，上身自带仙气！版型超好，整体剪裁很好，不会显得松垮，各种场合都hold住，轻松打造出不同气质风的一款设计啊~下身是重工蕾丝的设计，面料柔软触感极佳哦！这款连衣裙可以称得上百搭了，随便在搭配一双小白鞋就轻松出门呢~,作为小女孩喜欢的连衣裙，选用少女气质的樱花粉甜美婉约，是小公主们无法抗拒的色彩，不仅可以衬托宝贝那<UNK>的脸蛋，还能展现出小女孩独有的俏皮与甜美。浪漫的蕾丝材质，让宝宝化身成为童话中的小公主。,类型#裙*材质#蕾丝*图案#蕾丝*裙长#连衣裙,7.0,文案包含了所有关键词（裙、蕾丝、连衣裙），但准确性上对‘蕾丝’提及不足；语言生动有购买欲望，但自然度较低，如‘整体剪裁很好，不会显得松垮’与‘百搭’重复，且缺少与儿童、小公主相关的场景，偏离了参考答案的定位。
791,每个女孩的心里都有一件公主梦，这件连衣罩衫帮你实现它。连衣裙的设计很显大气优雅，上身穿着非常显气质。裙身表面精致的蕾丝元素，让整件连衣裙更加具有飘逸感觉，让你在行走之间更显灵动迷人的魅力感哦。穿上这款连衣裙出门约会吧！,<UNK><UNK>这款连衣裙，运用了雾的特色理念，将其打造成朦胧般误入<UNK>的仙女。蕾丝结合<UNK>的裙摆，加上纯白色色彩基调，如同<UNK>般高洁，穿上它，你就是神圣美丽的小仙女。,类型#裙*材质#蕾丝*图案#蕾丝*裙长#连衣裙,6.5,准确性和关键词覆盖方面，文案出现了'连衣罩衫'而非'连衣裙'，且未提及'蕾丝'和'连衣裙'关键词，但提到了'蕾丝元素'；生动性方面，语言较有感染力，能激发想象；自然度较好，无明显机械感。综合扣分主要因关键信息偏差。
792,这条纯黑色的连衣裙设计简洁大方、端庄美丽，上身很减龄显精神，还能很好的衬托出白皙的皮肤；修身的版型与方领的设计可以更好的凸显了女性优美的身姿和气质感，显得端庄大气；中长的长度更显飘逸；收腰系带领口和前襟无袖的裙摆是整条裙子设计的亮点所在。彰显着精致的女人味~,非常素雅的纯黑色连衣裙，低调雅致的色彩显得朴素干净，能够很好地显衬肤色。加持无袖方领的剪裁大气利落，给人以明朗亲和的气质感。纯黑色还自带高贵典雅的格调，配上收腰的伞型裙身更是亮眼出彩。显瘦修身的收腰伞摆蓬松轻盈，让上身效果非常有型。<UNK>的衣襟细节别致出挑，工整精致的包布圆扣保证了整体视感的和谐精致。,类型#裙*版型#显瘦*颜色#黑色*裙长#连衣裙*裙袖长#无袖*裙领型#方领*裙款式#收腰,6.5,准确性上，待评测文案未包含类型#裙、版型#显瘦、裙长#连衣裙、裙袖长#无袖、裙领型#方领、裙款式#收腰等关键词，且增加了未提及的系带领口；生动性一般，有购买欲望但不够突出；自然度尚可，但存在重复（端庄大气出现两次）和机械感（“更好的凸显了”语法问题）。
793,经典的气质黑白竖条纹图案，搭配起来毫不费力，视觉上修身显高比例，尽显时尚大气，彰显女性的魅力自信。腰节部分做了收紧设计，勾勒出女性苗条曼妙身姿，十分好看，打造大长腿。常规的直筒长度设计，干净利落不臃肿，穿着简单方便舒适百搭，日常上班、逛街都可以轻松穿搭。,比基础款的条纹羊毛衫，更加时髦有趣！常规厚度，内搭外穿都ok，舒适实穿经典优雅的黑白条，直筒修身版，款式简洁耐看，配上细羊毛纱的高弹力，<UNK>舒适，裹出曲线身材。,类型#裙*版型#显瘦*颜色#黑白*图案#条纹*裙型#直筒裙*裙衣长#常规,7.2,准确性：基本覆盖了所有关键词，但未提及“厚度”（常规厚度）和“高弹力”，且“腰节收紧”并非原关键词中的直筒裙特征。生动性：语言较生动，使用“曼妙身姿”“大长腿”等词，但略显模板化。自然度：通顺自然，无明显机械感。综合扣分因部分关键词缺失和一处不准确。
794,这款白色的衬衫采用简约大方的纯色设计，整体干净利落显气质；领边的<UNK>装饰在细节上展现了女性的可爱俏皮风范，打破常规衬衣的单调感，让时尚更个性更有活力；同时袖口处的绿色包布扣显得尤为精致，为干练的款式增添了细节上的亮眼之处，提升质感彰显都市女人的时尚气息。,此次推荐的这款衬衫，就显得有些简约大方。淡雅的纯色系版型配合整个立体廓形剪裁，使得衬衫带有一份低奢的故事感，很精致亦不失时尚。衬衫拥有抹茶绿与纯净白两款选择，酵洗的白色与<UNK>的绿色，这两款衬衫的颜色表现力都带有自己的味道，淡雅<UNK>值得你去细细<UNK>。,类型#上衣*颜色#白色*颜色#纯色*颜色#绿色*风格#简约*图案#纯色*衣样式#衬衫,7.5,文案准确包含了所有关键词，描述生动，但存在未替换的标记<UNK>，影响自然度，且部分表达略显模板化。
795,简单的圆领款式设计打造出简洁百搭的穿衣美感，展现女性大方得体的一面。复古的设计感，带来满满的时尚格调。简单自然，搭配起来十分有腔调范儿~很温柔知性的小清新的气质与韵味，加上长款的处理，对身材包容性也比较好，遮肉修身效果好。下摆做了开叉设计，宽松飘逸，更带着些许灵动美好之感带出了一点法式风情。非常显高显瘦，特别衬气质的一条裙子，上身文艺优雅。,宽松的版型，穿着遮肉显瘦，自然复古的色调打底，只用看一眼就感觉拥有清新的心情。精致的圆领设计，显得知性文艺。搭配长款的轻薄裙摆设计，走起路来飘逸感十足，仙气满满，突显女性端庄委婉的一面。,类型#裙*版型#宽松*版型#显瘦*风格#复古*风格#文艺*风格#知性*风格#清新*图案#复古*裙领型#圆领,8.5,待评测文案准确覆盖了所有关键词（如宽松、显瘦、复古、文艺、清新、圆领、长款），语言生动，通过“法式风情”“时髦范儿”等词汇激发购买欲，且通顺自然无复读，但在简洁性上略逊于参考答案，部分表述稍显堆砌。
796,这款半身裙选用挺括的真丝面料，质地顺滑垂感好，穿着舒服自在不紧绷，更显质感细腻与高级。撞色的a字剪裁设计丰富层次感；加上百褶的款式显瘦遮肉，轻松打造小仙女形象；金属圆环拉链设计提升细节精致程度，方便穿脱舒适美观；别致的肩线设计时尚亮眼，修饰出柔美脖颈曲线同时凸显迷人锁骨；个性的高腰设计包容身材缺陷同时显腿长。,腰头钉扣的装饰，精致有型大方。后身拉链的设计，穿着舒适方便。青春少女款百褶裙，让你的小公举气质随便锋芒毕露。这款a字型的半身裙，减龄可以打个高分呢。高腰中带有修身效果，让你的身体看点很足，拉长身高视觉感，裙身的彩色纹理带来时兴指数。打造撞色般的效果，视觉上塑造的震动美感。,类型#裙*版型#显瘦*图案#撞色*裙型#百褶*裙型#a字*裙腰型#高腰*裙长#半身裙*裙衣门襟#拉链*裙款式#拉链,6.0,待评测文案包含大部分关键词，但遗漏了'裙衣门襟#拉链'和'裙腰型#高腰'，准确性不足。语言较为生动，使用了如'挺括的真丝面料'等描述，但部分内容（如'别致的肩线设计'）与商品关键词中的'半身裙'矛盾，缺乏购买欲望的强引导。自然度尚可，个别表达如'穿着舒服自在不紧绷'稍显冗余，整体无严重机械感。
797,这一款休闲裤时尚的金属圆环腰带装饰前片分割，看起来层次分明个性大方，同时也能打破单调彰显气质。高腰设计自然显高穿出纤细长腿来。撞色的下摆加上精致的包布<UNK>后隐形拉链闭合，看上去精致中凸显满满女人味。加上百褶a字半身裙，修饰身材自然修身。,立体绒布暗花的设计，精致美观。隐形侧拉链的设计，穿脱方便。青春少女款百褶裙，让你的小公举气质随便锋芒毕露。这款a字型的半身裙，减龄可以打个高分呢。高腰中带有修身效果，让你的身体看点很足，拉长身高视觉感，裙身的彩色纹理带来时兴指数。打造撞色般的效果，视觉上塑造的震动美感。,类型#裙*版型#显瘦*图案#撞色*裙型#百褶*裙型#a字*裙腰型#高腰*裙长#半身裙*裙衣门襟#拉链*裙款式#拉链,3.5,准确性差：文案未包含关键词‘立体绒布暗花’、‘隐形侧拉链’、‘青春少女款’，且错将‘裙子’搭配成‘休闲裤’，并出现未登录词‘<UNK>’。生动性不足：语言平淡，缺乏画面感和感染力，未能激发购买欲望。自然度低：存在语病如‘后隐形拉链闭合’不通顺，且有重复感。
798,很时尚又减龄的一款雪纺衬衣，别致的小立领配上精美的蝴蝶结系带装饰，能够优化脖颈的线条，显得颈部更加修长和优美，展现出优雅的气质。并且领口边缘处有<UNK>的设计，在行走的时候会微微翻动，给人一种灵动飘逸的美感。加上简约的袖子设计，衬托出手臂更加的纤细。,这条蝴蝶结衬衫裙选用<UNK>的雪纺面料，上身非常细腻舒适。领口是简约的衬衫领设计，彰显独立干练的女性气质。还有巧妙的腰间系带设计，可以优化身材比例，拉长腿部线条。裙子下摆设计了双侧开叉，走起路来有若隐若现的感觉，非常轻柔浪漫。,类型#上衣*材质#雪纺*风格#简约*图案#蝴蝶结*图案#线条*衣样式#衬衫*衣门襟#系带,7.5,文案基本覆盖了所有关键词，但缺少'线条'和'衣门襟（系带）'的明确描述；语言生动，但缺少对双侧开叉等细节的呼应；自然度较好，略有机械感，整体可吸引购买欲望。
799,这款连衣裙的浪漫不一定要用花朵来衬托更能够表现得淋漓尽致。设计师使用小碎褶设计展现少女的活泼和灵动感，而且立体感十足，搭配腰部系带可以勾勒出纤细腰身。裙子袖口是带有喇叭式样的元素设计，给人一种复古的气息，同时具有遮肉效果更显手臂的纤细，领边则是采用水滴状的方式点缀了整个版型的美观，结合了整体的版型和立体剪裁更是增添了整体设计的层次感和甜美风度。,想尝试电影里的日式和服，又担心<UNK>。试试这条简化改良版，日式风复古连衣裙。面料凉爽飘逸，前后都采用放大<UNK>的设计，延伸颈部线条。沉稳的网格设计，给人古风素雅的感觉。立体剪裁的宽松大袖子，十分有设计感，仿佛<UNK>自来。加上经典系带，系出优雅自信。,类型#裙*版型#宽松*版型#立体剪裁*风格#复古*图案#复古*图案#电影*图案#线条*裙长#连衣裙*裙衣门襟#系带,6.0,准确度方面，文案包含了类型#裙、版型#立体剪裁、风格#复古、连衣裙、系带等关键词，但缺少版型#宽松、图案#复古、图案#电影、图案#线条，且裙衣门襟#系带被提及但表述不够明确。生动度方面，描述有画面感，如‘浪漫’、‘活泼和灵动’等，但整体风格偏通用，未突出和服、日式复古等核心卖点，购买欲望一般。自然度较好，语句通顺，无机械感，但存在少量重复用词如‘整体’。综合评分6分。
800,这款卫衣采用经典的抽绳连帽设计风格，修饰颈部柔美线条曲线。领口和袖口都使用弹力螺纹收边装饰点缀。前幅以醒目的<UNK>品牌logo印花点缀其中，既丰富了细节与层次感，又彰显了一种青春活力气息。,来看看这件卫衣在设计上采用了经典的抽绳连帽设计，可以根据自己的需求随意的调节造型，并且修饰颈部线条，时尚大方。再加上后背的闪电大logo印花，看上去造型独特，彰显出自身的张扬个性，与浓郁的时尚色彩。并且采用弹力螺纹袖口，舒适贴肤，更加保温。,类型#上衣*图案#线条*图案#印花*衣样式#卫衣*衣款式#螺纹*衣款式#抽绳*衣款式#连帽,7.0,待评测文案包含了所有关键词（卫衣、抽绳、连帽、螺纹、印花、logo），但准确性略低，因为关键词中的‘线条’和‘图案’在文案中体现不充分（‘线条’仅出现在颈部修饰，未明确对应；‘图案’被<UNK>代替缺失）。生动性较好，使用了‘柔美线条曲线’、‘青春活力气息’等吸引人词汇，但缺少对‘闪电大logo’等独特元素的描述，购买欲望略逊于参考文案。自然度一般，存在‘<UNK>’标记和‘柔美线条曲线’稍显堆砌，整体通顺但机械感较强。综合评分7分。
801,一款百搭舒适的印<UNK>卫衣；富有艺术气息的大面积装饰图案，蜿蜒曲折间散发着异域的韵味，使富有的设计感洋溢着个性气息；收紧的螺纹袖口和下摆自然贴合着周身，轻松衬出纤长的手部及修长的腿部线条，为时尚的造型增添利落与干练；连帽处的抽绳可随意调节，服帖下颌并赋予穿着的层次美感。,本款卫衣在设计上采用了经典的抽绳连帽设计，可以根据需求随意的调节造型，并且修饰颈部线条，显得时尚大方。后背的教堂贱猫印花，恶搞趣味浓郁，凸出自身的时尚品味和自身的张扬个性。弹力螺纹袖口，保证手腕活动自如。精致的袋鼠兜装饰，造型独特，美观实用。,类型#上衣*图案#线条*图案#印花*衣样式#卫衣*衣款式#螺纹*衣款式#抽绳*衣款式#连帽,6.5,准确性：缺少关键词『恶搞』、『袋鼠兜』，且用『印<UNK>卫衣』表示印花，可能因未识别字符导致扣分。生动性：语言有设计感，如『蜿蜒曲折间散发着异域的韵味』较吸引人，但未突出恶搞趣味。自然度：整体通顺，但『衬出纤长的手部及修长的腿部线条』略显重复，部分表述机械。
802,阔腿裤采用了上新的纯色配色，简单大方的色调具有极佳的魅力，在穿搭中更显百搭的特性。而整体利落的裁剪让裤子拥有立体精致的外形，轻松打造出纤长修长的腿部曲线。独特的垂褶设计有着极好的修饰作用，流畅的线条感具有轻盈飘逸的美感。,纯色的配色不免会让人觉得有些单调，但这款阔腿裤只采用了一种颜色，看上去也丝毫不会显得单调。没有了色彩的交织，不过采用干脆利落剪裁工艺制作的它，亦拥有了流畅线条和挺括阔腿裤型，这样的裤子包容性强大，也非常具有魅力。,类型#裤*颜色#纯色*图案#纯色*图案#线条*裤型#阔腿裤,7.0,关键词覆盖全面（纯色、阔腿裤、线条等），但缺失‘纯色-图案’和‘线条’的明确提及；语言较生动，但‘上新’略显生硬，‘垂褶设计’未在关键词中；自然度良好，但‘纤长修长’重复修饰，略有冗余。
803,一款充满设计感的连衣裙采用了双层假两件的设计，通过不同材质面料的搭配来凸显出层次感的同时。将撞色的色彩和深色的面料拼接在一起，在形成强烈视觉冲击力的同时为整体营造出了神秘却又十分优雅的视觉效果。再加上采用了一根黑色的同款缎面皮腰带加持在其上，可以勾勒出柔美的腰身曲线，更是将性感和高腰剪裁彰显得恰到好处。,这款连衣裙最吸引人的地方就是撞色拼接的设计，不仅打破了深色裙身带来的沉闷感，还点亮了整体的造型。搭配上高腰版型，视觉上又拉伸了身材比例，尽显女性高挑个子。而且点缀上黑色的腰带，还能轻松凸显出性感的小蛮腰，女人味十足。,类型#裙*颜色#黑色*颜色#深色*风格#性感*图案#撞色*裙腰型#高腰*裙长#连衣裙*裙款式#拼接*裙款式#腰带,8.5,准确性：文案完整覆盖了所有关键词（类型#裙、颜色#黑色、深色、风格#性感、图案#撞色、裙腰型#高腰、裙长#连衣裙、款式#拼接、腰带）。生动性：语言有一定吸引力，如‘强烈视觉冲击力’、‘神秘却又十分优雅’，但‘凸显出层次感的同时’略显拗口。自然度：整体通顺，但‘将性感和高腰剪裁彰显得恰到好处’稍显生硬，有轻微机械感。综合评分8.5。
804,浪漫的春天怎么能少得了粉嫩的娃娃领口呢？这件连衣裙的甜心<UNK>萌可爱，而点缀在一旁的镂空花朵设计却不会显得突兀和土气，反而展现出甜美感十足的气息！而且加上俏皮的荷叶边元素的加持，不仅显得更加青春活力，而且在行走之间显得特别的风情妖娆。,极具设计感的连衣裙，后背处采用了镂空处理，在腰线和两边都加了灵动的荷叶边设计，增添裙身的俏皮感，又能适当的修饰下背部的肉肉，展现曼妙身姿曲线。,类型#裙*裙下摆#荷叶边*裙长#连衣裙*裙款式#勾花镂空,6.0,准确性上，缺少'勾花镂空'关键词，且'娃娃领口'未在关键词中出现；生动性较好，有画面感，但'风情妖娆'与连衣裙风格略显不搭；自然度一般，存在'<UNK>'乱码影响通顺，整体流畅但略有重复。
805,在袖子上点缀金色圆环亮片，闪耀的金色与白色的对比，衬托肤色白皙。同时为衬衫增添了吸睛点，袖口采用精致的圆形贴布，增加了装饰感。v领剪裁，修饰了颈部线条的优美，打造气质女神范儿。,衬衫纯净白色调，半开v领自然贴合，修饰迷人的脖颈线条。领子金色边装饰，顺延出长长的垂落。后背及胸前鸟儿图案，配色多彩丰富。亮片钉珠立体装点，轻松提升整体质感。,类型#上衣*颜色#白色*颜色#金色*图案#线条*衣样式#衬衫*衣领型#v领*衣款式#钉珠*衣款式#亮片,7.2,文案准确覆盖了所有关键词（白色、v领、钉珠、亮片等），但未提及金色的边饰和鸟图案，忽略了参考答案中强调的细节。语言生动，有购买欲望，但自然度稍差，如‘袖口采用精致的圆形贴布’与关键词中的‘钉珠亮片’不完全对应，且整体顺序与关键词略有脱节。
806,采用了聚酯纤维的混纺面料制作而成，结合<UNK>毛圈的面料，触感细腻而舒适。经典基础款的束脚运动鞋底设计搭配上简约大气的廓形剪裁，显得格外的大气利落，又带来了率性的时尚魅力，展现出都市街头的时髦风采。整体的款式比较宽松休闲，将双脚包裹的性感十足。两侧增加了撞色织带的加持设计，给整体增添了几分活力的个性美感。,如今的休闲裤将经典与时尚结合，以束脚的工艺诠释着青春的率性感，同时街头感十足。这款由马克华菲推出弹性休闲束脚裤，采用经典的纤维混纺面料制成，整体的舒适度非常赞，穿着弹力十足。加之简约的小宽松版型的设计，穿着不挑身材，适合更多种身形的型男进行选择。,类型#裤*版型#宽松*材质#混纺*材质#纤维*风格#街头*风格#简约*风格#休闲*风格#青春*风格#性感*裤口#小脚,5.5,准确性不足：缺少关键词'小脚'，并出现'<UNK>'未知词和'运动鞋底'等不相关描述。生动性一般，部分用语如'性感十足'不太贴切。自然度较低，有机械感，如'结合<UNK>毛圈的面料'不通顺。
807,BRAND的这条别致大气的个性半身裙给你减龄吸睛的体验，它的个性拉链设计十分的优雅大气，让你随性洒脱更有型哦，当然它的高腰版型，修饰双腿更显甜美韵味。浪漫唯美的星星蕾丝更具甜蜜迷人范，带给你仙女的魅力。它的飘逸伞裙设计随风摇曳，轻盈灵动更有型。,蕾丝<UNK>剪裁，在下摆自然的流出须边，犹如性感的睫毛。下摆的四片式做法，让半裙在行走间充满了灵动的韵律。干净工整的高腰头设计，使得穿着效果更显高挑。侧边的隐形拉链，<UNK>不露，保持着简洁大方的完整造型。,类型#裙*材质#蕾丝*风格#性感*图案#蕾丝*裙腰型#高腰*裙长#半身裙*裙衣门襟#拉链*裙款式#拉链,7.0,待评测文案覆盖了大部分关键词（如拉链、高腰、蕾丝、半身裙），但缺少'裙衣门襟'和'裙款式'的具体描述。语言较生动，使用了'减龄吸睛'、'甜美迷人'等词，但'星星蕾丝'与原文'蕾丝'不完全匹配，且'优雅大气'、'随性洒脱'等修饰略显堆砌。自然度方面，句子基本通顺，但'BRAND'的占位和部分表达如'飘逸伞裙'与参考中的'须边'、'四片式'不符，略有机械感。综合评分7分。
808,来自BRAND的短款牛仔短裤，采用舒适的高腰设计，适合各种身材；裤脚的设计是亮点的地方，运用精致的剪花工艺，打造别具匠心的毛边造型，更显个性潮趣，且轻松衬托出女性的美腿大长腿形象，展现帅气时髦气息。,牛仔裤总是女孩子们非常关注的裤子款式之一。高腰的牛仔短裤，可以拉长女性的身材曲线，让自己的双腿变得更完美哦。再利用毛边进行点缀，也可以彰显出自己的随性美感呀，不用担心自己穿着很普通啦。又利用防走光的设计，更可以给自己带来保守气质哦。,类型#裤*材质#牛仔布*裤长#短裤*裤腰型#高腰*裤口#毛边,7.5,文案准确包含所有关键词（类型#裤、材质#牛仔布、裤长#短裤、裤腰型#高腰、裤口#毛边），语言生动有购买欲，但“短款牛仔短裤”略有冗余，整体自然度好。
809,这款小猪班纳的宝贝们专属的连衣裙，采用潮流的小翻领口设计，完美的修饰你的颈部曲线的同时，又显得宝宝个性十足，帅气十足更百搭。精致的包布拼接面料，让整款服装看起来更加自然优雅，上身之后更有少女般的清新自然的感觉呢。经典的撞色百褶工艺拼接而成，不仅更加的甜美可爱更显俏皮时尚。让你的休闲韵味瞬间绽放出来～适合每一个爱美的女生哦。,可以给人眼前一亮的假两件连衣裙，裙身的上半部分为休闲随性的卫衣样式，裙身则采用了灵动飘逸的百褶裙摆拼接，毫不费力就可以穿出新潮时髦的层次感，简直就是懒癌患者们的福利款！优雅浪漫的百褶裙摆还小心机地加入了个性的撞色设计，瞬间让整体造型的色彩感更加地丰富显眼，很有复古的feel，而且还衬得人整个人很有气质，推荐啦~,类型#裙*风格#复古*风格#休闲*风格#潮*图案#复古*图案#撞色*裙型#百褶*裙长#连衣裙*裙款式#拼接,6.0,准确性方面，未包含关键词'复古'和'拼接'，其他关键词基本覆盖；生动性方面，使用'个性十足'、'甜美可爱'等词汇，但缺乏冲击力和细节描述，购买欲望一般；自然度方面，通顺但部分表述如'宝贝们专属'略显生硬，整体流畅但不够自然。
810,整款裙子采用了高品质的百分之百桑蚕丝面料制作而成，上身不仅柔软亲肤而且轻盈透气。深色的裙身上布满了精致细腻的刺绣花纹，给纯色的单调性带来了丰富视觉感同时打造出唯美浪漫的仙女气质。腰间的斜边设计让裙子更具有设计层次感并且勾勒出纤细的小蛮腰来点缀。渐变的袖口线条美观大方显得手臂修长有型的同时又提升了整体的亮点。,亲肤透气的真丝皱面料，手感柔软透气性好，穿着轻盈飘逸。裙身斑驳的渐变染色设计，很适合初春时分，比深色俏丽，比纯色风韵，有着万物苏醒的生命力。<UNK>的花瓣领口温婉大方，展露柔美颈脖线条。裙身精美刺绣图案，时尚美观。过膝的版型微露脚踝，端庄优雅感立显。,类型#裙*材质#蚕丝*颜色#纯色*颜色#深色*图案#纯色*图案#渐变*图案#线条*图案#刺绣,7.0,准确性方面，文案包含了绝大多数关键词（类型#裙、材质#蚕丝、颜色#纯色、颜色#深色、图案#纯色、图案#渐变、图案#线条、图案#刺绣），但未明确提及‘纯色’和‘渐变’虽隐含但未显性化，扣1分；生动性较好，使用了‘唯美浪漫’‘仙女气质’等词汇，有一定吸引力；自然度上，整体通顺，但‘深色的裙身’未体现‘纯色’，且‘从’字有误（‘给纯色的单调性带来了丰富视觉感同时’略显别扭），存在轻微机械感。总分7分。
811,<UNK>的这款连衣裙在剪裁上采用了非常宽松的款式，对于身形有着较强的遮盖效果;而简洁流畅的下摆以及半开襟门襟的设计，让这条连衣裙呈现出开衫的韵味，穿着时自由随性更轻松无束缚感；经典百搭的小圆领搭配上略带松紧修饰的廓形感，让脸部看起来更加圆润立体，又衬托纤细脖颈线条；设计师别出心裁地将柔软的针织面料与弹力的混纺线结合在一起制作出此款清新淡雅的花色，使这件单品变得更加温柔有气质。插肩袖设计有效勾勒出精致的锁骨和纤长臂膀。腰间松紧系结凸显迷人好身材又不失浪漫气息。,春日里不可或缺的基础款针织开衫，是一直都偏爱的简洁清新样式。细腻亲肤的腈纶混纺针织面料，触感舒适绵糯，扑在肌肤上软软的，没有明显的扎肤感。圆领设计尽显颈部线条。古着感的花色琥珀<UNK>在门襟上，插肩袖柔化肩部线条，袖管宽松适宜，给手臂留足了空间，舒展间不会有束缚感。,类型#上衣*版型#宽松*材质#针织*材质#混纺*风格#清新*图案#花色*图案#线条*衣样式#开衫*衣领型#圆领*衣袖型#插肩袖,6.0,待评测文案未准确表达商品类型（上衣/开衫），误称为连衣裙；缺少关键词‘线条’；语言虽生动但存在逻辑矛盾（如宽松+松紧修饰），部分描述重复；通顺度一般，机械感略强。
812,这一款小衫优雅的细条纹元素，错落有致更吸晴，精挑细选的三醋酸布料手感柔软，细腻垂顺的质感给你尊贵的穿衣体验。时尚浪漫的风琴下摆，修饰身材风情浪漫。加上迷人碎花的装饰自然减龄很活泼，上身穿着精致大方有韵味。,碎花元素的裙装一直是春夏里最美的时装风景，它有着一种魔力，无论你的<UNK>多刚强，也会被它甜美温柔的的气息包围着，仿佛世界一下子就变得温柔起来。它有熟女的优雅知性，也不失小女生的甜美俏皮，让你在唯美中度过草长莺飞的漫漫春夏时光，融合飘逸的裙摆设计忍不住雀跃，翩翩起舞。,类型#裙*风格#知性*图案#碎花*图案#风景,6.5,准确性方面，缺少'裙'类型和'知性'风格关键词，且图案部分只有碎花，未体现风景；生动性一般，描述较平实，缺乏情感共鸣；自然度尚可，但开头写'小衫'与商品关键词'裙'不符，略显突兀。
813,一款复古<UNK>的短袖衬衫，设计师用亮丽的色调来演绎，红白竖条纹设计清爽而亮眼，宽松的大廓形成衣型不挑身材，穿着舒适之余更自带酷感帅气气息。搭配经典的翻领款式，再结合个性的开衩下摆处理，呈现出极具潮韵的时髦风采！内敛优雅的酒红色系与时尚不凡的米白色调相间的撞色，个性时尚有品位啊。同时两件套的组合形式，更是营造出几分休闲随性的气质格调，吸睛力十足。这款穿搭是初春穿搭中非常不错的选择哦！,衬衫是比较百搭的单品，能够给你增添精神的气质。以经典的白色调为底，加入红色的条纹纹路在其中，具有复古海军风的时尚美感，加上细微的小小翻领设计，让你穿起来更显率性魅力。宽松的版型设计具有休闲时尚的美感。,类型#上衣*版型#宽松*颜色#白色*颜色#红色*风格#复古*风格#休闲*图案#条纹*图案#复古*衣样式#衬衫*衣领型#翻领,6.0,待评测文案存在多处问题：1. 准确性不足，缺少'版型宽松'中的宽松描述虽含但未明确强调，且多出'酒红色系'、'米白色调'、'两件套'等关键词外信息，但未完全匹配所有关键词；2. 生动性较好，使用了'亮丽'、'清爽'、'酷感'等词，有吸引力；3. 自然度较差，出现<UNK>、'穿搭是穿搭'等不流畅表达，且有重复感叹词如'啊'，整体机械感强。
814,这款束脚裤整体设计以简约为主，色调清新亮丽适合喜欢<UNK>的男生尝试。<UNK><UNK><UNK>的配色彰显时尚潮流。腰间使用宽边橡筋点缀，提升层次感凸显精致细节。多口袋的设计便于携带外出所需的物品。脚部的卷起的收口处理增添了一些复古运动的feel。宽松的版型具有极佳包容性舒适度更高。经典蓝的色系尽显青春活力充满朝气。,蓝色基调带来一种历史复古气息，简约时尚又潮流，加上独特的裁剪，是它看起来个性又魅力十足。口袋设计不仅美观，而且方便携带物品。松紧带松紧方便实用，适合多种体型穿着。特别的板型设计，臀部和大腿部位一般为宽松剪裁，而在小腿至裤脚部分则慢慢收窄，最大特点便是裤脚位置采用束脚设计，运动风和时尚风兼得。线口缝制细密，做工精细，整体看起来潇洒感十足。,类型#裤*版型#宽松*颜色#蓝色*风格#复古*风格#简约*风格#运动*风格#潮*图案#复古*裤款式#口袋*裤款式#松紧带*裤腰型#松紧腰*裤口#小脚,6.0,文案未提及所有关键词：缺少'复古'、'松紧带/松紧腰'（仅提到宽边橡筋，但未强调松紧功能）、未直接提及'蓝色'（仅说经典蓝）、未突出'脚口小脚'（只说收口）。语言较生动，但存在不通顺处（如<UNK>及'脚部的卷起的收口处理'语法问题），有轻微机械感。
815,这款裙子很仙气哦，穿上简直是一个小仙女哦！重工的布制珍珠配以轻奢的面料上身凸显你的高贵典雅风范哦！甜美可爱的气质型小童设计搭配可爱的娃娃领更是能衬托出女孩的天真烂漫哦！腰部配有可调节的抽绳，可以自由掌握自己的腰际线哦！上身不挑人，包容性好的一款宽松a型裙，同时又能遮住肉肉哦！还能起到修饰身形的作用，微微收腰的设计彰显出纤细的小蛮腰哦！下摆精致的花边搭配小飞袖，满满的优雅女神感呀！上身就是一个温柔浪漫又不失时尚的文艺范儿。这样的一款仙女裙穿在身上非常具有减龄俏皮的效果哦！,一款优雅文艺的仙女裙，浪漫的星星印花布满裙身，穿着灵动飘逸，仿佛就是不被世俗污染的林间仙子；独特翻边娃娃领，甜美可人的造型，让每个女孩子都怦然心动；宽松的版型，即使是身材丰腴的mm也能轻松驾驭；另配有抽绳收腰，轻松勾勒出妙曼身姿。,类型#裙*版型#宽松*风格#文艺*裙型#仙女裙*裙领型#娃娃领*裙款式#抽绳*裙款式#收腰,8.0,文案覆盖了所有关键词，准确性好；语言生动，但部分表达如'哦'字稍显啰嗦；整体自然，略有机械感。
816,这是一款非常修身的直筒套衫，但是因为宽松的裁剪，所以对于任何身型的妹子来说都能轻松驾驭哟~整件衣服最大的亮点在于领口的丝巾造型设计以及袖口的绑带设计，彰显优雅气质同时又能将时尚感体现得淋漓尽致！一件兼具显瘦、时尚感的单品，可以说是秋冬必备的时尚单品了。与西装裤搭配起来，显得更加复古时髦。也可以与大褂和风衣相结合打造出复古摩登女郎的独特气质。,这款风衣是属于宽松直筒版型，因此上身显瘦又遮肉。与众不同的是，这款风衣的斜襟式衣领和腰间的绑带设计充满名媛复古范，非常的衬托气质。后背的交叉绑带装点为点睛之笔，更显优雅复古。,类型#上衣*版型#宽松*版型#显瘦*风格#复古*图案#复古*衣样式#风衣*衣款式#绑带,4.5,准确性不足：漏掉了风衣、斜襟衣领、显瘦等关键词，且错误描述为套衫；生动性一般，有购买欲望但不够突出；自然度尚可，无复读但略显机械。
817,优雅的<UNK>色调的旗袍连衣裙给人非常知性的美，精致的花朵镶钻，散发着浓郁的古典气息，凸显出你端庄的气质。褶皱腰间设计拉高腰线拉伸身材比例，衬托出曼妙的身姿。小立领彰显脖颈修长。浪漫的钉珠点缀于荷叶边大包的基础上。飘逸的下摆行走起来灵动有仙气感，搭配同色系的披肩，优雅气质一览无余。甜美的公主袖举手投足尽显温柔。显眼的藏青，典雅的颜色更显成熟妩媚的气质。,成熟优雅的藏蓝色连衣裙衬托出女性非凡的气质，加上遍布的钉珠与镶钻点缀，彰显出高级华丽的设计美感，吸睛满满。别出心裁的褶皱公主袖设计优雅大方，随着手臂摆动尽显温婉知性的迷人姿态。,类型#裙*颜色#藏蓝色*风格#知性*裙长#连衣裙*裙袖型#公主袖*裙款式#镶钻*裙款式#钉珠*裙款式#抽褶,6.5,准确性方面，基本涵盖了所有关键词，但漏掉了'抽褶'，且'镶钻'和'钉珠'的描述不够精准。生动性较好，用词如'仙气感'、'温柔'能激发购买欲，但部分描述略显夸张。自然度欠佳，存在复读现象（如'优雅'出现多次），且有'<UNK>'和搭配披肩等与关键词不符的内容，整体不够流畅。
818,BRAND以深邃灰色基调打造的这款衬衫，整体采用了经典的翻折扣开合立领的造型，穿着后的干练且尽显男士脖颈线条美感。设计师为这款衬衫的袖子与下摆部分做了格纹的点缀，从配色上延续了高级优雅的美感，配合着前襟处的白色竖条纹以及撞色的字母印花点缀和质感突出的圆形纽扣，显得较为美观且实穿度很高。,这件印花立领衬衫，在洁白的底色上以撞色字母印花装饰，各字母之间以线条<UNK>格子图案，使衣衫极具时尚大方的感觉，直筒的版型设计，修饰身材的同时，也能有一定的包容性，能有效的遮掩小肚<UNK>上的赘肉，后背领口处开叉设计。以纽扣开合，方便穿脱。,类型#上衣*图案#字母*图案#格子*图案#文字*图案#线条*图案#印花*图案#撞色*衣样式#衬衫*衣领型#立领*衣款式#纽扣,6.5,准确性：缺失关键词 '格子'（仅提到格纹，但格子是关键词）、'纽扣'（提及圆形纽扣，但关键词是纽扣，可接受）、'直筒'（未提及，AI描述为袖子与下摆格纹，未涉及版型）、'开叉'（未提及）。关键词覆盖率约70%。生动性：使用了'深邃灰色基调'、'干练'、'脖颈线条美感'等，有一定吸引力，但缺少对购买欲望的直接激发。自然度：语句通顺，无明显复读或机械感，但开头'BRAND'略显生硬，且整体偏向描述细节，缺乏整体感。综合打分6.5分。
819,这款连衣裙以经典的格纹元素为设计灵感，将格纹的视觉感表现的更加优雅大方；设计师利用不同颜色的面料打造经典的红白灰三色搭配，尽显少女甜美气质；白色蝴蝶结设计在肩部，营造了一种假两件的视觉效果。下摆的花边采用精致的睫毛蕾丝打造而成，与浅蓝色裙身呼应，完美诠释了小仙女风格之余，更具有一丝欧式复古宫廷风情。,来自西班牙的<UNK>的连衣裙，延续了欧洲宫廷的复古风格，用暗红色与浅蓝色的格纹相衬，再配以前片的白色<UNK>蕾丝和优雅的蝴蝶结点缀，让古典主义与现代时尚相互碰撞，凸显出小女孩俏皮的气息，造就了优雅的小公主形象。,类型#裙*材质#蕾丝*颜色#白色*颜色#浅蓝色*风格#复古*风格#宫廷*图案#格子*图案#蝴蝶结*图案#复古*图案#蕾丝*裙长#连衣裙,6.5,准确性上，缺少了'宫廷'、'复古'、'蝴蝶结'（实际提到了蝴蝶结但描述不够明确）、'蕾丝'（提到了睫毛蕾丝但未完全覆盖）、'浅蓝色'（未明确提及）、'白色'（未提及白色蕾丝）。生动性尚可，但比喻和描述略显平淡。自然度较好，无重复，但部分表述有机械感，如'利用不同颜色的面料'。整体可优化。
820,吊带背心裙设计简洁大气，气质优雅又时尚大方显年轻。三粒扣点缀其中，丰富层次感打造出个性时尚的风范，彰显女性的魅力十足，同时与裙子形成一定的反差效果。西装的小立领结合半高的衣袖凸显柔美感的同时也丰富了造型美感，增加整体的优雅气质，让服装的穿着率更高一点。金色的色系衬托肤色白皙更显女性温柔感性的一面，小女人的味道扑面而来，搭配同款的短外套展现完美身材更吸睛亮眼，秀出纤细腰肢性感迷人。,挺括有型的西装版型，萦绕出一股凌厉干练的职业范儿。为了避免强势而显得<UNK>，巧妙的加入了金色三粒扣，甜美可爱，软化了硬朗外形。经典的一字肩剪裁，彰显柔美锁骨，性感撩人。加上吊带的设计，更是凸显圆滑的肩部曲线。尽显优雅气质。,类型#上衣*颜色#金色*风格#性感*衣样式#西装*衣领型#一字领*衣门襟#三粒扣*衣款式#吊带,6.5,文案遗漏了‘一字领’和‘西装’的关键具体样式，对‘三粒扣’的描述尚可但不够突出；语言虽流畅但缺乏亮点，购买欲望激发一般；部分表述有机械感。
821,此款衬衫优选100%纯桑蚕丝的面料打造而成的，具有天然亲肤的肌肤质感；并且搭配上修身的版型设计，上身效果自然修身有度，展现出纤细而柔美的身段。结合经典的衬衫领型，利落有型，塑造都市摩登范儿。,衬衫采用棉和桑蚕丝组合的面料材质制作，具有吸湿性和保湿性好以及亲肤透气和手感柔软光滑等完美优点。能给穿者带来每时每刻都是好心情的美感体验哟。直筒的版型设计，不仅能给人带来满满的修身显瘦视觉冲击感。同时又是完全不挑身材不挑人穿着的哟。,类型#上衣*版型#显瘦*材质#棉*材质#蚕丝*衣样式#衬衫,6.5,准确性上，缺失了'棉'、'显瘦'、'蚕丝'(仅提及桑蚕丝但未明确蚕丝)关键词；生动性尚可，但缺少参考答案中的情感体验描述；自然度较好，但'修身'与'显瘦'有差异，且'100%纯桑蚕丝'与商品混合材质不符。
822,这款<UNK>外套纯手工打造而成，采用定染的鲜艳色泽在春夏搭配出亮眼街头的味道来。宽松慵懒的廓形，让你随意穿着享受放松休闲的生活。金属配件是复古做旧的色调，彰显高品质质感。白色的袖口与红色的衣身形成色彩对比，轻松凸显层次感来。精致的门襟拉链以及下摆织带设计，做工细致精细，给简约造型增添不一样的时尚韵味。,这一季度BRAND的秋冬新款外套，依旧融合经典三道杠系列，打造十足复古优雅魅力。这款外套配色上选择了热情又带有复古韵味的红色暗纹设计，碰撞出优雅简约时尚质感，白色三道杠点缀在袖部，更为外套添加经典复古风潮。白色的拉链与胸前的三叶草logo互相呼应，整体配色不会过多，又不至于单调，是足够日常的休闲造型。宽松开襟造型搭配柔软保暖的舒适质感，实属轻松满足秋冬需要的街头造型。,类型#上衣*版型#宽松*颜色#白色*颜色#红色*风格#街头*风格#复古*风格#简约*风格#休闲*图案#复古*衣样式#外套*衣门襟#拉链*衣款式#拉链,6.0,准确性不足：未覆盖「红色」和「复古」关键词，且出现「春夏」与商品秋冬属性矛盾。生动性尚可但有机械感如'<UNK>'，自然度一般存在语序问题。
823,这款BRAND的轻薄风衣，采用经典的牛仔面料制作而成，穿着挺括又舒爽。简洁大气的翻驳领设计，修饰出柔美的颈部曲线和优美的脸型。两侧弧形斜插的口袋装饰点缀，丰富了细节美感。时尚大方的白色包边袖口，更显手臂线条纤细修长。后背有独特的双扣收腰处理，勾勒出纤弱的腰部线条，优雅中展现曼妙身姿。裙摆两侧开叉的设计，使飘逸的裙摆在行走之间随风而舞动更添女性的青春气息！,特别适合春天的一件长款风衣外套，采用到了自带减龄感的牛仔材质，与众不同的白色加上双插口袋更是带来了挡不住的青春感，有着收腰束带的装饰更加凸显纤细的腰身线条。,类型#上衣*材质#牛仔布*颜色#白色*风格#青春*图案#线条*衣样式#风衣*衣样式#外套*衣款式#口袋*衣款式#收腰,7.5,准确性高，覆盖所有关键词，但增加了‘裙摆两侧开叉’等未提及元素；生动性不错，有细节和画面感，但稍显堆砌；自然度较好，但略有模板化痕迹，如‘修饰出柔美的颈部曲线’略显刻意。
824,这款连衣裙选用纯白色的色调来呈现经典韵味和浪漫情怀，衬上气质的翻领设计，更显出自信干练的气质。腰间加入了同色的单排扣与腰带双重设计，既丰富了整体的廓形层次感又不失甜美气息。袖子上加入透视的网纱面料，隐约间透露女性温婉的魅力。经典的a字版型，遮盖身材的不足，更加修饰女性的曲线美。,白色衬衫连衣裙配上抹胸网纱裙子，两件套叠穿的方式很时髦。腰间配上腰带的设计带来时髦的气息，加上网纱下摆与白色内衬凸显丰富的层次效果，透露出白皙的肌肤，很迷人。前面配上单排扣点缀其间，开合简单，穿脱起来很方便。精致的衬衫翻领打造出小巧别致的脸蛋。,类型#上衣*材质#网纱*颜色#白色*衣样式#衬衫*衣领型#翻领*衣门襟#单排扣*衣款式#腰带,7.0,待评测文案准确覆盖了所有关键词，但准确性方面将‘网纱’描述为袖子上的透视面料，而参考答案中网纱是下摆部分，存在细微偏差。生动性较好，使用了‘经典韵味’、‘浪漫情怀’、‘温婉魅力’等词汇，能激发购买欲望。自然度较高，语句通顺无明显机械感。整体表现良好，但因细节有误扣分。
825,圆领的设计在衣身上设计了一个时尚炫酷的印花设计，带给人一种街头的动感活力气息；采用舒适的圆形领口设计，彰显女性的优雅气质和帅气洒脱的风格；休闲的落肩袖的设计可以很好的遮掉身上的赘肉，让身材更加纤细苗条；卫衣采用了经典的基础款式打造而成，带来别样的韵味，非常吸睛抢眼。搭配一件皮裤或者一条打底裤都是凹造型的好选择。凸显出浓浓的美式复古风个性，整体更加美观有范儿。,经典的圆领设计时尚百搭，手臂两侧经典<UNK>印花复古有个性。明快亮丽的色调轻松打破了沉闷，带来一丝自由愉悦的气氛。胸前的英文印花点缀着衣身，凸显出满满年轻活力氛围，释放出年轻人任性追逐时尚的态度。休闲时尚落肩袖穿着舒适，印花与卫衣的结合在视觉上呈现出时尚街头风范。,类型#上衣*风格#街头*风格#复古*风格#休闲*图案#复古*图案#印花*衣样式#卫衣*衣领型#圆领*衣袖型#落肩袖,7.5,准确性方面，覆盖了关键词如圆领、落肩袖、印花、复古、街头、休闲等，但未明确提到'图案'和'复古图案'，且出现了'美式复古'，与关键词中的'复古'不完全对应。生动性方面，有'动感活力'、'帅气洒脱'等吸引人的表达，但部分描述如'遮掉赘肉'、'纤细苗条'与卫衣的街头风格关联较弱。自然度方面，整体通顺，但开头提到的'圆领的设计在衣身上设计了一个...'稍显冗余，有轻微机械感。综合评分7.5。
826,一款很优雅时尚的短款无袖连衣裙，搭配上个性精致的小飞袖元素，不仅让衣身富有满满的立体感，而且还能衬托着姑娘们的纤纤细臂线条！裙子上面点缀的精致小巧的花朵，看上去清新浪漫而又文艺范儿十足！飘逸的大摆裙结合了优质的布料，更是穿出了优雅大方的感觉~简约利落的腰部剪裁设计，收腰效果也是很不错的，瞬间提高腰线比例~复古碎花的色调，也是十分凸显气质的，非常能展现出女性的温婉与文静气息，并且显得人十分有气质。裙子整体的包容度也是非常的好，即使是身材不完美的妹子们也能驾驭哦~行走间随风摆动的动感，更是增添了几分灵气呢！,通常度假风的连衣裙总是有小仙女的<UNK>，这款连衣裙更是融入了小碎花，清新之余也赋有一种文艺风，围裹样式的v型领口更是带有复古气息，简约的无袖设计还方便了手臂活动，收腰设计配以垂顺自然的大裙摆，修饰腿部线条同时也更具穿搭的灵动美感。,类型#裙*风格#复古*风格#文艺*风格#简约*风格#清新*图案#碎花*图案#复古*图案#线条*裙型#大裙摆*裙下摆#垂坠*裙长#连衣裙*裙袖长#无袖*裙款式#收腰,8.5,文案准确包含了所有关键词，用词生动如'小飞袖'、'灵动感'，能激发购买欲；语言流畅自然，无复读或机械感，但'显得人十分有气质'略显重复，扣分项。
827,甜美的粉色系连衣裙给人一种温柔的小公主的感觉，粉色的少女心<UNK>着你的心灵，让你轻松减龄。小性感的吊带背心里搭上可爱的一字肩设计，展现撩人的锁骨线。修身的直筒袖口和裙摆的荷叶花边装饰，让你身形更显曼妙，充满少女风。别有一番韵味的清新甜美范儿呼之欲出。,春天来了，夏天还远吗？是时候准备一条美腻的连衣裙啦。粉色连衣裙是很多美少女一样就会爱上的单品，浅粉色不会给人过于甜腻的感觉，却又透着女孩的清新浪漫味道，很显气质。一字领的设计，大胆的露出肩颈曲线，带着几分性感，好身材显露无疑。直筒版型，肉肉女孩也可以穿哦，非常显瘦。,类型#裙*版型#显瘦*颜色#粉色*风格#清新*风格#性感*裙型#直筒裙*裙长#连衣裙*裙领型#一字领,6.5,准确性方面，缺少“一字领”“直筒裙”关键词，且出现“吊带背心”“荷叶花边”等偏离描述；生动性尚可，有“温柔小公主”“少女心”等表达，但“<UNK>”错误影响体验；自然度一般，部分表述略机械（如“别有一番韵味的清新甜美范儿”），整体通顺但有冗余。
828,这款直筒牛仔裤纯白色调的设计，看起来十分干净利落。加入金属扣元素的点缀，个性十足很时尚。侧边融入字母元素的拼色设计，时髦又精致，让整体更加美观。后侧的交叉式拼贴设计，尽显别致和大气感。结合裤子两边的不收尾剪裁，加上脚口的同布绑带装饰，随意挽起，露出纤细美腿。裤脚的磨须小开衩设计，微微透视感，显得很是轻快洒脱，充满浓浓的个性，散发十足的撩妹感。纯棉面料具有极好的透气性，贴身穿也舒适无负担。,一款舒适透气的棉质牛仔直筒裤；富有趣味感的裤身处，将拼色的字母绑带交叉而系，新颖别致中透着个性的韵味，为时髦的穿搭增添了俏皮的活力范；侧边对称的大开叉设计，轻松裸露出诱人的美腿，使自信的漫步中洋溢着性感帅气的风范。,类型#裤*材质#棉*材质#牛仔布*风格#性感*图案#字母*图案#文字*图案#拼色*裤型#直筒裤*裤款式#绑带*裤口#开叉,7.5,准确性上，待评测文案基本涵盖了所有关键词，但未提及'牛仔布'和'性感'；生动性较好，使用了'干净利落'、'时髦又精致'等词语，但整体略显平淡，缺少像参考文案中'俏皮的活力范'、'性感帅气的风范'等更具吸引力的表述；自然度方面，句子通顺，但有多处'设计'重复（如'拼色设计'、'交叉式拼贴设计'），略有机械感。整体评分7.5分。
829,这款来自<UNK>的男士西装裤采用了高端的面料材料制造，柔软细腻，舒适亲肤透气性良好，能够满足于男性对裤子舒适性及耐穿性的需求。精致的哈伦版型，修饰身材，凸显修长的腿型比例。可自行调节的一字带腰带，增添层次感，方便日常穿着。简单的九分设计，在春天穿着不会闷热，夏天也不显过分凉拖沓，是四季可穿的款式。,使用聚酯纤维为主的材质制作，手感舒适柔软，亲和肌肤，加入少量的粘胶纤维，缔造出色的肌肤穿着效果。腰部腰袢设计，可搭配腰带穿着，增添时尚气息。九分的裤长结合哈伦的版型，穿着舒适美观，带来简洁利落穿着感受。,类型#裤*材质#纤维*裤长#九分裤*裤型#哈伦裤,7.0,准确性方面，包含了关键词，但出现未知标签<UNK>，且材质描述偏高端化与关键词的'聚酯纤维'有差异。生动性尚可，但描述稍显堆砌，如'满足于男性对裤子舒适性及耐穿性的需求'不够口语化。自然度较好，但部分语句如'在春天穿着不会闷热，夏天也不显过分凉拖沓'略显机械。
830,这是一件时尚又显瘦的无袖背心。采用了舒适的布料制作，不仅手感舒适软糯，更加亲肤透气。采用立体的裁剪和宽松直筒廓形设计，使得穿上了很显瘦的同时，上身效果十分清爽利落。搭配简约的小圆领设计，更是具有视觉上的拉长效果。无论是单穿还是外搭都可以起到不错的显高效果哦。对于学生党来说一件这样好的背心是再合适不过啦！搭配各种短裤外套都让你时髦感十足呢！,圆领设计，时尚大方，优雅舒适有型。简约无袖的设计，尽显干练利落，简洁圆领设计，剪裁简洁大气，衬托出一丝禁欲气息，轻松优雅，宽松自在，遮肉显瘦，舒适还保暖，单穿或者搭配大衣外套都是经典，优质<UNK>面料，舒适透气保暖，不起球不易变形，耐穿手感舒适顺畅。,类型#上衣*版型#宽松*版型#显瘦*风格#简约*衣样式#外套*衣领型#圆领*衣袖长#无袖,5.5,待评测文案缺少关键词'保暖'和'不起球不易变形'，准确性不足；语言较生动但略显套路，购买欲望一般；整体较通顺但开头'这是一件'略显机械，自然度中等。
831,经典的休闲版型，搭配多处的褶皱元素让整体的廓形效果更加饱满立体。而脚边独特的翻折造型结合弹力束口的设计，有效的防止卷边又为整体增添一丝运动活力感。甄选优质的混纺锦纶打造而成，柔软亲肤又十分透气舒爽。品牌特有的logo图标在胸口出点缀着精致的刺绣工艺。上身彰显出非凡的品质。,运用了带有弹性的面料，还有着抗褶皱的功能，因为其挺括性，可以衬托出男士修长的腿部轮廓。同时，轻薄的款型带着混纺的材质制作出来，更适合于休闲运动的场合，笔挺的造型衬托出腿部的修长感觉。裤兜处的精致刺绣更是彰显出男士独有的魅力。,类型#裤*材质#混纺*风格#运动*风格#休闲*图案#刺绣*裤款式#抽褶,5.5,文案遗漏了关键词'刺绣'，且将刺绣位置错误描述为胸口（非裤兜），准确性不足。生动性中等，部分表述如'品牌特有的logo图标'较机械。自然度一般，多处描述（如'甄选优质的混纺锦纶'）稍显做作，整体缺乏流畅感。
832,这是一件修身版的卫衣，它采用柔软舒适的棉布面料制成，舒适贴合肌肤并具有良好的透气效果，带来舒爽的运动体验。经典的连帽设计防风保暖的效果不错，下摆开衩剪裁造型优雅大方，上身时灵动飘逸的感觉让人心动不已。,刚刚步入春季，温度也随之上升，这时候就需要保暖耍酷兼具的服装来衬托自己，卫衣就是最理想的首选装备。这款具有运动气息的卫衣，采用连帽设计，既能防风保暖，还能将自己率性的一面展现出来；修身的版型，除了能完美的构造身材，还能轻松搭配各种服装，那时尚不仅仅展现一面。,类型#上衣*版型#显瘦*风格#运动*衣样式#卫衣*衣款式#连帽,6.5,准确性方面，未体现'显瘦'和'运动风格'两个关键词，不完整；生动性一般，描述平淡，缺乏购买冲动；自然度尚可，但'灵动飘逸'与卫衣定位不符，略有机械感。
833,这款超洋气两件套，精选优质蕾丝绣花面料制成，上身效果非常柔美。蕾丝内衬是真丝面料的透视网纱，搭配肉色的蕾丝小衫十分甜美，穿起来也很有女人味。再加上性感的v领设计，在视觉上很好的修饰了脸型，让小脸看起来更加精致，而门襟的蕾丝装饰增添浪漫气息，尽显女性优雅魅力。,这款衬衫在布料的选择上下了一定功夫，真丝双绉布料，清透飘逸。双面<UNK>细微而均匀的纹理，正是因为纹理的存在，使得布料带有一点哑光的质感，素净典雅。深v领口，搭配上门襟处的精致蕾丝，性感迷人，女人味十足。门襟处拼接的肉色密网纱，柔软亲肤，又提供了很好的私密感。袖口处的拼接蕾丝给人一种小女生的可爱感。,类型#上衣*材质#蚕丝*材质#网纱*材质#蕾丝*颜色#肉色*风格#性感*图案#蕾丝*衣样式#衬衫*衣领型#v领*衣款式#拼接,6.0,1. 准确性：文案提到了蚕丝、网纱、蕾丝、肉色、性感、V领、拼接等关键词，但未明确提及‘桑蚕丝’或‘真丝双绉’，且‘蕾丝绣花面料’与商品关键词中的‘蚕丝’不完全匹配。整体覆盖大部分关键词，但存在偏差。2. 生动性：语言较为流畅，使用了‘超洋气’、‘柔美’、‘甜美’、‘浪漫’等词汇，能激发一定购买欲望，但不如参考答案细致描绘质感与设计细节。3. 自然度：语句通顺，无明显复读或机械感，但‘真丝面料的透视网纱’表述略显模糊，且整体风格偏平实，缺乏参考答案的层次感。
834,非常美腻的衬衫，v领的设计露出些许肌肤，展现出女人性感的魅力；而领口拼接双层网纱和立体蕾丝，给整体造型增添一丝柔美的风情；而且内里还贴心地搭配了同款的打底衬裙，可随意将两件叠在一起穿，轻松打造甜美可人的少女气息；面料选用优质真丝，轻盈爽滑的面料给人带来舒爽的穿着体验，同时配合肉色的色调让穿搭更加舒适自然。,真丝材质的衬衫，结合精美绝伦的设计感，更能凸显造型感。性感的v领造型，修饰颈部曲线更纤长，更骨感。门襟处拼接肉色网纱，若隐若现的性感意味，更具致命诱惑力。领口袖口处的蕾丝拼接，充满律动美感，女人味儿十足！,类型#上衣*材质#蚕丝*材质#网纱*材质#蕾丝*颜色#肉色*风格#性感*图案#蕾丝*衣样式#衬衫*衣领型#v领*衣款式#拼接,6.5,准确性一般：遗漏了肉色网纱、拼接等关键词，且错误描述了'领口拼接双层网纱'（应为门襟处拼接）。生动性较好：用了'美腻'、'舒爽'等词，但部分表述（如'甜美可人的少女气息'）与风格关键词'性感'不符。自然度尚可：无明显复读，但'而且内里还贴心地搭配了同款的打底衬裙'与商品关键词不符（文案未提及衬裙），且整体逻辑稍显松散。
835,在版型的设计上<UNK>了裙子版型，让宝贝看起来更加的俏皮又活泼，不显得沉闷单调，时尚不羁个性。采用百分之百的优质羊毛面料作为主要材料打造而成，亲肤柔软还十分的保暖。同时加上不规则的裙摆设计效果，彰显出宝贝的个性与文静气质尽显其中，轻松演绎小文艺的小女生形象。,这款裙子非常的精致，选用的是欧洲的面料，很细腻柔软的全羊毛，手感很舒适。裙摆不规则的设计也是格外的有味道，举手投足更有飘逸灵动的韵味，俏皮又减龄。文艺有质感的深灰色，行走时露出的小腿白皙又修长。,类型#裙*材质#羊毛*风格#文艺*裙款式#不规则,6.0,准确性一般，包含了'裙'、'羊毛'、'文艺'、'不规则'，但'类型#裙'中的'类型'未体现，且缺少'材质#羊毛'中的'材质'字样；生动性较弱，语言较平淡，如'俏皮又活泼'、'文静气质'略显俗套，缺乏画面感和购买冲动；自然度较差，存在语义重复（如'版型的设计上<UNK>了裙子版型'），且有明显格式错误（<UNK>），整体机械感较强。
836,这是一款以薄纱为材质设计的睡裙，触感柔软细腻，穿着体验非常舒适有弹力。a字的版型剪裁加上下摆的鱼尾设计元素，时尚又飘逸，穿出了优雅的女人味儿。胸前及肩部的蕾丝边设计，带着浪漫的气息与优雅的名媛范儿，举手投足间散发出迷人的吸引力。,版型的处理上是采用了经典的a字版型设计，通过精湛的剪裁工艺，彰显出高级的品质感。裙身表面的蕾丝花纹，精致美观，上身穿着很显气质。内衬里布的贴心设计，追求时髦设计之余更加注重贴心细节，安全防走光，兼顾细节感与设计感。,类型#裙*材质#蕾丝*图案#蕾丝*裙型#a字,6.5,准确性方面，待评测文案包含了关键词“蕾丝”和“a字”，但缺少“类型#裙”（未直接点明是裙子，而是“睡裙”）、“材质#蕾丝”（材质描述为“薄纱”，但蕾丝是图案，且文中写“蕾丝边”，符合图案）、“图案#蕾丝”（同前）、“裙型#a字”（写了a字版型），基本覆盖，但“材质#蕾丝”有些模糊，蕾丝是图案而非材质，准确度略扣分。生动性较好，使用了“触感柔软细腻”“时尚又飘逸”“优雅的女人味儿”“浪漫的气息”等词，有吸引力。自然度尚可，但“有弹力”与蕾丝质感不太匹配，且“鱼尾设计”在关键词中未提及，虽然增加了细节但可能偏离商品核心。综合打分6.5分。
837,这款BRAND的沙滩裤采用了比较宽松的a字版型设计，这样的a字的造型使得穿着者看起来能够轻松穿出一种优雅的姿态感。而它上身的假两件设计也是整个裙子的亮点所在，通过多种不同材质的不同面料拼接在一起来打造出如此别致的造型。同时也因为其选用了优质的蕾丝作为材质，而凸显出了更为出众的品质感。,这款蕾丝裙的设计亮点在于蕾丝面料以及a字裙摆的设计，采用优质蕾丝面料提升了裙子的整体品质，同时a字版型修饰身材，遮住赘肉，减龄的设计，灵动俏皮，凸显甜美气息，是非常别致的设计亮点。,类型#裙*材质#蕾丝*图案#蕾丝*裙型#a字,6.0,准确性上，文案包含了所有关键词（蕾丝、a字），但出现了商品无关的假两件和欧根纱描述。生动性一般，虽有一定描述但缺乏感染力。自然度较低，存在不流畅处（如'轻松穿出一种优雅的姿态感'），且逻辑不够连贯，与商品类型不符。
838,这件格纹衬衫时尚的设计，穿出慵懒随意的小调性儿。别致的领口设计，展现不一样的魅力风采感。腰侧插布兜，实用方便又美观。加上前幅的单边式对称贴袋，富有层次感和立体感。搭配后臀部装饰，尽显文艺小清新的气质~前胸两侧斜式口袋，充满街头的气息，还有点<UNK>。修身的设计让这款衣服可以更好地衬托身材曲线，而且还能展现出男性优雅绅士的独特品味，复古的格子元素彰显着一种复古情怀。,这款衬衫采用了清新的格纹风格，经典且不过时，能够彰显文艺复古腔调。前幅搭配了对称的翻盖口袋装饰，又以个性的贴布点缀，使得衬衫不显单调和乏味，更具街头感。衬衫采用的是修身的剪裁设计，能够契合身形轮廓，塑造出挺拔俊朗身姿。,类型#上衣*版型#显瘦*风格#街头*风格#复古*风格#文艺*风格#清新*图案#格子*图案#复古*衣样式#衬衫*衣款式#口袋*衣款式#对称,5.5,准确性方面，遗漏了'版型#显瘦'和'风格#街头'，且包含了未在关键词里的'后臀部装饰'和'前胸两侧斜式口袋'，部分描述冲突。生动性尚可，但语言略显堆砌，'小调性儿''风采感'等表达不够地道。自然度不足，存在'腰侧插布兜'与'前幅单边式对称贴袋'重复，且有'<UNK>'符号，整体流畅性差。
839,时髦的吊带裙上身十分减龄，而且能够衬托出纤细的肩部线条与修长的手臂曲线。性感的三角胸贴设计带来十足的女人味。腰后开叉则增添了灵动感，结合v型领口设计。下搭条纹针织衫，演绎法式腔调，搭配同色系的绿植绿色a字裙摆，让你气质加分不少。大廓版的设计遮掩赘肉效果一流，打造黄金身材比例。优雅的五分袖可以提升个人精神气儿，搭配舒适材质，穿上它走起路来自然有范。,针织衫采用了绿色的条纹图案，起到视觉上的冲击对比。竖条纹图案能够从视觉上拉伸身材比例，配合<UNK>心领的设计。展示性感锁骨的同时也可以起到瘦脸的效果，恰到好处的五分袖长，露出白皙修长的手部线条，举手投足之间不失去优雅。,类型#上衣*颜色#绿色*风格#性感*图案#条纹*图案#线条*衣样式#针织衫*衣袖长#五分袖,4.5,待评测文案存在准确性问题：包含'针织衫''五分袖''绿色'等关键词，但未明确体现'条纹''线条'（图案描述不准确），且主要描述对象为吊带裙而非上衣，与商品关键词类型不符。生动性一般：虽有细致描述，但部分表述（如'绿植绿色'搭配不自然）和过时词汇（如'减龄'可信度低）；自然度较差：描述跳跃，起始句突然提及吊带裙与主题偏离，部分语句（如'大廓版设计'与吊带裙矛盾）不协调，有复读感。
840,经典的纯白色和海军蓝，碰撞在一起形成独特的拼接效果，让这款衬衫显得时尚而又与众不同。简约的版型剪裁，搭配利落的缝制手法，穿在身上轻松大方，凸显男性的气质感；全棉的面料制作成薄薄的长袖，柔软透气吸汗的同时更显凉爽穿着更为舒适自在哦！胸前的小圆孔设计点缀了单调的一丝感觉，结合弧形的拼接下摆更展现个性与时尚；,一款简约的基础款长袖衬衫，版型很时尚也很百搭，整体以简单干净的配色为基调，衣身个性的撞色拼接设计增加了时尚感，显得与众不同，更是能带来一丝丝优雅浪漫的气息。在材质上精选优质的棉面料，穿着舒适透气。,类型#上衣*材质#棉*风格#简约*图案#撞色*衣样式#衬衫*衣袖长#长袖*衣款式#拼接,8.0,待评测文案准确包含了所有关键词，例如“长袖”、“衬衫”、“棉”、“拼接”、“撞色”、“简约”等。语言生动，使用了“经典”、“独特”、“利落”、“轻松大方”等词汇，能激发购买欲望。自然度较好，整体通顺流畅，但“点缀了单调的一丝感觉”稍显拗口，略有机械感。总体质量较高。
841,这款裙子选用纯白色设计为整体营造出干净清雅的氛围感，搭配上a字裙的减龄效果可以凸显你的少女气质呢。半身款的版型还能有效提高腰线从而优化身材比例，达到修身显瘦的效果。长款样式与同色系的衬衣外套相搭配更为和谐美观哦，配上经典的一粒扣点缀更能让简约中不失优雅大气的感觉尽显好品位的女性形象啦。,帅气中不乏优雅气质的一款外套。精选优质的绵羊<UNK>真皮面料，质感比较柔软，中和皮衣的硬朗，凸显女性的柔美气质。时尚的翻驳领设计，简约大方，更具造型感。简约的一粒扣收腰版型，修身显瘦尽显曼妙迷人的好身材。,类型#上衣*版型#显瘦*风格#简约*衣样式#外套*衣门襟#一粒扣*衣款式#收腰,2.0,准确性：严重不符，关键词指定的是上衣/外套，但文案描述的是裙子，且未提及任何外套相关特征。生动性：有一定描述但偏离商品，无法激发对上衣的购买欲。自然度：语句通顺，但内容与商品无关。
842,米白色的绣花设计让整条裤子充满了时尚的韵味，彰显女性温婉柔美的气质。阔腿的版型让你在视觉上更显高挑有型的同时又能修饰不完美的腿型呢。面料采用舒适透气的纯棉麻材质作为基础面料来制作，吸汗透气的同时穿着更健康自然，不易产生刺激和过敏现象哦。腰间处的撞色设计是这款阔腿裤的点睛之处，既起到了装点效果，也能提高腰线位置显得你更高挑呢。整体偏宽松的版型对身材也有着非常好的包容作用，轻松遮住大腿上的小赘肉。,这条裤子，无论从色彩上还是穿着感上，考虑到季节的特点，从视觉与触觉上给人以清爽与舒适的感受。质地采用柔软又吸湿的棉麻，亲肤又好穿，透气柔软，上身舒适。裤身色彩选用柔和自然的米白色系，与裤前大面积的刺绣工艺撞色，清丽和谐，看起来颜色饱满，明朗大方。宽松的阔腿造型，隐藏小肉肉的同时更加随性。,类型#裤*版型#宽松*材质#棉麻*颜色#米白色*图案#刺绣*图案#撞色*裤型#阔腿裤,9.0,准确性：完整包含所有关键词；生动性：使用“时尚的韵味”“温婉柔美”等词汇，富有吸引力，能激发购买欲；自然度：语言流畅，无机械感，自然生动。扣分点：略偏口语化，但整体优秀。
843,天气逐渐变暖，想要早春穿衣有范儿就需要多备上几件轻便的长袖单品。这件衬衫宽松直筒版型剪裁，上身穿着不挑身材和身形。下摆前短后长的开叉设计别致新颖之余更显层次感，适合不同身形的人士穿搭。衣领处采用经典的翻驳领设计，挺括有型更显男性气概。,宽松的样式，让这款衬衫能够拥有更好的修饰效果，轻松的修饰整体的身形，搭配上细条纹的样式，打造出更为随性的个性魅力，作为整体的设计亮点。超长袖的时尚元素，能够更好的与这款衬衫进行结合，时尚更富有优雅魅力，轻松的让整体更显与众不同。,类型#上衣*版型#宽松*衣样式#衬衫*衣袖长#长袖,6.5,准确性一般，缺少关键词'超长袖'；生动性中等，强调了版型和设计细节，但缺乏情感共鸣；自然度较好，语言通顺，但结尾过于男性化，可能限制受众。
844,仙气飘飘的蕾丝衫，在春天真是美的恰到好处。采用百分百的桑蚕丝面料，穿着舒适透气还更<UNK>肌肤！大朵清新的绣花布满全身，更显浪漫柔美，而且还有很好的减龄效果哦~蕾丝拼接下摆的设计，隐约透肌肤的小小心思！再加上宽松的下摆处理，让裙子有了蓬松感。收口的喇叭袖设计又很俏皮可人显手臂修长，整体更显瘦！这样的一个小衫，怎么搭也都能展示你的迷人风情；搭配高腰阔腿裤，让你化身成性感撩人的女神；也可以内搭一件同系列的背心裙，让你成为气质十足的甜美少女，上身秒变时髦精！,仙气轻薄透视风的蕾丝衫，星星点点的绣花图案有种隐隐约约的含蓄美，不失温油清新小性感。面料精致，上面有一丝丝的blingbling银线镶嵌。<UNK>的立体真丝绉面料，轻薄丝滑，很飘逸。门襟拼接了一层水溶蕾丝花边精致感满满。宽松的版型藏肉显瘦，任意身材都能驾驭。朦胧的灯笼收口喇叭袖也很加分，甜美迷人，举手投足之间多了一些飘逸感，浪漫唯美。,类型#上衣*版型#宽松*版型#显瘦*材质#蚕丝*材质#蕾丝*风格#清新*风格#性感*图案#刺绣*图案#蕾丝*衣样式#衫*衣袖型#喇叭袖*衣袖型#收口*衣款式#拼接,8.5,【待评测文案】基本覆盖了所有关键词（蚕丝、蕾丝、刺绣、喇叭袖、收口、宽松、显瘦、清新、性感、拼接），缺失了“衫”和“灯笼袖”，但“喇叭袖”已包含。语言生动，使用了“仙气飘飘”、“减龄效果”等吸引词，但“裙子”一词（应为上衣）表述有误。文案自然流畅，无明显机械感，但“百搭”部分略显模板化。总体质量较高。
845,时尚浪漫的蕾丝元素向来是时尚界的宠儿，融入唯美的刺绣点缀其中，显得尤为精致出彩，与a字元素的碰撞，演绎出唯美优雅感，搭配蓬松飘逸的裙摆，尽显浪漫动人的女性气息。气质领口加同布面料设计，带来立体饱满的花朵效果，瞬间将这款连衣裙提升了档次，让你在这个季节里更加吸晴亮眼，同时也能把柔美温婉的女性魅力完美显现出来，十分动人。而略为宽松的裙摆，则带来了甜美的少女气息。胸前小立领装饰的花边，甜美而又别致，十分惹眼。轻松秀出娇柔可人的小女人feel~,这款新春连衣裙采用了可爱宽松的a字版型。可以轻松修饰身材上的小缺点。公主一般的蓬蓬裙体现出小女人的可爱精致感。采用了手艺精湛的刺绣工艺打造出高端华美服装品质感。同时还运用了大量的蕾丝元素并将它用花边的形式呈现出来。给人一种高贵典雅的美感。,类型#裙*版型#宽松*材质#蕾丝*图案#刺绣*图案#蕾丝*裙型#a字*裙型#蓬蓬裙*裙下摆#花边*裙长#连衣裙,7.5,文案包含所有关键词（裙、宽松、蕾丝、刺绣、A字、蓬蓬裙、花边、连衣裙），且语言生动，能激发购买欲；但部分表述略显堆砌，自然度稍逊，整体不错。
846,这款BRAND的彩色刺绣两件套连衣裙整体显得很是甜美，设计师用丰富的色彩搭配打造出了别样的灵动气息。首先其肩部的星星与红唇结合在一起，既醒目吸睛又丰富整体的层次感。再加上可爱的荷叶边装饰和经典的条纹点缀，更是让裙子更显俏皮活泼了，让你在穿着的时候更加的气质迷人呢！,连衣裙蓝白条纹，简洁清爽，又很有生动感，美的很实在。靓丽的刺绣花朵点缀蔓延，充满灵气。与条纹来了个碰撞，让视觉充满饱和，也让裙子多了一份浪漫基调。荷叶边，刺绣花朵点缀，增强轮廓感，更显灵动。彰显了女性的魅力。,类型#裙*图案#条纹*图案#刺绣*裙下摆#荷叶边*裙长#连衣裙,6.0,准确性方面，待评测文案包含了'条纹'、'刺绣'、'荷叶边'、'连衣裙'，但缺少'蓝白条纹'、'刺绣花朵'等具体描述，且多出'彩色刺绣'、'肩部星星与红唇'等未在关键词中的元素，导致部分关键词未准确覆盖；生动性一般，使用了'甜美'、'别样的灵动'、'俏皮活泼'等词汇，但整体缺乏细节和画面感，购买欲望不强；自然度较好，语句通顺，但存在部分重复表述如'显得很是甜美'与'更显俏皮活泼'，整体略有机感。
847,这款马夹的材质属于轻奢派。舒适度高而且挺括感也比较好哦，这个款的颜色属于很低调的内敛款式的设计，适合春秋秋穿，不挑肤色，上身比较显肤色且修饰身形效果棒！中长的长度也是很好的遮住肚子上的赘肉，显瘦哦；搭配裤装裙装都很赞噢而且很好搭。可以日常穿也可以为上班出门、约会等场合穿着哦，非常百搭的一款马夹设计~不管是逛街还是出去旅游都可以轻松驾驭的一款哦~不管是单穿还是多件叠穿都是超级减龄又时髦哦这款上身气质妥妥的那种，特别能展现女生的柔美范又有点小可爱的味道也完全不会夸张和突兀,马甲既是一件可以通勤上班穿，又能日常逛街的拼时髦单品。中长款的设计，这样的长度衬托的比例很好，而且藏肉显瘦，各种身形都很适穿。,类型#上衣*版型#显瘦*风格#通勤*衣样式#马甲*衣长#中长款,8.0,文案包含了所有关键词（马甲、显瘦、通勤、中长款等），准确性高。语言生动，用了“轻奢派”“气质妥妥”等词，有购买欲望。自然度较好，但存在少量冗余（如“哦”字频繁），整体通顺。扣分点在于稍显啰嗦，可精简。
848,经典的圆领设计穿上去舒适度更高，不易变形。袖口的荷叶型剪裁，更加凸显手臂的纤细感。精美的卡通贴图点缀在整体的设计之上，为这款背心增添了几分童真气息。腰间和臀部的<UNK>排扣设计显得独具一格。,每个小女孩都有一个童话公主梦，充满童真与梦幻的色彩。灯芯绒背心裙，精致可爱的造型，简单的圆领配上背后排扣的点缀，增添细节质感，方便穿脱。衣襟前后的小捏褶设计，端庄大方优雅不刻意。尤其的裙摆出色彩艳丽的卡通贴布绣点缀，尽显天真俏皮的可爱童趣，妥妥的小公主一枚。,类型#裙*图案#卡通*裙领型#圆领*裙衣门襟#排扣,6.0,准确性方面，文案包含了关键词中的圆领、卡通贴图、排扣，但缺少关键词'裙'且错误提及了袖口荷叶剪裁（背心裙无袖），并出现了<UNK>噪音；生动性一般，有一定童真感但不够强烈；自然度欠佳，存在不通顺处及机械感。
849,此款裙子采用了精致利落的剪裁技术，在修饰身材的同时不失优雅大气之感。裙身采用别致的<UNK>印花设计，凸显艺术美学的风格美感且颇具时尚气息。圆领款式的设计搭配上腰间的系带，增添整体的造型层次感。飘逸的喇叭袖口可以很好的衬托出纤细的手臂线条，彰显唯美浪漫的既视感。穿出门去，你就是一道美丽的风景线！,素雅的浅粉色在炎炎夏日给你清爽的感觉。一款别致的连衣裙带你领略美丽风景，简约的圆领系带设计衬托出女性脖颈部线条和小巧的脸型，靓丽印花的点缀散发出浪漫柔美女性风情，喇叭袖凸显温婉而又不失时尚，裙摆设计行走间尽显女性自信和魅力。,类型#裙*风格#简约*图案#风景*图案#线条*图案#印花*裙长#连衣裙*裙领型#圆领*裙袖型#喇叭袖*裙衣门襟#系带,8.0,文案整体优秀，覆盖了所有关键属性（如简约、圆领、系带、喇叭袖、印花、连衣裙），且语言流畅生动，能激发购买欲望。唯一不足是出现了<UNK>占位符，以及未明确提及‘风景’图案，但‘风景线’一词有所呼应。准确性和自然度较好，生动性较高。
850,简单大方的纯白色衬衫，上身效果十分优雅，而这款设计的亮点在于胸前的交叉带设计，既增加了几分随意感和休闲风，又带来了几分小性感，让整体更显与众不同。另外宽松的款式搭配上经典圆弧的下摆，遮肉显瘦更自然、舒适，穿着更方便哦！,衬衣控们快看过来，喜欢bf风的可不要错过这款咯。特意打造成宽松的款式，可以完美遮掩你的小肥肉，显瘦效果佳。让人眼前一亮的就是v领领口的设计，展现了你的脖颈曲线美之外更透露了小性感，迷人又可爱，同时非常百搭，适合不同场合的穿搭。,类型#上衣*版型#宽松*版型#显瘦*风格#性感*衣样式#衬衫*衣领型#v领,6.5,准确性方面，缺少'v领'和'性感'关键词，但包含其他；生动性一般，描述较平淡，缺少购买冲动；自然度较好，语句通顺无明显机械感。
851,牛仔半身裙是很经典的剪裁款式，穿在身上能衬托身材的高挑感、修长感，同时又能展现出时髦与青春的魅力气息。重工磨边的细节，是整体风格的吸睛点。精致的绣花朵纹点缀裙摆，带有浪漫气息的同时尽显唯美情调感。时尚有型的金属铆钉装饰裙后臀兜的边缘处，更添知性的优雅美感。,真心美到cry的一款牛仔半裙！一点点知性，一点点优雅感，气质宁静迷人~运用今年大热流行的蝴蝶元素，一改之前硬朗帅气的设计，增添了很多女性化元素，重工蝴蝶刺绣，每只蝴蝶大小不同，栩栩如生，刺绣非常精美！有蝴蝶翩翩起舞的即视感，蝴蝶不是直接绣上去，而是做好之后再车上去，工艺着实够复杂！,类型#裙*材质#牛仔布*风格#知性*风格#青春*图案#刺绣*裙型#牛仔裙*裙长#半身裙,6.0,准确性方面，缺少关键词'刺绣'（仅提及绣花，但刺绣是特定工艺）和'蝴蝶'图案，风格词'知性'有出现但青春感较弱。生动性一般，使用了'经典'、'时髦'等词，但缺乏情感冲击和细节描绘，购买欲不强。自然度较好，语句通顺，略有机械感，如'衬托身材的高挑感、修长感'略显堆砌。
852,这条裤装版型简单却富有设计感的一款连体裤，一字型的领形设计不仅展现女性优美的颈部曲线尽显女性的优雅韵味而且还具有独特的美态。个性别致的背带样式可以随意调节长短，自由发挥自己的搭配，增添你的魅力性。简约不失品质的斜插口袋设计实用方便而且又美观大方。卷边的裤腿时尚简约，可以修饰腿部曲线轻松塑造完美的女人气质。经典的吊带设计可以露出锁骨以及白皙颈部肌肤性感诱惑。整体流线型线条的设计，更是拉长了身材的比例。,生机勃勃的春季自然少不了中性连体裤，帅气又不失干练。柔软透气的面料，简约的v领设计拉长脖颈线条，露出纤细锁骨，时尚迷人。卷边<UNK>设计修饰腿部曲线。胸部的对称口袋设计，起到了优化胸型的作用，增添性感韵味。,类型#裤*风格#简约*风格#性感*图案#线条*裤长#连体裤*裤款式#口袋*裤口#卷边,8.0,准确性：待评测文案包含了所有关键词（类型#裤、风格#简约、风格#性感、图案#线条、裤长#连体裤、裤款式#口袋、裤口#卷边），但未明确提及‘连体裤’关键词，不过整体描述正确。生动性：语言较为生动，如‘展现女性优美的颈部曲线’‘优雅韵味’等，但部分表述稍显冗余，如‘自由发挥自己的搭配’略显累赘。自然度：整体通顺，但有机械感，如‘增添你的魅力性’‘塑造完美的女人气质’等表述稍显生硬。综合评分8分。
853,精致又时髦的牛仔裤，是每个都市女性时尚生活不可或缺的单品。这款采用九分版型的设计，显得双腿纤细修长，修饰身材比例更完美。而且裤腿处还采用了潮流时尚的破洞元素和翻边，搭配个性的重工花朵刺绣，细节处彰显大牌质感，尽显优雅气质，打造大气的穿着效果。配合高腰剪裁，轻松塑造大比例美腿轻松get。,花朵刺绣这一时尚元素可是说是在各大秀场频频出现，稍加点缀就很有时尚的feel，这款裤子就采取了花朵刺绣，裤腿上的花朵刺绣栩栩如生，漂亮别致，很有春天的感觉呢。除了刺绣，还有潮流的破洞设计，个性前卫。裤脚做了翻边设计，九分裤的裤长，露出脚踝，高腰的设计，视觉上拉高腰线，很显高挑哦。,类型#裤*风格#潮*图案#刺绣*裤长#九分裤*裤款式#破洞*裤腰型#高腰*裤口#翻折,7.5,包含了所有关键词，语言较生动，但略显机械，如‘精致又时髦’‘个性重工’稍显堆砌，整体自然度一般。
854,这款外套选择了翻领的版型设计，修饰颈部线条更加柔美迷人同时又凸显女性气质，展现出落落大方的气息。袖口的喇叭造型美观大方又实用便捷，搭配v字型的领口更显俏皮可爱。腰间的细腰带勾勒出曼妙性感的身材曲线。西装裤的剪裁贴合腿部的轮廓线将双腿修长挺拔的感觉完美勾勒出来，更突显女性的精致秀气美感。,西装式的大翻领从视觉上很好的拉长了颈部线条，凸显出女性干练大气的魅力，深v领完美得展现出女性饱满的上围，散发着十足的女人味。金属搭扣的腰带装饰很好的隐藏了腹部上的赘肉，勾勒出女性纤细迷人的小蛮腰，金属搭扣避免了整体造型过于单调，瞬间提升了整体气质。下摆开叉设计更显得性感妩媚。,类型#上衣*风格#性感*图案#线条*衣样式#西装*衣领型#v领*衣领型#翻领*衣款式#腰带,6.0,待评测文案未包含所有关键词（缺少线条、西装、腰带装饰，且错误提及西装裤），语言较平淡，缺乏购买欲望，自然度尚可但有机械重复感（如‘完美’使用过多）。
855,这条裤子采用的纯色设计风格，没有过多的装饰元素的存在更显随性休闲，侧面的金属元素装点着裤身不会显得单调无趣更展现出个性。腰间绑带可以自由调节穿着感，让你可以自由的改变腰围的大小轻松驾驭各种尺寸的腰部。裤子略宽松的设计不约束腿部的运动空间打造更好的活动效果。,这条裤子，采用简单的宽松款式，展示出一种休闲的运动风，穿起来给人一种舒适有型的立体感；长款的设计拉长了腿部的比例，简单的纯色色系，色泽靓丽又大方，给人不一样的视觉；腰间绑带的搭配，打破了常规设计，使用起来收缩自由，实用便捷；整体衬托出满满的轻松休闲<UNK>。,类型#裤*版型#宽松*颜色#纯色*风格#运动*风格#休闲*图案#纯色*裤款式#绑带,6.0,准确性方面，覆盖率不够，所提供的关键词共8个：类型#裤、版型#宽松、颜色#纯色、风格#运动、风格#休闲、图案#纯色、裤款式#绑带。待评测文案提到了“纯色设计”（对应颜色#纯色和图案#纯色）、“绑带”（对应裤款式#绑带）、“宽松”（对应版型#宽松），但缺少“类型#裤”、“风格#运动”、“风格#休闲”的直接体现，且未明确提及“裤”这个商品类型。生动性方面，语言较平实，有“随性休闲”、“个性”等表述，但缺乏画面感和购买冲动。自然度方面，整体通顺，但存在“自由调节穿着感，让你可以自由的改变腰围的大小”等略显重复的表述，有轻微机械感。综合扣分点，给出6分。
856,简洁大方的深v字设计将女性的独特气质释放出来，散发优雅迷人的<UNK>。略带成熟感的颜色与鱼尾巴下摆处理共同营造出性感的即视感，结合衣身宽松的版型，轻松自在又舒服感倍增，穿着起来舒适随性不会感觉到束缚。结合腰部收腰的设计尽显纤细窈窕身姿，打造修长曲线。,这款收腰设计的鱼尾裙，让你的小蛮腰完美的展现，穿起来绝对吸睛。v领秀出性感锁骨的同时缩短了上半身的视觉长度，鱼尾裙的魅力在于它宽松的下摆，展现女生优雅和婀娜的体态。,类型#裙*版型#宽松*风格#性感*裙型#鱼尾裙*裙领型#v领*裙款式#收腰,7.5,准确性高，覆盖了所有关键词（v领、鱼尾、宽松、收腰等），但缺少“性感”的直接表达。生动性较好，但存在“<UNK>”未知标记影响流畅度。自然度较高，无明显机械感，但部分表述略生硬。
857,这款公主粉<UNK>连体衣选用亲肤透气的棉质面料打造，穿着舒适自在而且贴身耐穿，适合肌肤娇嫩的宝宝穿着；领口处加入了同色系的花边点缀和藏蓝色的条纹元素设计，增添了小女生的甜美和俏皮气息；纯净的白色衣面搭配上多层式叠加拼接的网纱质地裙摆设计，在层次感十足的设计中给整体增添一丝仙气的同时也丰富了服饰的整体造型，既富有立体感又使宝贝穿起来更加的清秀可人。,精选纯棉弹力面料，手感细腻舒爽，吸汗透气性能<UNK>，特别适宜夏季穿着。采用新颖的水手服拼接浪漫纱裙的方式，呈现出不一样的唯美清新感觉。藏蓝色与白色条纹的搭配，为整件裙子赋予了更多优雅的意义。而水手领的运用，更成为视线中最美的焦点，完全展示出女孩的大方、活泼，对于远方的美好向往之情。小飞袖轻松甜美，搭配网纱层叠裙摆更显娇俏与可爱。,类型#裙*材质#棉*材质#网纱*颜色#白色*颜色#藏蓝色*风格#清新*图案#条纹*裙下摆#层叠*裙款式#拼接,6.5,准确性上，关键词‘棉’、‘网纱’、‘白色’、‘藏蓝色’、‘条纹’、‘层叠’、‘拼接’均包含，但‘清新’未直接体现，且误用了‘公主粉’（应为白色或藏蓝色）。生动性一般，描述较平实，缺少情感渲染和购买冲动。自然度较高，通顺但略机械，如‘增添一丝仙气的同时也丰富了服饰的整体造型’略显冗余。整体优于普通AI文案，但未达参考答案水平。
858,这款衬衫采用苎麻天丝混合面料制作，轻薄透气不费力；领底采用双层暗门襟设计，凸显精致的细节感又具有修饰脸型的功能；衣摆处微弧形剪裁的设计；整体宽松廓形加上灯笼袖的加持，结合后片开叉加纽扣连接，增添时髦复古气息；在搭配上可选择一件v领或荷叶边拼接衬衣做叠穿。,一款柔软清凉的混纺天丝衬衫；富有心机感的前后身处，将自然捏褶作为拼接，赋予身体宽松的余量，使自在的穿搭尽显时髦的趣味感；纽扣开合的灯笼袖设计，既能轻易遮盖不足又可修饰臂部，使自信的举手投足间蔓延着优雅大气的复古范。,类型#上衣*版型#宽松*材质#天丝*材质#混纺*风格#复古*图案#复古*衣样式#衬衫*衣袖型#灯笼袖*衣款式#拼接*衣款式#纽扣,7.0,准确性和完整性较好，覆盖了版型宽松、天丝混纺、复古、灯笼袖、拼接、纽扣等关键词，但缺乏'衬衫'明确提及；生动性上'轻薄透气不费力'等描述尚可，但整体缺乏情感张力，购买欲望不够强烈；自然度较高，语言通顺无明显机械感，但个别表达如'领底采用双层暗门襟设计'稍显生硬，且后半段搭配建议略有偏离主题。
859,这款针织衫设计比较简单，但细看还是有很多小细节的。袖口的小心<UNK>做了大红的绣线来缝制，让袖子多了一丝活泼俏皮的气息。下摆处有一个精致的红边装饰着整个衣身，显得很是精致。同时加上衣身的编织镂空处理，穿着在女性身上更加的吸睛抢眼。宽松舒适的版型穿脱方便又很舒适。精选亲肤透气的棉纱面料和针织面料制成。上身舒适柔软，透气性好，不会闷热。在炎热的夏季穿着舒适度会高很多。,ur这款针织衫运用优雅的枚红色点缀衣身，结合独特的镂空设计，<UNK>若<UNK>露出女性上身的优美轮廓，更显优雅气质美。宽松的版型包容性极强，能够迎合大众身材，轻松塑造慵懒随性范。最后再辅以柔软细腻的针织面料，打造绝对舒适的穿着体验。,类型#上衣*版型#宽松*材质#针织*颜色#红色*衣样式#针织衫*衣款式#勾花镂空,6.5,准确性方面，几乎覆盖所有关键词但缺少'红色'（提到大红和红边，但未明确写'红色'），且未提及'针织'（仅提针织面料）。生动性一般，描述细节但缺乏感染力，没能激发强烈购买欲。自然度较好，语句通顺，但开头略显平淡，整体机械感不强。
860,"腰部独特的不对称设计,让裙子有了层次感。下摆不规则的设计更加有特色!整体偏修身a字版型。舒适的高腰位提升腰部水平线,显得身材比例特别好哦。系带装饰看起来很时尚大方很有个性,让你轻松穿出时髦腔调。",第一眼看到就很喜欢的裙子，腰部时尚的系带设计，不只是很好的装饰，还能显腰身显瘦，高腰的a字版型，上身给人胸部以下都是腿的视觉感。裙摆不规则的设计，让腿部有加长的视觉效果，斜剪裁不对称裙摆烘托柔美气质。,类型#裙*版型#显瘦*裙型#a字*裙腰型#高腰*裙衣门襟#系带*裙款式#不对称*裙款式#不规则,6.5,文案包含了大部分关键词，但缺少'不对称'（仅提到层次感，未明确强调不对称），且'不规则'描述较笼统。语言较为生动，但缺乏像参考答案中'胸部以下都是腿'这样的强烈吸引力。通顺，但略有机械感，如'看起来时尚大方很有个性'略显堆砌。综合评分6.5分。
861,本款连衣裙采用了不规则的a字廓形设计，可以起到修身遮肉的效果哦，轻松巧妙的遮掩住腰腹与大腿的缺陷。裙身采用独特的双层设计方法，能够有效的防止走光，保证穿着安全的同时又富有层次感。下摆的开叉处理，增添了随性与时尚的气息，穿上飘逸的长裙在风中摇曳，十分浪漫迷人。,BRAND的风格以时尚不失典雅著称，会出其不意打破常规，展现个性。这款半身长裙作为代表，以不规则的剪裁，为整体营造丰富层次，行走时带来轻盈灵动感，行走间飘逸生姿，诉说娴静柔美的气质。结合它a字版型的演绎，将女性<UNK>的下半身完美遮盖，显瘦效果满分。,类型#裙*版型#显瘦*裙型#a字*裙长#长裙*裙款式#不规则,7.7,关键词覆盖较好：包含了'裙型#a字'、'版型#显瘦'、'裙款式#不规则'、'裙长#长裙'，但未明确提及'类型#裙'（描述为连衣裙，而参考文案为半身裙，但关键词为'裙'，可接受）。'裙形#不规则'已体现。语言生动，如'轻盈灵动''飘逸长裙''浪漫迷人'等，能激发购买欲。语句通顺自然，无复读或机械感。扣分项：未提及'显瘦'一词（参考文案有显瘦效果），建议稍加强调显瘦。
862,本款<UNK>系列假两件网纱半裙采用独特的层次感设计理念制作，让这款假两件网纱半裙与众不同，在裙身上采用了网纱的拼接搭配，让造型显得更加飘逸灵动，充满优雅。其不规则的裙摆不仅显得时髦个性，还在走动时带有一丝飘逸的美感与朦胧美相结合使裙子多了一股飘逸唯美的仙女风格。另外还有裙子上的压褶设计也是一大亮点，给裙子增添了一份独特的设计美感又起到修饰腿型的效果。,这款半身裙不同于其他网纱裙单一的版型，采用了不规则三层拼接，每一层的网纱都做了压褶处理，更好地展示了裙子的层次感，臀部有点大的妹子穿，可以遮住臀部的肉肉，亮点是腰部的腰封。腰封的也做了压褶处理，很好的修饰了腰身。,类型#裙*材质#网纱*裙型#网纱裙*裙下摆#压褶*裙长#半身裙*裙款式#拼接*裙款式#不规则,6.5,待评测文案覆盖了关键词，但未提及'腰封'，且'假两件'不在关键词内。语句较生动，但存在<UNK>符号影响自然度，部分表述重复（如'飘逸'出现多次），整体可读性良好但略显机械。
863,这是一款少女风的牛仔外套，采用了假两件的搭配，看起来比较厚实，但是上身却给人一种清爽的感觉。小短款的设计更加俏皮减龄，凸显出女性利落的姿态。衣身的重工串珠绣花工艺，非常时尚潮流，而且可以增强层次感，看起来十分精美。下摆微微收紧，形成前短后长的样式，露出纤细腰身和大腿，特别显高又显瘦。两侧的口袋方便存储一些物品或者插兜凹造型很帅气宽松的款式，不挑身材，能轻松驾驭。可内搭一件简单的t，显得休闲随性。,休闲款式的经典牛仔外套，清洗时髦的牛仔蓝简洁大气，短款衣身加上宽松版型，有着极其突出的显瘦气质。衣摆的毛边彰显出随性不羁的潮流魅力，而精致的刺绣图案更有着非常好的观赏性，帅气风格中透露几分软萌的少女心。,类型#上衣*版型#宽松*版型#显瘦*材质#牛仔布*风格#休闲*风格#潮*图案#刺绣*衣样式#外套*衣长#短款,7.5,准确性方面，待评测文案未提及牛仔布、刺绣图案中的具体图案描述，且提到“假两件”非关键词内容，但整体覆盖了宽松、显瘦、休闲、潮、短款等核心点，准确性尚可。生动性较好，使用了“俏皮减龄”“精美”“显高显瘦”等吸引人词汇，能激发购买欲。自然度较高，语句通顺，但“重工串珠绣花”与关键词“刺绣”略有偏差，整体无复读感。综合扣分点在关键词覆盖不全和细节偏差。
864,撞色的斜线，仿佛带着浓浓的<UNK>风情，带给人无尽的怀旧感受；粗细不一的撞色条纹纹路，呈现出跳跃的活力感，同时，还带有一点俏皮气息。整体上这款毛衣裙给人的感觉就是复古的优雅气质。<UNK><UNK>以独特的色调呈现出丰富的层次感，加上优质厚实的高支高<UNK>，使织面细腻丰富、不易起球，彰显出高级格调；与柔软质感的针织衣身相结合，轻松打造甜美风格的女神范儿；而这款毛衣刚好能起到很好的搭配作用，无论是搭配连衣裙或是裤装都非常抢眼吸睛。,让人眼前一亮的<UNK>是很剑走<UNK>的怪异时尚，<UNK>撞色的元素作为时髦的主基调，你就能从平庸的风格之中脱颖而出。换上舒适的轻软针织，质感绝佳的毛衣分分钟就<UNK>你的芳心。自带复古感的红蓝条纹，趣味间隔玩转色彩艺术！,类型#上衣*材质#针织*风格#复古*图案#条纹*图案#复古*图案#撞色*衣样式#毛衣,6.5,准确性方面，关键词包括上衣、针织、复古、条纹、撞色、毛衣，待评测文案都包含了，但未提及“风格#复古”中的“复古”直接出现，而是用“复古的优雅气质”间接表达，基本完整。生动性上，语言有画面感，如“撞色的斜线”“粗细不一的撞色条纹纹路”，能引发想象，但部分表述略显平淡，如“起到很好的搭配作用”。自然度欠佳，“<UNK>”占位符较多，影响通顺度，且“这款毛衣裙”与商品关键词“上衣”矛盾，造成不自然。综合得分6.5。
865,早春里，一款时髦又亮眼的卫衣总是少不了的，既能凹造型又能展现自己的个人魅力。直筒版型的设计，修饰身体曲线更添女性独特气质。利落小翻领的设计，衬的人干净清爽，同时更具视觉立体感。短款的裁剪，更加凸显身形比例。袖口处采用罗纹收缩的设计风格，时尚而俏皮，简约又不失个性。下摆系的系带设计，彰显独特不羁的女性街头感。,微凉春日中，最清晰活泼的选择，少不了一件短款外套。这件翻领系带短款外套，衣身选用简洁大方的明线设计，更显十足简约风格。衣袖选择飘逸非凡的系带设计，长长系带更突显街头少女的灵动活泼。而经典大方的短款设计，显露腰身，更显靓丽青春。,类型#上衣*风格#街头*风格#简约*风格#青春*衣样式#外套*衣领型#翻领*衣长#短款*衣门襟#系带,6.0,准确性方面，待评测文案包含了大部分关键词，但缺少'外套'、'系带'和'翻领'均出现但描述与商品不符（下摆系带而非衣袖、翻领但未强调短款外套），且错误地引入了'卫衣'（商品为外套），导致不准确。生动性方面，语言较平实，有一定吸引力但不如参考答案生动。自然度方面，整体通顺但存在部分机械感（如'彰显独特不羁的女性街头感'略显模板化）。综合打分6分。
866,这款是重工精致的美丽花小精灵毛衣。时尚宽松的版型，穿在身上舒适自然，能够很好的修饰身形遮掩缺陷，加上浪漫的花朵刺绣纹理，非常的大气和优雅。袖口做了别具美式风情的喇叭袖设计，让你举手投足之间都是优雅与妩媚的魅力。经典的小高领可以起到很好保暖作用同时还可以修饰颈部线条，而且也平添了一份休闲大气之感。,这款毛衣属于非常宽松的版型，穿在身上很休闲，大气，包容感很强。小高领的设计，精致可爱不挑人。喇叭袖的设计，很好的修饰手臂的线条。刺绣花朵点缀袖子，举手投足间尽显迷人的魅力。,类型#上衣*版型#宽松*风格#休闲*图案#线条*图案#刺绣*衣样式#毛衣*衣领型#高领*衣袖型#喇叭袖,8.0,文案包含了所有关键词（宽松版型、休闲风格、高领、喇叭袖、刺绣），且描述准确。语言生动，使用“重工精致”、“美丽花小精灵”等词汇增强吸引力，能激发购买欲。语句通顺自然，无重复或机械感。扣分在于“美式风情”略显偏离关键词‘风格#休闲’，但整体优秀。
867,小衫的长度刚好能掩饰你的臀部曲线。下摆采用伞形散开的设计，让下身比例更加修长；而且它有挺括的面料配合立体裁剪，能够勾勒优美的身体曲线，还能修饰腿型。高腰线加上中缝的分割设计，让你立刻变高的同时视觉更显纤细，还有点俏皮的感觉。袖口与收腰都是松紧处理，凸显手臂线条也更好贴身。,开口可以显得脖颈修长，显得脸小，收腰的立体剪裁可以打造高腰线，视觉上显得身材比例更好。领口圆润的弧度上身之后让脸部线条看起来更加好看。坠感很好的裙摆不会太过沉闷，让你一秒变身大长腿。,类型#裙*版型#立体剪裁*图案#线条*裙腰型#高腰*裙款式#收腰,6.5,文案包含了大部分关键词（版型、立体剪裁、线条、高腰、收腰），但缺少'裙'和'图案'，且'线条'提及较弱。语言有一定生动性（如'俏皮'），但部分表述略显生硬（如'让你立刻变高的同时视觉更显纤细'），逻辑衔接不够自然。整体吸引力和通顺度中等。
868,舒适透气的棉料面料，给肌肤以舒适的穿着感受；简洁的纯色格调，在简单干净的面料上加入立体的针织花纹设计，提升档次更显时尚气质；前短后长开衫款式设计，显得帅气有型更显大方的男士魅力，凸显别致的审美品位。,这款纯色的开衫采用的是优质针织面料，亲肤柔软，绝对适合宝宝稚嫩的小皮肤。全棉内里设计，守护宝宝整个冬天的温暖，俏皮的彩虹图案设计加上朴素的平针造型。让整件开衫变的生动有趣，带给孩子一个快乐的穿着体验。,类型#上衣*材质#棉*材质#针织*颜色#纯色*图案#纯色*衣样式#开衫,6.5,缺失'全棉内里'和'彩虹图案'等关键词，地址信息不完整；语言较生动但针对成人，与参考答案强调宝宝卖点不符。
869,设计师将大片的印花运用到服装中常常有眼前一亮的效果！这款上衣采用了经典的黑白印花设计，在细节处做了些许调整后更显设计感，搭配的裤子有着和上衣同款的<UNK>面料，让穿着舒适的同时在视觉上营造一种同款连裤套装的感觉。裤子是百褶的设计，通过压褶工艺来体现百褶的面料质感，在走动间飘逸灵动。而衣袖边采用的水洗磨毛和压褶的设计可以打破色彩单一沉闷的视觉效果，使整体的版型看起来更加立体感。,这款裙子上有黑白沾染水洗留下的自然印记，看起来就像是泼墨的印花图案，具备年代感，一眼看过去就觉得舒服。而裙摆带点微微的百褶压褶处理，尽享垂感，行走间，飘逸动人。,类型#裙*材质#水洗*颜色#黑白*图案#印花*裙型#百褶*裙下摆#压褶,4.5,待评测文案未包含所有关键词：类型应为裙而非上衣+裤，颜色黑白误用于上衣，材质水洗未正确使用，图案印花描述不准确。出现<UNK>占位符，自然度差。语言缺乏生动性和购买欲望。
870,高腰的a字版式半裙，提升腰部曲线，拉长身高比例。花朵刺绣让裙子不显单调，吸睛美观。肩部的小v领设计恰到好处，修饰脸型，尽显柔美的气质。搭配七分喇叭袖口，更具有少女感，时尚大方。,干练而展现高雅气质的时尚两件套。温婉而动人的纯白色上衣，大v字领口喇叭袖设计，百搭而彰显优雅气息。搭配的高腰a字半身裙，深黑色的面料和精美的刺绣工艺，雕琢出精致冷艳的视觉美感。,类型#裙*图案#刺绣*裙型#a字*裙腰型#高腰*裙长#半身裙*裙领型#v领*裙袖型#喇叭袖,7.0,准确性方面，包含了所有关键词，但‘肩部小v领’与商品‘裙领型#v领’对应不够精确；生动性上，使用了‘提升曲线’、‘吸睛美观’等词，有一定吸引力，但整体略平实；自然度较好，语句通顺，但‘七分喇叭袖口’表述稍显生硬。综合评分7分。
871,这款假两件设计的连衣裙，是春夏季节必不可少的单品。交叉绑带领口设计，非常优雅得体。同时，其前襟的v字开衩搭配荷叶边装饰，十分俏皮精致。除此之外，它采用了优质的面料，轻薄透气又亲肤舒适，能够满足夏季穿着所需。这样一款时尚百搭的连衣裙让你在盛夏装扮自己轻松<UNK>！,一款时髦简单的新颖连衣裙，甄选优质高级的舒适面料，上身显得尤为亲肤和自然，同时自带大牌感的光泽感，微微显露轻奢气息。加以衣身的精致v领点缀，带出小女人的性感气息。同时甜美荷叶边点缀袖口和裙摆，加以开衩的设计，平添几分优雅气息，更添层次美感。,类型#裙*风格#性感*裙下摆#开叉*裙下摆#荷叶边*裙长#连衣裙*裙领型#v领,6.0,准确性方面，文案提到了v领、开叉、荷叶边、连衣裙，但遗漏了风格#性感、裙下摆#开叉（只提前襟开衩）、裙下摆#荷叶边（只提荷叶边装饰）、裙长#连衣裙（已包含）、裙领型#v领（虽提到v字开衩但非领型）。生动性一般，有“优雅得体”“俏皮精致”等描述，但缺乏亮眼词汇和购买冲动。自然度尚可，但末尾“轻松<UNK>”为unknown token，且全文稍显套路化。
872,浪漫迷人的真丝连衣裙充满了甜美的味道，让人感到非常的舒适惬意。领口处的飘带领设计十分甜美可爱，让你在举手投足间都流露出一种优雅甜美的气质。而腰间的抽绳点缀和飘逸的裙摆使得它更有女人味。加上个性时尚的条纹印花元素，看上去非常的高端大气有型。同时搭配着细腰的细带腰带，也突显出精致的轮廓线。,这款<UNK>抽绳连衣裙采用蚕丝的材质，非常的轻盈，运用竖条纹的印花方式，能给人视觉上的冲击，很好的拉长身体的比例。抽绳腰带的设计，更是将女性甜美气息更好展现出来，非常的不错。,类型#裙*材质#蚕丝*图案#条纹*图案#印花*裙长#连衣裙*裙款式#腰带*裙款式#抽绳,7.0,"优点：语言生动，富有感染力，能唤起购买欲望；自然度较好，无机械感。缺点：准确性不足，关键词中""蚕丝""被误写为""真丝""，且忽略了""竖条纹""这一拉长比例的卖点，也未明确提及""连衣裙""类型。"
873,此款时尚的条纹衬衣是今年特别推荐的流行单品，<UNK><UNK>设计，舒适不紧绷。精致的五分袖设计，彰显利落干净。采用经典的圆领设计加上精美的花边点缀，完美凸显女性性感的锁骨和天鹅颈展现优雅大方气质。下摆拼接设计潮流个性，经典竖条纹的撞色视觉感，时尚不失简约风范体现品味独特魅力。,"这款衬衫采用经典的条纹拼接，不仅丰富了整体层次感，还显出了女性独特的气质。实用圆领款式，包边设计，均匀工整车线，凸显服装的时尚，新潮。撞色条纹拼接袖口，青春感十足，简约不张扬，低调却很有自我格调。俏皮的五分袖设计，视觉看起来性感而又不失端庄，别具一格的袖子设计,凸显出了服装的独特性。底摆做工精致,细条纹收边,不易变形,穿着舒适。整体给人感觉亮丽青春。",类型#上衣*风格#简约*风格#青春*风格#潮*风格#性感*图案#条纹*图案#撞色*衣样式#衬衫*衣领型#圆领*衣袖长#五分袖*衣款式#拼接,6.5,准确性良好，覆盖了多数关键词，但出现<UNK>标记，且未提及“青春”、“性感”、“拼接衣袖”中的袖子设计细节。生动性一般，有“天鹅颈”等亮点，但缺少层次感和购买冲动。自然度中等，部分表述略有机械感，如“彰显利落干净”。
874,清爽的假两件衬衫，让你拥有不一样的时尚潮流，打造不同的穿衣体验。前短后长的弧形下摆，设计感十足具有视觉冲击力，凸显女性的纤细腰身和小腿曲线。条纹的设计也是个性满满，简约大气中透露出小公主气质，彰显青春优雅的魅力。舒适的圆领与五分袖口相结合，展现女性独特的时尚魅力，微透的效果尽显精致和性感。胸口大面积的撞色拼接以及袖口的织带点缀，吸睛亮眼又充满个性。,"这款衬衫采用经典的条纹拼接，不仅丰富了整体层次感，还显出了女性独特的气质。实用圆领款式，包边设计，均匀工整车线，凸显服装的时尚，新潮。撞色条纹拼接袖口，青春感十足，简约不张扬，低调却很有自我格调。俏皮的五分袖设计，视觉看起来性感而又不失端庄，别具一格的袖子设计,凸显出了服装的独特性。底摆做工精致,细条纹收边,不易变形,穿着舒适。整体给人感觉亮丽青春。",类型#上衣*风格#简约*风格#青春*风格#潮*风格#性感*图案#条纹*图案#撞色*衣样式#衬衫*衣领型#圆领*衣袖长#五分袖*衣款式#拼接,8.0,准确性方面，文案覆盖了所有关键词如拼接、条纹、圆领、五分袖等，但未明确提及‘青春’和‘潮’风格，虽通过‘小公主气质’和‘时尚潮流’间接体现，略有不足。生动性较好，使用‘清爽’、‘视觉冲击力’、‘吸睛亮眼’等词汇，能激发购买欲。自然度通顺，无复读或机械感，但‘微透的效果’可能与‘性感’相关，但需确保语境得体。总体优秀，扣分在准确性的细节覆盖上。
875,一款由BRAND推出的翻领衬衣，甄选精选含棉面料打造而成，质感柔软细腻，带来舒适自在享受；采用传统手工包边袖口点缀，增添干练气场的同时彰显对细节的追求；以及经典翻领的款式设计，既起到装饰作用也可修饰出纤细脖颈，再结合精湛立体裁剪，不仅贴合身形还凸显层次感，上身更加随性自在。,经典衬衫版型，遵循布料肌理。立体剪裁，以翻领明门襟的经典造型、配合曲摆的现代人性化裁减，相得益彰，舒适的面料搭配精致缝纫线使成衣领型自然舒展、缝线部位平服工整、牢固耐磨，整体简单素面。面料是棉质的，手感舒适耐磨，单穿或者外搭都非常好看。,类型#上衣*版型#立体剪裁*材质#棉*衣样式#衬衫*衣领型#翻领,8.0,准确性：包含上衣、立体剪裁、棉、衬衫、翻领，但缺少'版型#立体剪裁'中的'版型'字眼，且未明确提及'曲摆'或'素面'。生动性：语言流畅，使用'甄选'、'细腻'、'干练'等词，有一定吸引力。自然度：通顺，无复读，但'传统手工包边袖口'略显刻意，整体良好。
876,这款裙子设计大胆前卫，以深蓝色作为主色调，给人一种沉稳大气的感觉。将水滴的元素运用在裙子上又增加了优雅灵动气质，且前襟以及下摆都加了贴片亮片装饰，让人有种精致华美的感觉。而且腰部还做了收腰设计，可以拉高身段，让双腿看起显得更修长笔直，非常显身材的小香风样式裙子。,重工亮片裙，静谧的夜空，深蓝底，亮片蝴蝶，华丽丽的<UNK>，穿上给人一种神秘的奢华感，更是流露出无以复加的梦幻气息，上身仿若<UNK>，两根细细的肩带道出专属于女人的似水柔情，给人清爽感受的同时传递着打动人心的美感。收腰放摆的经典廓型，美好修饰女性的身材曲线！裙摆在透视纱的笼罩下，上身有一种朦胧梦幻缥缈的美丽。,类型#裙*颜色#深蓝色*裙款式#亮片*裙款式#收腰,6.0,准确性较好，包含了'深蓝色'、'亮片'、'收腰'，但未明确提及'裙款式#亮片'和'裙款式#收腰'的完整描述，且缺少'蝴蝶'元素；生动性一般，用词如'沉稳大气'、'优雅灵动'有一定吸引力，但缺乏参考答案中的梦幻感和奢华感；自然度较高，语句通顺，但'小香风样式'与亮片裙主题略有偏离，整体机械感不明显。
877,这款来自candie’s的格纹鱼尾半身裙，时尚又充满活力。经典而又不失摩登风的格纹设计，充满了俏皮感。宽松的大摆飘逸动人，结合不规则的鱼尾裙摆，更显得浪漫优雅。而且腰部松紧设计更加贴合腰身，轻松遮肉显瘦彰显曲线。,这一款半身裙不规则裁剪的设计，穿着新颖别致自然出彩。不挑人的合体微宽松版型，包容性很好，藏肉于无形穿着显瘦。特别是迷人的格子装饰，丰富视觉自然减龄。鱼尾大摆，随风摇曳韵味十足。,类型#裙*版型#宽松*版型#显瘦*图案#格子*裙型#大裙摆*裙型#鱼尾裙*裙长#半身裙*裙款式#不规则,8.5,准确包含了所有关键词，语言生动有吸引力（如'时尚又充满活力''浪漫优雅'），自然度较高，无明显机械感。略微不足是未突出'显瘦'和'藏肉'等卖点，但整体优秀。
878,这款卫衣整体采用低调沉稳的灰黑色调，尽显优雅干练气质；充满青春活力气息的红色条纹点缀其中，丰富色彩层次的同时，也带来浓浓的校园风，衬显出女孩清新的学院感与独特的魅力；加上经典的连帽设计，散发出率性的街头风范；搭配可爱的<UNK>和抽绳设计，打造慵懒随意范；而利落的修身剪裁配合舒适的宽松裁剪，结合短款的版型设计，穿着舒适又遮肉显瘦。,这款卫衣是经典的灰色款，色调清新柔和，上身更显肤色白皙！宽松的短款设计，对身材的包容性更大，上身遮肉显瘦。舒适的连帽设计，领口采用气眼抽绳的设计，上身实力减龄。衣身下摆和袖口处，采用彩色亮丽的条纹装饰，更显时髦率性的街头范儿！,类型#上衣*版型#宽松*版型#显瘦*颜色#灰色*风格#街头*风格#清新*图案#条纹*衣样式#卫衣*衣长#短款*衣款式#抽绳*衣款式#连帽,6.5,准确性尚可，包含大部分关键词，但漏了‘清新’风格，且多出了‘灰黑’而非‘灰色’；生动性一般，部分表达稍显生硬（如‘利落的修身剪裁配合舒适的宽松裁剪’矛盾）；自然度中等，有‘<UNK>’错误标记，整体较通顺但有机械感。
879,这款纯白色底色的连衣裙，在整体的设计上看似简单但并不单调。腰节处的剪裁拼接的腰部造型非常具有层次感，上身效果显得胸廓较小而不显大肚子；插肩袖的版型设计能够起到修饰手臂的功效，让你不必为微醺的拜拜肉而自恼。裙子还做了开叉处理，更加凸显年轻气质。,这款连衣裙别出心裁的与通透的梭织拼接，打造出轻盈飘逸宛如仙女般的气场，着实是惊艳四方。半高的领型，能更好修饰颈脖曲线，插肩袖型自带闲适风范，上身倍感轻松舒适，开叉的裙摆，若有若无的透出纤细的小腿，引人无限遐想，好不诱惑，行走间更显灵动十足。,类型#裙*裙下摆#开叉*裙长#连衣裙*裙袖型#插肩袖*裙款式#拼接,5.5,准确性较好，包含了关键词如拼接、插肩袖、开叉，但缺少裙长、裙下摆、连衣裙（虽已隐含）。生动性不足，语言较平实，缺乏原文的仙气、灵动感，购买欲望激发弱。自然度一般，部分表达如‘胸廓较小而不显大肚子’略显生硬，整体通顺但有个别瑕疵。
880,这款衬衣的版式基础而大方，采用经典的圆领设计，穿着起来舒适好穿而且还能修饰颈部线条和脸形轮廓；下摆处配有同色系的织带作为过渡装饰点缀，增添了几许俏皮童趣气息，同时搭配着宽松直筒的款式，展现出简约不失摩登范的气质范儿。再加上袖子上融入刺绣英文字母与花朵的组合点缀，更能够突出时髦高阶的美观度，结合腰间的可调节系带，凸显出迷人的身形曲线。,衬衫采用经典圆领设计，优美的领部弧形线条，唯美动人。衣身正面设计字母绣花标贴，小设计大亮点，提升衬衣层次感。宽松的衣袖，以可拆卸的圆环系带装饰，造型新颖独特。简约直筒下摆，不挑人穿着，包容性佳。,类型#上衣*版型#宽松*风格#简约*图案#字母*图案#文字*图案#线条*图案#刺绣*衣样式#衬衫*衣领型#圆领*衣门襟#系带,6.5,准确性方面，文案包含了大部分关键词（如圆领、宽松、字母、刺绣、系带等），但缺少对'线条'和'简约'的明确提及，且'织带'与'系带'有偏差。生动性方面，语言较为丰富，使用'俏皮童趣'、'时髦高阶'等词，有一定吸引力，但部分描述略显夸张（如'迷人曲线'与宽松版型矛盾）。自然度方面，整体通顺，但略有啰嗦和机械复读感（如多次出现'点缀'），且'腰间的可调节系带'与商品关键词'衣门襟#系带'位置不匹配。
881,一款气质仙气的连衣裙，采用独特的斜肩设计，在加上后背蝴蝶结的装饰，展现出女性的优雅迷人魅力；时尚个性的v领剪裁，搭配精致的珍珠点缀，更显得娇俏迷人；浪漫唯美的拼接收褶蕾丝拼接面料，凸显出精致感与细节美感；时髦的不规则荷叶摆造型，彰显你的大气和个性范儿！流行气息爆棚！,v领设计的这款连衣裙，再于前襟加入褶皱流行元素，打造出层次丰富的视觉效果，同时也更衬精致小巧脸型。采用钩花蕾丝拼接而成的后背，上身更是女人味十足。不规则裁剪的荷叶裙摆，以及腰部的蝴蝶结系带，灵动间又带点俏皮感。,类型#裙*材质#蕾丝*风格#青春*图案#蝴蝶结*图案#蕾丝*裙长#连衣裙*裙领型#v领*裙衣门襟#系带*裙款式#拼接*裙款式#抽褶*裙款式#不规则,6.0,待评测文案漏掉了关键词'图案*蝴蝶结'，且错误描述了'斜肩设计'和'后背蝴蝶结'（实际是前襟和腰部蝴蝶结）。语言生动但缺乏重点，存在复读（如'蕾丝'重复），部分句子不自然。
882,这款格纹裙拥有别致的版型和独特的外形设计，上身很显气质的淑女格调。选用文艺的格纹元素点缀衣身，充满怀旧复古的气息，打造出了随性而不简单的时尚感。此外还有超长的版型和高腰的款式搭配出的气场也是无人可以匹敌的，走动起来尽显洒脱的帅气美感。高腰的长款大裙摆很有飘逸动人的效果，整体造型显得女性气质十足。,裙身延用了经典的格纹图案，设计风格非常复古文艺，层次感十足。运用了高腰的设计，凸显身材比例，塑造迷人腰肢。蓬松飘逸的大摆长裙，仙气十足，穿着优雅得体，上身舒适感很好。彰显淑女气质，十分温柔甜美。,类型#裙*风格#淑女*风格#复古*风格#文艺*图案#格子*图案#复古*裙型#大裙摆*裙腰型#高腰*裙长#长裙,7.5,文案包含了所有关键词，语言生动且有一定吸引力，但部分表达略显夸张（如'气场无人可匹敌'），整体自然度较好，但最后一句'整体造型显得女性气质十足'不如参考答案的'淑女气质'精准。
883,这款非常唯美的连体裤，采用的是优质的吊带+裙子款式设计，不仅穿着舒适清爽，还多了一份性感的味道。领部采用了一字的设计，露出脖颈的肌肤，将颈部曲线完美的呈现出来，同时还有修饰脸型的效果，让整个人看上去更加的干练有气质。另外选用上垂顺度非常好的雪纺面料制作而成，亲肤透气，贴身穿也是非常舒适的，质感轻盈且柔软无比。腰部设计了加宽的松紧腰带，弹性很大，不束缚腰部，穿脱时也很方便省心，结合飘带的装饰，还增加灵动的气息。加上小高腰的版型，还能拉伸腿部线条的比例，轻松展现大长腿哦。,很性感的一件雪纺露背连体裤，给人的感觉就是仙仙的，很有灵动感！整个版型可以说是很有设计感，小高腰的设计提拉腰线，显得上下身的比例就很好看。加上腰部又是做了橡筋松紧的设计，不会限制腰的围度，穿脱起来也是很方便的。后背是做了恰到好处的露背设计，但是这个露背又不会显得太夸张，还加了一个飘带设计，更灵动飘逸，整个背部线条会显得更迷人，小性感。,类型#裤*材质#雪纺*风格#性感*图案#线条*裤长#连体裤*裤款式#松紧带*裤款式#飘带*裤腰型#高腰*裤腰型#松紧腰,6.5,准确性：未包含'露背'、'线条（图案线条）'、'裤长连体裤'（部分提及但未明确裤长），且错误描述了'吊带+裙子款式'（应连体裤）；生动性：语言较平实，但缺乏性感、灵动等感染力；自然度：通顺无复读，但'吊带+裙子款式'不合逻辑，整体机械感较强。
884,采用经典竖条纹元素设计的衬衫式连衣裙，看起来时尚减龄。小翻领凸显优雅气质，搭配上衬衫袖的细节处理，显得端庄干练又清爽利落。腰部带有系带的风格设计，可以自由调节松紧度，收腰效果很好，上身之后修身显高挑。下摆则是开衩的造型设计，整体看起来更有飘逸感。,衬衫式的设计让这款连衣裙展现出一种利落大方的感觉，尤其是搭配了气质小翻领和衬衫袖的设计，更加的稳重、自信，展现出都市女性的独立、干练。竖条纹的设计，不仅能够起到视觉显瘦的效果，也让裙子看起来更有立体感。腰间的系带既收腰显瘦，又提升气质。,类型#裙*版型#显瘦*图案#条纹*裙长#连衣裙*裙领型#翻领*裙袖型#衬衫袖*裙衣门襟#系带*裙款式#衬衫式*裙款式#收腰,8.5,文案准确包含了所有关键词，语言生动有吸引力，使用‘经典’、‘优雅’、‘干练’等词汇增强购买欲，自然流畅无机械感，但‘自由调节松紧度’略显冗余，整体略逊于参考答案的简洁有力。
885,这款格纹卫衣在<UNK>的设计手法上采用了假两件设计，内里加绒的织带装饰，带来满满的复古气息，而且防风又保暖，上身效果让人感觉很有调性，下摆和袖口的织带边也是加宽加厚工艺处理，穿着起来更具有活力时尚气息，搭配上一款长裤，就能穿出满满的英式复古范。而它的面料则是属于基础款卫衣面料的材质，手感柔软，穿着也舒适透气不扎肌肤。款式比较宽松百搭。适合毛衣或者衬衣里面单穿也是一件不错的单品~,此款阔腿裤选用优质面料，顺滑挺括，垂感度佳。宽松的裤腿设计，不<UNK>，轻松修饰纤细笔直双腿。格纹元素的装点，赋予整体复古韵味，优雅大气。腰部花形穿绳，可随意调整大小，兼具实用度与美观度。无论是搭配毛衣还是卫衣，都不在话下，轻松化身时尚icon。,类型#上衣*版型#宽松*风格#复古*图案#格子*图案#复古*衣样式#卫衣*衣样式#毛衣,6.0,准确性方面，未涉及“毛衣”和“裙子”关键词，且“图案”相关表述不够突出；生动性一般，虽有描述但缺乏情感共鸣；自然度尚可，但存在“不<UNK>”等占位符和些许冗余表述。
886,春季已经到来了。是不是该准备一件皮衣来凹造型啦？这款半高领修身短款的机车皮衣，时尚百搭的同时也修饰出纤细身材曲线美哦。同时经典的灰色也很吸睛呢，走在人群中一眼就能注意到你哈～所以妹纸们还等什么呢？,小半高领今年很流行，保暖<UNK>气质，很有特色的是从上到下共五层不同宽窄的竖条状，上面采用<UNK>修身，<UNK>下面越宽条衬出女人的大方优雅，别致款！墨灰色颜色特别适合搭配长款大衣整体有气场短款外套也可以,类型#上衣*版型#显瘦*颜色#灰色*风格#青春*衣样式#外套*衣领型#半高领*衣长#短款,6.5,准确性上，漏掉了‘衣样式#外套’、‘衣领型#半高领’、‘衣长#短款’等关键词，且误将‘皮衣’作为外套样式，与关键词‘外套’不符；生动性较好，使用了‘凹造型’、‘吸引眼球’等口语化表达，有一定的购买欲望；自然度尚可，但‘皮衣’与关键词不一致，且‘半高领修身短款’描述不够准确，整体略显机械感。
887,黑色的鱼尾式连衣裙，端庄优雅的气息扑面而来，而且百搭不过时，实穿性非常强。干练帅气的立领设计，轻松露出优美的天鹅颈曲线，在修饰颈部线条的同时尽显女人味儿。个性的半开襟装饰设计，彰显个性气质。下摆处的层次拼接造型甜美仙气十足，举手投足间散发着一种名媛气息，轻熟而不失高贵感。后背一粒扣点缀性感指数飙升。,经典的黑色连衣裙，同时象征女性端庄优雅的品质。恰到好处的领口拼接设计，气质性感。立领的设计，时髦摩登，搭配透视的小斗篷，修饰手臂线条，又美观大方。下摆的鱼尾拼接设计，凸显女性高贵的气质，每个细节都彰显着女性妩媚动人性感十足的气质。,类型#裙*颜色#黑色*风格#高贵*风格#性感*图案#线条*裙型#鱼尾裙*裙长#连衣裙*裙领型#立领*裙款式#拼接,8.0,准确性高，涵盖所有关键词；生动性较好，使用了‘端庄优雅’、‘名媛气息’等词，但‘干练帅气’稍显矛盾；自然度尚可，略有模板感，整体通顺。
888,裤子是阔腿的版型对于女性来说是一种解放腿型的利器不仅舒适还很好搭配，而米白色的色调有一种中性的硬朗感非常适合职场上需要展现自身专业性的女性朋友们。采用了带有肌理感的亚麻面料，上身非常透气亲肤适合夏季穿。可调节腰围设计可以自由随心改变贴合度更加舒适。,米白色的亚麻长裤设计，米白是亚麻的精致代表色，非常的美观和大气，几乎是完美的百搭色，自带典雅气质，亚麻更是舒适和透气的最好材质。收腰设计具有时装的装饰美感，也能很好的修饰身材曲线，金属扣带来质感碰撞，阔腿裤具有职场美感，也有率性气质。,类型#裤*材质#亚麻*颜色#米白色*风格#职场*裤长#长裤*裤型#阔腿裤,7.5,准确性较高，包含了所有关键词；生动性良好，使用了‘解放腿型’、‘硬朗感’等表达，但缺乏一些精致感；自然度一般，部分语句略显机械，如‘裤子是阔腿的版型对于女性来说’可优化。
889,这款裤子是春季出游凹造型不可或缺的时尚单品之一！整体是纯黑色的基调搭配两侧的白色线条。尽显个性潮流气息，休闲感满满，同时，在两边的臀部加入了别致的蝴蝶结系带的设计，打造出吸睛大亮点，展现青春活力之感，同时又不失俏皮可爱少女气质；再结合<UNK><UNK>字母logo刺绣元素的加入，则更是带来了时髦而又独特的感觉。再加上个性的宽松束脚裤型，不挑身材又十分的百搭实穿。最后又辅以舒适的弹性腰围。简约而不简单。,宽松舒适的黑色休闲裤与呆萌的校服<UNK>类似，有了个性的扣环织带、刺绣字母边线的助攻，尽显时髦前卫的潮流范。简洁的束脚设计，营造了裤管的空荡感，让你的腿型更加纤细修长。贴合身形的松紧腰，分割精细，凸显纤细身形，更显休闲感。简约的斜袋设计，方便携带小物件，插兜街拍更有型。,类型#裤*版型#宽松*颜色#黑色*风格#简约*风格#休闲*风格#潮*图案#字母*图案#文字*图案#刺绣*裤腰型#松紧腰*裤口#小脚,6.5,准确性方面，遗漏了关键词'刺绣'（虽然提到字母刺绣但并非准确对应）、'裤腰型'（松紧腰提及但未强调）、'裤口'（小脚提及为束脚）、'图案'（字母和文字有但未概括）。生动性较好，使用了'吸睛大亮点'等词汇，有一定购买欲。自然度方面，部分表述略显机械，如'不挑身材又十分的百搭实穿'，且包含<UNK>标记影响通顺。综合评分6.5分。
890,这款连衣裙的全身设计亮点在于系带的收腰元素，上身之后让你轻松的勾勒出腰部的曲线轮廓同时搭配上露肩以及碎花这样的元素，整体的气质都变得更加的活泼减龄了。而且整款的设计也采用了一种褶皱的方式，层次感非常的丰富。,精致大方的时尚连衣裙，运用了露肩的设计，露肩配合双层的荷叶摆，展现小女人的柔美姿态。腰部采用了褶皱的收腰设计，勾勒出俊美优雅的动感身姿。配合领口的飘逸系带，更显真挚的时尚魅力。唯美大方的碎花点缀，焕发着典雅的气息。,类型#裙*图案#碎花*裙长#连衣裙*裙衣门襟#系带*裙款式#露肩*裙款式#抽褶*裙款式#收腰,6.0,准确性部分，未包含‘裙长*连衣裙’和‘抽褶’中的‘抽’字（提到褶皱但未明确‘抽褶’），但主要元素系带、收腰、露肩、碎花已涵盖，故扣分。生动性一般，表达较平淡，缺乏画面感和情感张力，购买欲望不强。自然度尚可，但‘亮点在于系带的收腰元素’和‘整体的气质都变得更加的活泼减龄了’略显机械，不够流畅。
891,少女感爆棚的一款拼接两件套连衣裙来啦！别致的三层设计，让你在行走间尽显法式优雅和浪漫气息！温柔而甜美的粉色调点缀了整体的基调感，轻松营造柔美浪漫的体验；搭配上精致的v字小立领剪裁，显得你的脸庞愈发娇小迷人；同时再以条纹装点裙摆，勾勒出纤细修长的腿部曲线美；而它的高腰分割线处理又凸显出了盈盈一握的小蛮腰，举手投足间散发自信的魅力与风情。,连衣裙用粉色做基调，充满少女的活泼感，衬托肤色白皙细腻。v领领口设计可以修饰脸型显脸小，又展露精致锁骨，散发迷人魅力。高腰设计在视觉上拉长了腰线，凸显大长腿显人更高挑。裙身竖条纹设计，丰富视觉效果，展现女性柔美气质。,类型#裙*颜色#粉色*图案#条纹*裙腰型#高腰*裙长#连衣裙*裙领型#v领,7.5,文案整体通顺，生动性较好，但准确性有缺陷：未包含裙型#连衣裙（描述为拼接两件套连衣裙，不准确），且套用了小立领而非v领。自然度尚可，部分表述稍显堆砌。
892,裙身的褶皱造型，上身之后可以很好地掩饰臀围的缺陷问题，同时也令整体都充满了立体灵动感。侧边的假口袋设计，起到了很好的装饰作用的同时，又方便放置贴身小物。腰间有收紧带的设计，让腰线看起来更加的高挑。大蝴蝶的图案点缀在上衣的面料之上，结合花边的袖口和领口设计，瞬间就能营造出甜美动人的既视感。上半身与下半身的色彩对比，带来鲜明的层次，让整件上衣看上去更加的靓丽别致富有个性。配合着及踝的长款半裙设计，更显气质出众。胸前还贴心地做了两个对称的小口袋，让收纳变得便利且美观大方。,设计师用花边的设计，在半身裙的后面做了两个夸张的对称口袋，设计很特别。用褶皱花边最大程度上打造视觉上的甜美感觉，并没有显得很突兀。,类型#裙*裙下摆#花边*裙长#半身裙*裙款式#口袋*裙款式#抽褶*裙款式#对称,5.5,待评测文案未包含关键词‘花边’、‘半身裙’（实际为‘长款半裙’，但半身裙指长度）和‘抽褶’（褶皱虽提及，但非抽褶工艺），且描述的上衣和半身裙并非同一单品，与商品关键词不符；语言较生动，但有重复感，如‘设计’多次出现；通顺但部分描述（如‘及踝的长款半裙’）与关键词‘半身裙’冲突，整体与参考文案立意相悖。
893,<UNK>这款衬衣面料选用纯棉，透气舒适健康；前开襟设计，让穿着者随意地搭配外套衫或者单穿；胸前贴袋，彰显女性帅气，而且美观大方实用方便；经典的衬衫小翻领剪裁，突显颈部优美线条，时尚利落；宽松的落肩袖，不仅修饰了肩部的线条，而且活动随性自在没有束缚感，显得精神干练有气质；灰和蓝色的两种颜色选择，百搭不挑人、实穿率高。,今年大火衬衫，这件衬衫的配色格外的独特，蓝色的色调配上淡淡的棕色，上身之后<UNK>了撞衫的尴尬。<UNK>上宽松的版型，柔化了肩部与手臂上的线条，显得纤瘦娇小。小翻领的设计，更好的修饰了颈部的线条。全棉的材质穿着更透气舒适。,类型#上衣*版型#宽松*材质#棉*颜色#蓝色*图案#线条*衣样式#衬衫*衣样式#衫*衣领型#翻领*衣袖型#落肩袖,6.5,准确性方面，待评测文案覆盖了所有关键词（棉、宽松、蓝色、线条、衬衫、翻领、落肩袖），但未提及'衫'（虽已含'衬衫'，但'衫'作为单独词缺失）。生动性中等，使用了'帅气''干练'等词，但整体略显平实，缺少参考答案中'淡棕色'等独特配色描述带来的视觉冲击。自然度一般，部分语句如'灰和蓝色的两种颜色选择'有轻微机械感，且与参考答案相比缺乏细节润色。综合评分6.5。
894,这款连衣裙采用了经典的a字型的剪裁，修身又十分显瘦，能够很好地修饰身体曲线；而领口点缀的珍珠扣设计看起来十分的时尚有型。整体造型呈现出立体的层次感，且不显单调，衣身的下摆设计独特新颖。加入了立体褶皱的设计与衣身相得益彰，穿着非常的帅气有个性，为整件衣服增添了休闲之感。而且线条处理圆润，使裙子更加挺括，上身效果十分有范儿，整体给人一种干练而大方的既视感受。这样青春活泼又减龄的连衣裙，可以穿出不一样的少女气息。,玛玛绨连衣裙a字版型的裙式设计，少女感十足，洋溢着满满的青春俏皮范儿，穿着巧妙的减龄。a字<UNK>显瘦的效果也十分的出色。<UNK>的裙摆，隐藏住调皮的赘肉，衬托出更纤细修长的腿部线条。较高的包容度也方便不同身型的女生穿着。裙身随意的褶皱，更为整体增添了一丝休闲感。百搭又减龄的款式，轻松的凹凸你的造型。,类型#裙*版型#显瘦*风格#休闲*风格#青春*图案#线条*裙型#a字*裙长#连衣裙*裙款式#抽褶,6.0,准确性：缺少部分关键词。未提及'风格#青春'和'风格#休闲'，'裙款式#抽褶'隐含但未明确体现。生动性：语言较丰富，但存在不一致，如'帅气有个性'与'少女气息'矛盾，降低购买欲。自然度：整体较通顺，但'线条处理圆润'表述不自然，且'穿着非常的帅气有个性'与商品风格不符。
895,精致秀气的木耳花边立领加上飘逸的喇叭袖的设计，完美诠释出了优雅女性的独有韵味。清新的蓝白色格纹设计，让裙子显得更加减龄活力，而且还有着很好的防晒作用。不规则的腰节线拉长了整条腿的比例线条感，穿起来凸显曼妙的身材曲线。腰间和袖口的荷叶花边元素以及裙摆在重工制作后看起来有自然的褶皱肌理呈现出流畅感，与袖子上的喇叭袖形成相互呼应之美，腰部的小系带可以随意打结穿着也可以固定住。与下半身拼接透视网纱的小香风半裙有着完美的融合效果，带来丰富的层次变化更时尚个性。,木耳边半立领，增添褶皱即视感，塑造花边效果，俏皮清新甜美可爱，进一步拉伸颈部线条，提升你的气质。袖口设计为系带结合，塑造喇叭袖造型，展现少女气息，轻松减龄。搭配同色系半身裙，网纱面料拼接，不规则裙摆，更显飘逸与大气，随着你的走姿翩翩起舞，引人注目。整体设计为同色系的两色搭配，形成渐变效果，拒绝单一丰富色调，靓丽清新，打造森系少女形象。,类型#裙*材质#网纱*风格#清新*图案#渐变*图案#线条*裙下摆#花边*裙长#半身裙*裙领型#立领*裙袖型#喇叭袖*裙衣门襟#系带*裙款式#拼接*裙款式#木耳边*裙款式#抽褶*裙款式#不规则,7.5,文案覆盖了大部分关键词，但缺少'渐变'和'线条'（图案）以及'不规则'（裙摆）等，准确性有提升空间。语言较为生动，如'完美诠释优雅韵味'、'重工制作'等，能激发购买欲，但个别表述稍显冗长（如'与下半身拼接透视网纱的小香风半裙有着完美的融合效果'）。整体通顺，但少量AI用语痕迹（如'呈现出流畅感'）稍显生硬。综合评分7.5。
896,小a字的版型设计，在拉长下身比例的同时显得腿部更加纤细修长。腰部采用松紧收腰的设计风格搭配上同色系的刺绣面料装饰更显立体感十足，袖口和领口的精致蕾丝花边点缀尽显优雅气质。,采用利落的剪裁工艺，将胸腰曲线展现的十分立体，收腰的设计，展示出你纤细傲人的身材。a字裙摆自然展开，弥漫出优雅的气息。袖子部分采用刺绣的设计，增添浪漫唯美的气息，饱满圆润的珍珠扣装饰，泛出莹润的雅致光泽，蕾丝装点添出一份小女人的柔美气息。,类型#裙*材质#蕾丝*图案#刺绣*图案#蕾丝*裙型#a字*裙款式#收腰,7.5,待评测文案包含了所有关键词（类型#裙、材质#蕾丝、图案#刺绣、图案#蕾丝、裙型#a字、裙款式#收腰），准确性满分。生动性上使用了‘拉长下身比例’‘纤细修长’‘立体感十足’等表述，但略显平淡，缺乏珍珠扣等细节的描绘，购买欲不算强烈。自然度上语句通顺，但‘袖口和领口的精致蕾丝花边点缀尽显优雅气质’稍显模板化，整体没有明显机械感。综合打分7.5。
897,BRAND<UNK>这款长款大衣的版型设计十分出众，采用流畅的剪裁手法搭配极简的设计风格完美呈现你的高姿态。精致的翻领剪裁既凸显了衣体的挺括有型而又贴合你优美的手臂线条。袖口的毛边点缀更是独具匠心充满特色，在丰富衣体美观性的同时更展现出你不凡的品质品味以及独到的审美眼光。除此之外，经典优雅的花呢面料更是为这件外套注入了几分别样的韵味，彰显独特个性。,小外套使用翻领设计，剪裁简洁，给人干净利落的感觉，展现女性少有的帅气。制作工艺匠心独运，线条流畅，将优雅和时尚结合起来，衬托女性气质。款型设计贴身，修饰女性身材。材质优良上档次，做工精细展现不凡品味，适合多种年龄层、多种场合穿搭。,类型#上衣*图案#线条*衣样式#外套*衣领型#翻领,6.5,准确性方面，文案包含翻领和线条，但未提及'上衣'和'外套'（商品为外套，但文案写'长款大衣'，虽相关但非完全一致），且未出现'类型#上衣'对应的具体描述，关键词覆盖不完整。生动性方面，语言较有表现力，但部分表述如'高姿态'、'品质品味'略显堆砌，可能削弱购买冲动。自然度方面，整体通顺，但'BRAND<UNK>'占位符影响流畅性，且'既凸显了...而又贴合...'的句式略有机械感。综合评分6.5分。
898,这件皮草外套整体上给人的感觉就是有点小帅气的味道，尤其是它的翻领设计，能展现你帅气的一面，又能在领口出修饰你的脖颈线条，让你的颈部看起来更加的优美和纤细。而胸前的气眼装饰则是为了满足你穿搭上的需求，让你在穿着<UNK>能够自由选择风格和造型。,在简单利落的外套上融入利落的翻领设计，呈现出穿着者独有的率性气息，剪裁自然流畅，领边规整而又精致的走线。从视觉上拉高了颈部的线条，结合立体干练的版型，上身就能体现无懈可击的时尚调性。,类型#上衣*图案#线条*衣样式#外套*衣领型#翻领,7.0,准确性方面，文案涵盖了上衣、线条、外套、翻领等关键词，但未明确提及'衣样式'，且出现<UNK>占位符，略有不足。生动性上，语言较为亲切，使用了'小帅气'等表达，但修饰语略显重复，吸引力一般。自然度较好，语句通顺，但'领口出'等小语病和结尾的<UNK>影响流畅度。综合评分7分。
899,"<UNK>的设计师带来的这款卫衣，以经典的高领设计加持，修饰出立体且柔美的颈部线条；结合套头的款式裁剪，简洁百搭而又不失干练的气质美态。而胸前个性十足的<UNK>,与后背的双眼logo设计相呼应，营造出一种与众不同的时尚风格；再加以经典的黑白配色作为呈现，更为摩登与大气。",这款卫衣是一件不挑身材的版型，黑白两色基础的色系都非常百搭，卫衣套头的，前面扣子敞开v领的效果，修饰颈部的线条，扣上就是高领的效果，无论是单穿或者是做内搭，都非常好看。,类型#上衣*颜色#黑白*图案#线条*衣样式#卫衣*衣领型#v领*衣领型#高领*衣门襟#套头,5.0,准确性：待评测文案缺少'v领'和'衣门襟-套头'的关键词体现，且包含未知占位符'<UNK>'，不完整；生动性：语言较有文采，但未突出'不挑身材'和'百搭'等卖点，购买欲望不足；自然度：通顺但略显生硬，机械感较强。
900,裙子的裙身部分使用了提花的工艺装饰，显得很有层次感。而且还有修身的效果，裙子<UNK>采用镂空的肌理设计，增添裙摆的立体感。裙身的中间还有收腰的设计点缀其中，从视觉上呈现出优美的腰部线条，打造你完美的身材比例。,以修身收腰的版型勾勒出优雅的裙装，展现出纤细的腰身和修长的腿部线条。在清爽镂空的面料上加入别致的钉钻点缀，平添几分俏丽感，搭配清雅淡雅的色调，赋予衣衫浪漫的气质。,类型#裙*版型#显瘦*图案#线条*裙款式#勾花镂空*裙款式#收腰,4.0,待评测文案包含了部分关键词（提花、修身、镂空、收腰、线条），但缺少'裙款式#勾花镂空'中的'勾花'（仅提花），且'<UNK>'表示未识别词，影响完整性。语言较直白，缺乏生动性和购买欲望，如'显得很有层次感'、'打造你完美的身材比例'较模板化。句子通顺但存在复读感，如'裙子的裙身部分'、'裙身中间'，且最后一句与前半部分重复'收腰设计'。整体评分较低。
901,这一款时装的收腰包臀版型设计，巧妙的修饰身形，让纤细曲线展现出来。结合旗袍半袖，精致美丽修饰手臂。特别是精湛的绣花装饰，立体时尚复古雅致。加上盘口鞋穿着方便利落自然出彩，显得特别优雅得体。整件旗袍短裙都是手工缝制而成，而且做工很精致。,复古的刺绣工艺，经过现代时尚的演绎，展现出女性柔美气质，同时增强时尚气场。中短裙的版型设计，飘逸的裙摆，小个子也可以穿出大长腿的既视感。精致的后领盘扣设计，古典雅致，衬托出女性独有的韵味。收腰的版型剪裁，勾勒出曼妙身姿曲线。,类型#裙*风格#复古*图案#复古*图案#刺绣*裙长#短裙*裙款式#盘扣*裙款式#收腰,6.0,准确性方面，关键词覆盖不全，缺少“盘扣”和“短裙”，且多出“盘口鞋”等无关内容；生动性一般，有“立体时尚复古雅致”等表述，但整体略显平淡；自然度欠佳，部分语句不通顺，如“显得特别优雅得体”前文衔接不够紧密，带有机械感。
902,来自BRAND的女童瑜伽裤采用经典的九分裤剪裁设计，不仅能非常好的遮掩住女孩的双脚肌肤，使上身穿着尽显利落感十足；同时也能提升气质减龄，把女性对生活的热情、对流行的追求及<UNK>融合在一起，呈现时尚流行的现代都市摩登味道。而直筒的版型轮廓线清晰流畅，不仅非常舒适自在且毫无紧涩束缚感外，还具有性感又不失时尚的气息，在视觉上还可以修饰宝贝细长双腿，将腿部的不足之处巧妙的覆盖与修饰。结合高腰的设计，不仅能有效的提高腰线，还能起到拉长整体身材比例的作用；穿上它让你家的小公主出门成为一道亮丽的风景线哦~,这款休闲裤走的是青春时尚的风格路线，尽显出你的与众不同的个性，体现出你的帅气气场，不失自信的一面。采用了直筒的版型，带来舒适自在的体验感。配合高腰的腰型设计，尽显出纤瘦性感的一面，九分的裤长细节，突显出时尚个性的一面。,类型#裤*风格#青春*风格#性感*裤长#九分裤*裤型#直筒裤*裤腰型#高腰,5.0,准确性方面，待评测文案包含了除性感外的所有关键词，但缺少风格词‘青春’和‘性感’，且对象是女童与商品关键词不符。生动性方面，语言较丰富，但广告语感过强，稍显堆砌。自然度方面，存在‘<UNK>’错误，部分句子如‘能将腿部的不足之处巧妙的覆盖与修饰’略显冗余，整体通顺但不够简洁。
903,"松紧的收腹设计,穿着不会勒肚子。平整的下摆设计不挑人穿,腰线的位置比较高适合大多数身材的女生可以视觉显出高挑的身形哦！裤子是九分的长度，露出脚裸显瘦哦~侧边的斜插口袋,时尚实用!裤脚处微微<UNK>设计,不会觉得很单调,整体的简单素色的基调,非常简约的一款。",经受的强大的考验才会被人们所信赖的BRAND，以其出色的设计理念吸引你的眼球。这条运动裤看着简简单单，实际上却是满满的心机小细节，整体简约而不简单，九分裤的设计，显瘦的同时还能拉长身材比例，让你穿上运动裤也能分分钟变大长腿，细节处的口袋和褶皱松紧裤腰，走向干净利索，彰显高超技术，精致logo凸显质感。,类型#裤*版型#显瘦*风格#简约*裤长#九分裤*裤款式#口袋*裤款式#抽褶*裤腰型#松紧腰,5.5,准确性方面，关键词完整但'口袋'缺少抽褶；生动性一般，口语化但缺乏亮点和购买推力；自然度尚可，但'微微<UNK>设计'有乱码，且部分句式略显重复。
904,整体修身廓形设计，搭配前短后长的剪裁手法，可以修饰腿部比例拉长腿部曲线。微喇的裤脚可以减少裤子带来的束缚感，又可以在视觉上有显瘦的效果。松紧腰带设计能够贴合腰部没有压力穿着舒适更轻松、百搭。对称的一字大口袋设计简约美观，可以随身放置一些东西很实用更有范。九分的长度露出纤细裸踝可以显高又有气质。前后的分割线打破了单色的单调性更显时尚和个性美。有质感的面料垂坠挺括很有质感。,简约不简单的一款裤装，后身松紧收腰设计，时髦显瘦展现优美比例，释放女性姣好身形；前后多口袋点缀，实用方便不乏俏皮，同时还让潮女插兜街拍更有型。匠心的九分的设计，隐约露出一丝打破你的一本正经，无意间让你吸睛无限；不甘于平平无奇，耳目一新的褶皱细节，更显前卫和别具腔调。,类型#裤*版型#显瘦*风格#简约*裤长#九分裤*裤款式#口袋*裤款式#抽褶*裤腰型#松紧腰,6.5,准确性方面，关键词覆盖较全，但未明确强调‘显瘦’和‘抽褶’（虽提及褶皱细节，但未点明‘抽褶’）。生动性一般，描述偏客观，缺乏情感煽动和场景激发。自然度尚可，但‘垂坠挺括很有质感’重复‘质感’，略有机械感。整体表现中等。
905,一款个性十足的牛仔短外套。设计师采用了一字肩的版型设计，展现出你的迷人肩部曲线和白皙细腻的肤色。金色的金属环点缀出奢华的感觉，同时让<UNK>都看起来更加立体逼真，袖子上的抓纹效果增添一丝青春活力范儿，时尚满分！门襟采用了拉链的设计，穿脱非常方便，而牛仔裤经过水洗工艺处理，带来复古感。,这款一字肩做旧水洗牛仔外套，妥妥的时尚又百搭的初春单品。短款的设计，<UNK>同时还拉长身材比例。复古的旧金色拉链和好玩的主题<UNK>四合扣，给衣身注入了新鲜的活力，不管怎么搭配都很赞。,类型#上衣*材质#牛仔布*材质#水洗*颜色#金色*风格#复古*图案#复古*衣样式#外套*衣领型#一字领*衣长#短款*衣门襟#拉链*衣款式#拉链,7.0,准确性上，文案基本覆盖了所有关键词，但《UNK》含义不明，可能缺失；生动性不错，使用了‘迷人’、‘奢华’等词，但部分描述如‘立体逼真’与牛仔外套关联弱；自然度较好，无明显复读，但‘一款个性十足的牛仔短外套’与后文‘外套’略有重复，整体流畅。综合给7分。
906,一件很别致个性的衬衫上衣，大胆的采用<UNK>色调来彰显个性，结合着满印的星星<UNK>了整件衣身，让人眼前一亮的设计。大气的v领设计不仅能够勾勒精致的锁骨，还非常凸显时髦范儿。而肩部的剪裁设计十分新颖前卫，露出了迷人的肩膀和锁骨，性感之余也不失创意性。,萌趣十足的<UNK>印花点缀在衬衣之中，形成一种特别的视觉效果来提升你的魅力，展现柔美又很温和的一面让人发现你的与众不同。v领的设计效果凸显颈部白皙与精致，可以在扣饰开合的作用下将性感的味道加以提升，穿出百变的创意理念。,类型#上衣*风格#性感*图案#创意*图案#印花*衣样式#衬衫*衣领型#v领,8.0,文案准确包含了所有关键词（上衣、性感、创意、印花、衬衫、V领），描述生动，使用“大胆”、“时髦”、“前卫”等词汇提升吸引力，但“<UNK>”和“星星<UNK>”显示处理错误，且“肩部剪裁”部分与参考答案的扣饰开合有差异，略有机械感。
907,此款开衫采用针织面料设计，弹性好且手感柔软细腻。罗纹下摆的设计，保暖美观舒适。精致的开衫门襟纽扣设计，更显细节品质感。宽松的版型和落肩袖型的细节呈现复古潮流，展现女性柔美曲线。整体小短款的版型，加上小v领的造型修饰脸型又凸显腰线尽显女性的性感甜美气质。经典百搭。,针织开衫体现出的是温婉大方的东方古典美韵，加上小v领的版型却具有了性感潮流的个性。前襟的单排树脂纽扣门襟，穿脱方便装饰感强，突显复古典雅的美感。紧密的编织设计，具有文艺复古气息，宽松的落肩短款版型，适合多种身材穿搭，领口袖口的罗纹包边收口，做工细腻美观大方。,类型#上衣*版型#宽松*材质#针织*风格#复古*风格#文艺*风格#潮*风格#性感*图案#复古*衣样式#开衫*衣领型#v领*衣长#短款*衣袖型#落肩袖*衣袖型#收口*衣款式#纽扣*衣款式#罗纹,6.5,待评测文案基本覆盖了所有关键词，但缺少对‘复古’、‘文艺’的明确描述，且‘弹性好’和‘保暖’等描述与关键词‘针织’相关但非必须。语言较通顺，但缺乏参考答案中的古典韵味精炼，如‘展现女性柔美曲线’与宽松版型略显矛盾。整体较好，但生动性和准确性略有不足。
908,采用超柔软舒适的面料打造，具有良好的耐磨耐寒性，贴身穿温暖。两侧的隐形插袋设计，美观实用，可收纳随身物品，同时让你的双手更有安全感；宽边贴合橡筋腰带加上下压褶处理的设计，弹性好，给宝贝方便舒适的穿着感受。宽松的直筒下摆，没有束缚感，适合大部分宝宝体型轻松驾驭又不挑身;不对称设计，增加长裤的亮点，尽显个性时尚风范。,这样一款颜值与质感皆在的长裤，面料是精选的顺滑面料，具有一定的光泽度。比较宽松的直筒裤型，做了松紧腰的设计，对各种腿型都很友好，更是让你轻松驾驭。侧边加入了双色的织带，一根是较暗的深藏蓝织带，另一根是哑光的涤棉织带，两边还是特别的不对称式。,类型#裤*版型#宽松*裤长#长裤*裤型#直筒裤*裤款式#不对称*裤腰型#松紧腰,6.0,准确性方面，待评测文案包含了类型、版型、裤长、裤型、不对称、松紧腰等关键词，但未明确提及『不对称』细节和『双色织带』，且『宽边贴合橡筋腰带』虽含松紧腰但描述有偏差，整体覆盖度一般。生动性方面，使用了『超柔软舒适』、『美观实用』、『尽显个性』等词汇，但表述偏模板化，缺乏具体形象描写，购买欲望激发不足。自然度方面，语言较为通顺，但『给宝贝方便舒适的穿着感受』等表述略显机械，且有重复感（如『轻松驾驭又不挑身』与『适合大部分宝宝体型』）。综合评分6分。
909,一衣两穿是时尚圈永恒不变的焦点，这件连衣裙既是一体式，也可以将外层脱掉变身优雅的鱼尾裙，方便你日常搭配不同的内搭，为你打造出专属你的时髦感。大v领拉长颈部曲线修饰脸型，上身穿着性感迷人。蓝白格纹经典又耐看，自带复古气息。<UNK>面料柔软亲肤不扎皮肤。,这款连衣裙穿着轻便而舒适，具有良好的弹性和恢复性能，面料不起皱不起球，穿起来挺括有型。格子底纹加上配色显得非常的时髦复古，前后v领的领口设计性感又优雅，腰间<UNK>上提的款式独特新颖。微微鱼尾的裙摆款式显得非常的优雅气质。,类型#裙*风格#复古*风格#性感*图案#格子*图案#复古*裙型#鱼尾裙*裙长#连衣裙*裙领型#v领,7.5,文案包含了大部分关键词，但缺少了'臀'和'收腰'。语言生动，有购买欲，但'一衣两穿'的描述存在歧义，可能误导消费者。整体通顺自然，无机械感。
910,这款<UNK>短裤采用了五分的袖长设计，上身利落干练。结合上精致的罗纹腰头设计，穿身活动无压力还很舒适。加上经典的对称大口袋的点缀，打造出时髦感十足的小公举形象。以及优质的全棉布料，打造亲肤又挺括的质感。配合上直筒的版型和高腰的设计，还可以从视觉上拉伸身体的曲线比例，轻松秀出小蛮腰和大长腿。,<UNK>纹提花直筒五分短裤，口袋和下摆运用面料的反面，在图案和颜色上打破了直筒五分短裤给人一本正经的感觉，穿起来更加夺取眼球。直筒裤包容性强，不仅可修饰大腿线条，高腰版型更有效拉伸整体比例。,类型#裤*图案#线条*裤长#短裤*裤长#五分裤*裤型#直筒裤*裤款式#口袋*裤腰型#高腰,7.0,准确性方面，文案基本覆盖了所有关键词，但将‘五分裤’误写为‘五分钟袖长设计’，属于明显错误；生动性较好，使用了‘活泼干练’‘时髦感十足’等有感染力的词汇，但‘小公举形象’与商品风格可能不搭；自然度一般，存在‘罗纹腰头设计’等机械表述，整体通顺但略有生硬。
911,一款具有浓郁时尚气场的两件套连衣裙；充满设计感的假两件的拼接剪裁，使柔美中彰显着知性的韵味，又能赋予活力与洒脱的风范，穿着上身尽显率性与个性；下摆的不规则弧形设计，将个性的魅力诠释的淋漓尽致，为时髦感加分，又不失随性舒适的气质。宽松的衬衫式上衣透出几分干练的气场，让随意的搭配洋溢着休闲的气息。,足以当做连衣裙来穿着的一款衬衫，带有几分知性风格。宽松的版型剪裁，气质休闲且包容性强大。而丰富衣身的不规则拼接，更是成为了格外吸睛醒目的存在，搭载着肩膀处新颖的斜排扣设计，增加整个衣身的亮点，丰富视感个性的时尚感。,类型#上衣*版型#宽松*风格#知性*风格#休闲*衣样式#衬衫*衣款式#拼接*衣款式#不规则,8.0,【准确性】文案包含了所有关键词（宽松、知性、休闲、衬衫、拼接、不规则），但未明确提及‘版型#宽松’，且‘上衣’一词隐含了版型，整体准确；【生动性】语言较有画面感，如‘时尚气场’、‘柔美中彰显知性韵味’等，能引发购买欲望；【自然度】语句通顺，无明显重复或机械感，但开头‘两件套连衣裙’与关键词‘衬衫’存在偏差，略有跳跃。综合给8分。
912,此款连衣裙<UNK>是蕾丝花朵点缀，展现出妩媚优雅的女人风情。领口使用了一字领的设计，展露出性感的锁骨美胸，搭配上腰部的收褶设计，塑造出曼妙的身姿曲线。在衣袖处使用了精美的压褶与蝴蝶饰点缀，呈现出饱满的立体感。再加上喇叭袖口的花朵蕾丝花边的装饰，举手投足间尽显女人味。,这一款连衣裙喇叭袖的设计，看起来具有十足的仙气，加上花边下摆的设计，行走之间显得很有美感。时尚的一字肩设计，美肩微露特别性感。蕾丝装饰，妩媚动人风情浪漫。穿上让人深深着迷无法自拔，时尚精致。,类型#裙*材质#蕾丝*风格#性感*图案#蕾丝*裙下摆#花边*裙长#连衣裙*裙领型#一字领*裙袖型#喇叭袖,7.0,文案覆盖了大部分关键词，语言有一定吸引力，但未涵盖‘裙长’关键词，且存在未知标记和少量机械感，削弱了整体效果。
913,小个子妹子和个子高的妹子都能穿的小个子的穿搭选择。经典的翻领设计加上前门襟装饰三颗精美珍珠纽扣，优雅时尚大方。竖状彩色数码条纹拼接在两侧袖子上，为这件基本款的白衬衫增添了立体感，不浮夸也不<UNK>。内搭一件同色系的蕾丝吊带也是非常有必要，以防走光。,这款衬衫上衣采用了蓝白条纹的图案，再加上它一侧拼接了蕾丝吊带，打破了传统衬衫的设计款式，在设计上更是凸显出它与众不同之处，带来一丝甜美气质。采用了翻领的设计，加上单排纽扣的衣门襟设计，简洁时尚，方便穿脱。,类型#上衣*材质#蕾丝*图案#条纹*图案#蕾丝*衣样式#衬衫*衣领型#翻领*衣款式#拼接*衣款式#纽扣*衣款式#吊带,6.0,准确性不足：漏了‘条纹’、‘蕾丝’、‘拼接’、‘衬衫’等关键词，且添加了未出现的‘珍珠纽扣’。生动性一般：有描述但缺乏情感共鸣。自然度较好：基本通顺，但有<UNK>符号和‘小个子’重复。
914,这款连衣裙采用经典的v形领口设计，拉长优雅颈部，修饰小巧脸型；结合简约的短袖设计打造柔美身姿，修身显瘦；加上收腰松紧处理，勾勒纤细腰线，散发完美曲线身材；整体采用竖纹色调点缀，尽显成熟稳重气质；而裙身精致的绣花和立体花卉图案设计，平添一股俏皮复古气息。,非常具有细节设计感的连衣裙，灰白色的条纹设计，色调经典又美观，带来恬静的贵族风格，上身横纹简约大气，下身的竖纹设计，更加显瘦和纤细。肩部的两朵小刺绣花卉，显得精致典雅，具有点睛之效，喇叭短袖设计，复古又很时尚，收腰<UNK>更加突出造型。,类型#裙*版型#显瘦*风格#复古*风格#简约*图案#条纹*图案#植物*图案#复古*图案#刺绣*裙长#连衣裙*裙袖长#短袖*裙款式#收腰,8.0,文案准确覆盖了所有关键词，包含显瘦、复古、简约、条纹、植物、刺绣、连衣裙、短袖、收腰等。语言生动，如'拉长优雅颈部'、'散发完美曲线'等表述吸引人。自然度较高，但整体略偏模板化，个别词汇如'平添一股俏皮复古气息'稍显生硬。
915,这款针织衫设计简单又百搭，圆领的设计，修饰脸部的曲线，更加柔美；修身型的版型，展现优美身材，七分袖设计，拉长手臂的线条，更好的展现修长的双腿，同时，上身效果更佳，简约的版型，让你成为人群中的焦点。短款的版型，拉长下半身的下半身比例。,简约百搭的针织衫特别有范，胸前火烈鸟图案充满了个性和活力，精致优雅带来满满的俏皮感。经典圆领设计修饰颈脖，显得简洁大方，短款修身的版型从视觉上拉长身形，构造曼妙身姿，七分袖长度露出纤细修长的手腕线条，举手投足之间绽放出女性的独特魅力。,类型#上衣*版型#显瘦*风格#简约*图案#线条*衣样式#针织衫*衣领型#圆领*衣长#短款*衣袖长#七分袖,6.5,准确性较好，基本覆盖关键词但缺少图案细节；生动性一般，有重复句式（如“拉长……”）削弱感染力；自然度欠佳，末尾“下半身的下半身比例”有明显语病，整体稍显机械。
916,此款连衣裙以真丝绉面料制作，在肌肤的轻贴呵护下感受那柔润与舒适，再搭配着顺滑而舒适的触感更令人心动。而胸前拼接的木耳花边则轻松装点出甜美气息，令你魅力十足。后背的隐形拉链设计则保证了服装的整体时尚美感不受影响。,这款拼接的真丝连衣裙采用木耳花边的设计，穿着之后甜美俏皮又灵动。后背隐形拉链的设计，细腻不容易被察觉增加了整体的美观效果。,类型#裙*材质#蚕丝*裙长#连衣裙*裙衣门襟#拉链*裙款式#拼接*裙款式#拉链*裙款式#木耳边,7.5,准确度方面，遗漏了关键词‘拉链’、‘拼接’、‘连衣裙’和‘蚕丝’，但包含了‘真丝’（蚕丝的一种）、‘木耳边’和‘隐形拉链’。生动性较好，使用了‘柔润与舒适’、‘甜美气息’等描述，能激发购买欲望。自然度较高，语言流畅，无明显机械感。整体表现良好，但对关键词覆盖不足导致扣分。
917,这款牛仔裤拥有修长美腿的视觉冲击力，它的高腰设计，在视觉上从整体拉长了你的身材比例，显出了大长腿；加上它的阔腿裤型配合七分的长度，完美的把你的小腿展现出来，更显你高挑纤瘦身姿；清新的深蓝配色，不张扬，不过分抢眼却又十分有气场，能够轻松百搭各种上衣。修身效果也是极佳哦！穿上这条牛仔裤去约会保证迷死他啦！,纯白和深蓝两色设计的牛仔裤，纯白色为牛仔裤注入清新气质，极简色调清新典雅，点亮了牛仔裤，特深蓝色更加内敛显瘦，一深一浅都极具精致美感。高腰设计突出身材曲线，带来很好的一体连贯美，纤细的腰部曲线展露无余，阔腿七分更添率性，典型的现代美。,类型#裤*版型#显瘦*材质#牛仔布*颜色#深蓝色*风格#清新*裤长#七分裤*裤型#阔腿裤*裤腰型#高腰,7.0,文案基本覆盖商品关键词，但缺少‘牛仔布’；语言较生动，有一定购买欲，但‘迷死他啦’略显俗套；整体通顺，但‘修长美腿的视觉冲击力’表述稍显机械，部分语句有重复感。
918,这款非常减龄个性的蓝色背带连衣裙给你活泼清新的感觉，它的设计很时髦大气。选择了经典的背带设计融入其中，轻松打造出慵懒休闲的感觉。精美的金属排扣设计给裙子增添了一抹亮丽的色彩，个性十足的金属色给人带来亮眼吸晴的视觉效果。直筒的版型修饰腿部的线条。搭配上可调节的肩带很有英伦学院风，让你活力十足。整体选用优质的牛仔面料挺括有型又透气亲肤。而且很有自然的垂感，让你在随意中绽放自己的女性魅力，打造街头时髦小达人的形象。,这款很有青春气息的连衣裙采用背带的版型设计，剪裁出更具有型利落的线条感，直筒的造型着身更是舒适休闲，结合排扣的装点，衬托出满满的英伦洋气街头感，加上小清新韵味十足的牛仔蓝色，轻松增加了百搭效果。小背带的设计又能让活力气息脱颖而出。,类型#裙*材质#牛仔布*颜色#蓝色*风格#街头*风格#英伦*风格#休闲*风格#青春*风格#清新*图案#线条*裙型#背带裙*裙型#牛仔裙*裙型#直筒裙*裙长#连衣裙*裙衣门襟#排扣,7.0,文案完整覆盖了所有关键词，准确性高；语言生动，有画面感，能激发购买欲；但部分表述略显冗长，如‘精美金属排扣’重复强调，整体自然度良好，略有机械感。
919,这一款时尚的女童外套，采用精选材质制作而成，手感细腻轻柔且触感顺滑。大气的v字领设计配合精致优雅的包边工艺，提升了档次。下摆及袖口采用精致的系带装饰搭配<UNK>设计点缀，穿起来既美观又时尚；精美的花边领设计充满了古典气息。,这款背心裙精选优质的面料，不仅手感舒适，穿在身上还尽显出高级质感，非常时髦大方。v领的设计也是一大亮点，衬显这款外套更加的吸睛优雅，凸显气质。腰部系带的设计还可以很好的勾勒腰线，展现好身材。,类型#上衣*衣样式#外套*衣领型#v领*衣门襟#系带,6.0,缺失关键属性'V领'和'系带'在衣身位置，且<UNK>为错误标记；语言较流畅，但'精美的花边领'为画蛇添足，与关键词不符；总体机械感中等，生动性不足。
920,这款连衣裙的面料是采用了丝缎面料，所以手感是非常柔软亲肤的。而且带有细腻的光泽感，穿着在身上更是显贵气了！而且整体是黑白的条纹纹理，非常的靓丽有型。还有小清新的感觉，腰部的松紧裁剪舒适的同时又可以完美的拉长身材比例，袖口做了荷叶边的设计，更加增添一份温雅气质，又十分减龄。不规则的裙尾更显个性时尚且充满浪漫优雅的意境美，很有女人味的一款~裙摆飘逸灵动，行走间尽显女性的温婉与知性的气质和魅力。,连衣裙一直是女性们出街凹造型的神器，它兼具着时尚与百搭的特性，让很多美眉们爱不释手。这款连衣裙，下摆处采用不规则的设计，时尚而带有层次感，浪漫飘逸，同时为整体增加了设计感，让你行走间展示女神般的魅力。融入条纹的设计，清新雅静，不仅丰富了整体的视觉效果，同时还能拉长身形，散发出女性优雅知性的时尚气质。,类型#裙*风格#知性*风格#清新*图案#条纹*裙长#连衣裙*裙款式#不规则,7.5,文案包含了所有关键词（类型#裙、风格#知性、风格#清新、图案#条纹、裙长#连衣裙、裙款式#不规则），语言生动具体，如'显贵气'、'小清新'、'减龄'等词汇增强了购买欲望。整体通顺自然，无重复或机械感，但部分描述如'丝缎面料'、'荷叶边'未在关键词中体现，略偏离核心，故扣分。
921,BRAND的这件小清新风格的连衣裙，采用清爽舒适的真丝面料制作而成，在夏天穿着透气清凉舒适。而细吊带的肩带设计，更能凸显整体的时尚感。腰部别致的蝴蝶结腰带装饰，更将女性的甜美清新的气质显现出来。内衬的贴心设计，也可以防止走光尴尬问题的发生，是一款值得你拥有的一款时尚单品哦~,连衣裙采用麂皮绒面料制成，细腻顺滑有光泽，穿着自然舒适。麂皮绒经过设计师精心剪裁和缝纫，结合清新的素色印染，展现出简洁大方的版型，边缘整齐走线流畅，不易脱线经久耐穿。除此以外，吊带式的设计和腰间的蝴蝶结腰带相呼应，洋溢出浓浓的青春活力气息，打造出小清新的文艺女青年形象。,类型#裙*风格#文艺*风格#清新*图案#蝴蝶结*裙长#连衣裙*裙款式#腰带*裙款式#吊带,7.5,准确性较好，包含了大部分关键词，但缺少'面料：麂皮绒'、'风格：文艺'、'裙长：连衣裙'（虽有连衣裙字样但未明确裙长），且面料描述与参考文案不符。生动性较好，使用了'清爽舒适'、'甜美清新'等词，能激发购买欲。自然度较高，语句通顺，无复读或机械感，但开头的'BRAND'略显生硬。
922,经典大方的衬衫领口设计搭配上别致的袖袢设计彰显出青春活力感觉。时尚的韩版剪裁完美展现穿着者的个人魅力。而舒适的面料质感打造都市潮流品牌男性形象。纯白色配色展现出简单、优雅的风格特点，是现代简约风格的代名词。整体的设计让人有一种回归大自然的感受。,90后潮搭韩版潮牌衬衫，面料厚实透气性好显成熟稳重气质。看看用这个全新的方式来诠释潮流，穿搭很轻易让你打造出秋冬型男造型。既简约又帅气哦。,类型#上衣*风格#韩版*风格#简约*风格#潮*衣样式#衬衫,6.5,文案准确包含了所有关键词，但生动性不足，语言略显平淡，缺乏激发购买欲的亮点；自然度尚可，但最后一句‘回归大自然’与韩版简约风格略显脱节。
923,这一款棉和绒面织面的卫衣设计感十足。最突出是竖条纹的设计不仅视觉上修饰身材更添时尚的亮点，v领的包边点缀很有特色更是减龄的妙手。经典的彩色胶印设计非常清新亮丽与底色结合黑白两色形成对比，中长款的版型遮肉显高又很随性。,纯棉的面料上简单的配色，以大v领口修饰小巧脸型，不幼稚也过于成熟，黑白条纹构成的清新配色洋溢出满满的青春活力，充满了阳光的味道。一别传统卫衣，中长款<UNK>膝的长度<UNK>少女的甜美，胸口的<UNK>印花成环形点缀，唤醒童趣，可爱炸裂。,类型#上衣*材质#棉*颜色#黑白*风格#清新*图案#条纹*图案#印花*衣样式#卫衣*衣领型#v领*衣长#中长款,6.5,准确性：缺少‘纯棉’（只提‘棉和绒面织面’）、‘条纹’（误写为‘竖条纹’，与图案#条纹不符）、‘印花’（写成‘胶印’，且未具体描述环形或清新感）；‘黑白’提及但不够突出。生动性：有一定描述如‘设计感十足’、‘减龄妙手’，但整体缺乏画面感和情感共鸣，不如参考答案‘青春活力’、‘阳光味道’。自然度：通顺但略显机械，如‘最突出是’、‘很有特色更是’句式重复感。综合扣分因漏关键词及表达不够流畅。
924,将经典的做旧牛仔裤与时尚的破洞相结合，让这条裤子显得很是别致有趣，充满了叛逆的街头味道；而个性张扬的小心<UNK>更是吸晴，带来了一种小女人的性感妩媚气息。高腰的版型很好地修饰了腿部纤细柔软的线条比例，更显纤瘦大长腿既视感。,在街头破洞元素一直是彰显个性自我与众不同的代表，这条牛仔裤的膝盖为破洞处理，露出腿部肌肤，展现性感魅力，同时也流露出不羁的态度。为了拉长腿部线条，裤子采用的是高腰版型设计，它转化了身体的比例。腿部还加有金属别针装饰，增加了裤子的时髦前卫感。,类型#裤*材质#牛仔布*风格#街头*风格#性感*图案#线条*裤款式#破洞*裤腰型#高腰,7.5,准确性方面，待测文案遗漏了'线条'和'裤款式#破洞'中的破洞处理细节，但其他关键词已包含。生动性较好，使用了'别致有趣''叛逆''性感妩媚'等词汇，能激发购买欲。自然度方面，整体通顺，但'小心<UNK>'存在未知字符问题，略显机械。综合评分7.5。
925,粉色的裙身，加上浪漫雅致的柔美小碎花，让你在温暖阳光下更加甜美可人！时尚优雅的廓形加上飘逸的风琴百褶与荷叶边元素，轻松衬托女性柔美的气质，温婉柔美的小仙女范儿呼之欲出；别致微喇叭造型和<UNK>宫廷风的碰撞彰显高雅气质的同时也不失女人的柔美~清新的格调，让你秒变清纯甜少女一枚！,以淡雅的粉色作为底色，清新的碎花作为点缀，两者互相衬，满满的仙女气息。荷叶边蔓延至裙身，喇叭袖与荷叶边的搭配，宫廷复古轻松重现眼前。,类型#裙*颜色#粉色*风格#复古*风格#宫廷*风格#清新*图案#碎花*图案#复古*裙下摆#荷叶边*裙袖型#喇叭袖,6.5,待评测文案基本覆盖了商品关键词，但漏掉了‘复古’和‘宫廷’风格中的‘宫廷’一词（用<UNK>代替），且‘风琴百褶’未在关键词中出现；语言较生动，有‘小仙女范儿’等表达，但存在重复（‘柔美’出现多次）、通顺度稍差（‘<UNK>宫廷风’不自然），整体机械感不重；准确性扣1分，生动性加1分，自然度扣0.5分，综合得分6.5。
926,舒适的牛仔裤上身感觉非常自然，有着独特的时尚感，个性十足更百搭。采用时尚经典的休闲款式的裤子的款式，能很好的包容腿部的曲线，修饰腿型的迷人线条，能够凸显出男性完美的身材曲线。前襟处的精致字母和贴布搭配撞色印花设计，打造个性的穿着风格，具有高街潮流的质感。结合了微宽松的版型进行裁剪，穿着轻盈又舒适，运动时倍感自由，无束缚之感。,设计师匠心独运将字母印花，巧妙点缀于上半身，远看如同翅膀，颇具新鲜趣味性。黑红、白红撞色设计，制造强烈视觉冲击，倍<UNK>潮流。圆领套头款式，以基础简洁剪裁碰撞繁复图案，尤为时尚大气。裁剪细腻，线条明快流畅，宽松版型上身舒适，兼备休闲风和运动风。时尚百搭，可搭配休闲裤、运动裤、牛仔裤等。,类型#裤*版型#宽松*材质#牛仔布*风格#运动*风格#休闲*风格#潮*图案#字母*图案#文字*图案#线条*图案#印花*图案#撞色,7.0,准确性方面，待评测文案覆盖了核心关键词（如牛仔布、宽松版型、字母、印花、撞色等），但缺少'图案#线条'和'风格#运动/休闲'的明确表达；生动性较好，使用了'时尚感''高街潮流'等词汇，但整体吸引力略逊于参考答案；自然度较高，语言通顺，无明显机械感，但'倍<UNK>潮流'处存在乱码影响流畅度。综合评分7分。
927,春天就要到了，万物复苏的季节怎么可以少了外套？设计师采用聚酯纤维和棉质面料相结合打造了这件清新靓丽的外套单品。时尚的印花元素融入整体，既增添了时尚感又丰富了整体的层次感。下摆弧形的设计更是独树一帜。,在炎热的夏天，小清新的绿意与粉嫩的少女色搭配最是能拂去因天气带来的烦躁<UNK>，首先在视觉上就是一片清爽，特别设计了多款印花，双面不同印花设计，无需在意正反面，带给你全新的使用体验。它在材质选择上外套为天然纯棉，内里为聚酯纤维，集柔软亲肤，透气吸湿于一体，在温度<UNK>不下的夏天为你营造干爽舒适的睡眠氛围，让你在夏天也可<UNK>好睡眠。,类型#上衣*材质#棉*材质#纤维*风格#清新*图案#印花*衣样式#外套,5.5,准确性方面，未明确提及'双面不同印花'、'天然纯棉'、'透气吸湿'等关键卖点，且'春天'季节与参考文案'夏天'不符；生动性上语言平淡，缺少情感渲染和购买冲动；自然度尚可，但缺乏新意和细节支撑。综合评分5.5。
928,这款牛仔裤属于浅色的牛仔面料，经过特殊的水洗工艺处理后呈现出一种很做旧的效果。裤身上的磨毛处理，看起来很有逼真感。再配合拼色的元素，呈现出了很鲜明的视觉张力。破洞的处理与裤脚边的流苏毛边拼接在一起，更是突显出前卫的时髦气质。而最抢眼的地方就是它的侧缝采用了一条撞色，让裤子的层次感更为强烈丰富起来。另外裤身两侧做了插袋设计，也方便了女士储物。,裤型很棒。裤脚口做了毛边的设计颜色<UNK>了比较正的浅色水洗牛仔色，右腿膝盖的位置做了假破洞的设计，破洞是不露肉的设计，在里面拼接了一块深色牛仔布，撞色的拼色给人独特的视觉效果，对于腿型不那么好看的姑娘来说，也是可以放心入的。牛仔棉布面料，舒适度好。颜色是水洗的刚刚好的蓝。,类型#裙*材质#牛仔布*材质#水洗*颜色#浅色*颜色#深色*图案#拼色*图案#撞色*裙型#牛仔裙*裙下摆#毛边*裙款式#拼接*裙款式#破洞,7.0,准确性方面，待评测文案包含了所有关键词，但未明确提及浅色和深色对比、毛边设计等细节；生动性较好，使用了‘逼真感’‘前卫的时髦气质’等词语，但整体感染力和购买欲望略逊于参考答案；自然度较高，语言通顺，但略有机械感，如‘最抢眼的地方就是它的侧缝采用了一条撞色’不够自然。
929,此款裤子采用了优质的面料制作而成，手感柔软顺滑，穿着舒适亲肤。高腰的设计提高腰部位置，塑造黄金分割比例，拉伸身材的比例，显高又显腿长。宽松束脚款式，具有很好的防风效果，保暖性好。腰部内设系带设计可根据自身调整系腰松紧，更加贴合身形。宽松的版型不挑身材遮肉显瘦。,这一款裤子高腰设计，提升腰线自然显高。略微宽松的版式，上身轻松收身显瘦，惬意舒适中自然显大方。小脚裤型，精致优雅自然出彩。精挑细选的棉布材质，亲肤细腻穿着柔软，搭配出街，自然减龄。,类型#裤*版型#宽松*版型#显瘦*裤腰型#高腰*裤口#小脚,7.5,待评测文案包含了所有关键词（宽松、显瘦、高腰、小脚），准确性合格。语言较为生动，但部分描述如‘防风效果好’偏离服装主要卖点，且‘塑造黄金分割比例’略显夸张。整体通顺，但‘宽松束脚款式’与关键词‘小脚’略有重复感，自然度中等。综合评分7.5分。
930,一款飘逸唯美的睡裙是每个妹子不能错过的单品。这件雪纺的裙子，有着非常梦幻的感觉，仿佛置身于童话境界一般，让人忍不住多看两眼。胸前的荷叶花边设计能够很好地衬托女性的柔美气息，营造出一种很浪漫的氛围；结合腰下的褶皱设计让裙身呈现出蛋糕效果，显得更加甜美，少女感满满。,雪纺工艺，更加的突出了质感，不论是前胸的褶皱花边，还是三层波浪式蛋糕裙下摆，都强调了这款裙子的独特，穿起来像优雅的小仙子。质地柔软细滑，搭配漂亮的项链装饰穿在身上回头率<UNK>高哦。,类型#裙*材质#雪纺*裙型#蛋糕*裙下摆#花边*裙款式#抽褶,7.0,准确性：遗漏了'抽褶'关键词，但覆盖了其他关键词。生动性：语言优美，有画面感，能激发想象。自然度：通顺流畅，无机械感。综合考虑，整体不错，但关键词不全扣分。
931,设计师采用做旧蓝<UNK>浅蓝色的清新的色调打造牛仔裤的配色，给人一种舒适又清爽的感觉。腰头使用了纽扣和拉链的组合门襟设计，使你穿脱起来更方便迅速。而其裤身采用了多粒纽扣装饰，使其增添几分潮流气息。其对称斜插的大兜口袋设计十分时尚美观，还增加了置物空间的同时也彰显了细节处理的品质感。而修身小脚裤型的剪裁搭配裤腿处的毛边做旧设计，轻松展现利落挺括的身材。,一件百搭时尚的牛仔裤，一年四季常备的款式，茵曼的这款是浅蓝色的款式，带有一点小清新视感，很有气质。修身小脚的裤型，能修饰腿型，瘦腿美腿，打造一双纤细修长的大长腿，让你更加高挑纤瘦。裤脚用毛边装饰，增添潮流帅气感，凸显细节。门襟用经典拉链纽扣，两边实用立体口袋，方便插手凹造型，实用又美观。,类型#裤*版型#显瘦*材质#牛仔布*颜色#浅蓝色*风格#清新*风格#潮*裤款式#口袋*裤款式#纽扣*裤款式#拉链*裤口#毛边*裤口#小脚,7.5,准确性：基本覆盖了所有关键词，但遗漏了'版型#显瘦'、'风格#清新'（仅提及'清爽'）、'裤款式#纽扣'（提及'多粒纽扣装饰'，但原文更强调门襟纽扣）和'颜色#浅蓝色'（仅出现一次）。生动性：语言有一定画面感，如'舒适又清爽'、'利落挺括'，但缺乏像'打造一双纤细修长的大长腿'这样的强吸引力表述，购买欲望中等。自然度：整体较通顺，但存在'<UNK>'未知符号，且'增添几分潮流气息'、'彰显了细节处理的品质感'等表述略显模板化，有轻微机械感。
932,裙子下摆的部分设计的十分有特色，呈现出一种花瓣的感觉将下摆散开，行走之间很显娇俏和气质，显得人很年轻。而且整条裙子采用了直筒长款的廓形设计，对于身材也有修饰功效，而且腰部加了<UNK>进行分割，在腰头的下方位置加入了抽褶工艺制成大包身造型，不仅性感，还很饱满，增添立体感；肩部加入薄纱和皱褶点缀的泡泡袖，增添了少女的甜美气息！,裙子采用了舒适的直筒廓形设计，版型上适当的松量，利落不松垮，不会显得瘦的过分，也不会显得曲线美不够好，简直就是藏肉的一把好手。袖子采用了别致的抽褶设计，形成了微微的泡泡袖，为整体造型增添了不少的个性感。光是百搭易穿就足够令人疯狂。,类型#裙*风格#性感*裙型#直筒裙*裙袖型#泡泡袖*裙款式#抽褶,7.0,准确性上，未能包含‘抽褶’且标注了缺失词；生动性较好，有花瓣比喻和少女甜美氛围；自然度一般，存在拼写问题（<UNK>）和部分句式稍显冗余。综合评分7分。
933,春日里穿上一条美美的背心裙子，显得干净活力气息满满哦~这件吊带裙，上身非常好看，时尚舒适的设计。可拆分的内衬与外搭相结合，优雅大方又百搭的款式，特别适合日常搭配，气质的版型和设计感，让你赚足回头率！搭配各种简单的上衣都很好看呀，怎么穿都会觉得时髦度满分。而且穿上它后完全不会有束缚感的背心款，穿着舒服又有气质,黑裙背后的黑纱长至脚踝，与前面到膝盖的半裙形成对比，为原本单一的版型增添了层次感。黑纱的轻柔与飘逸，让你在气场全开的同时，又多了一份柔情与浪漫，让小礼裙瞬间变得独一无二。,类型#裙*裙长#半身裙,5.0,准确性：缺少关键词“半身裙”，且商品描述为背心裙/吊带裙，与半身裙不符；生动性：语言较平淡，缺乏具体细节和画面感，购买欲望不强；自然度：存在重复表述（如“好看”“时髦度满分”），略有机械感。
934,这款<UNK>的半身裙<UNK>很棒，它整体给人一种清爽的视觉效果，让你在穿着时非常减龄，显年轻！它的设计很简单，没有复杂的元素<UNK>了两个金属圆环来增强它的时尚性。这样的一款裤子穿在身上之后会显得人更加的随意，可以hold住不同的风格。这款半裙还可以拉高腰线，让大长腿无处可藏！,拥有宽大裤脚的一条休闲裤，穿在身上似裙子又似裤子。既有半裙的内敛优雅，又有裤装的潇洒惬意，宽宽大大的样式能很好的隐藏腿上的肉肉，拉长身高，看起来又瘦又高。,类型#裙*裙长#半身裙,5.0,准确性不足：缺少关键词'裙长#半身裙'，且错误地将半身裙称为'裤子'和'一款裤子'；生动性一般：部分语言吸引人，但存在矛盾（如既说'半身裙'又说'裤子'）削弱说服力；自然度低：出现'<UNK>'占位符，句子不通顺，有机械感。
935,腰部是x型的设计，视觉上很显腰细；加上下摆的伞摆结构，更是增添了甜美少女感。搭配裤装单穿都是不错的，或者外搭一款时髦的长款过膝半身裙也很亮眼，能提升气场又能演绎出独特的风格。内里<UNK>了薄里布，不会走光尴尬，上身效果也更加舒适亲肤呢。,这款半身裙腰部采用了章<UNK>贴设计，<UNK>设计使半身裙更具吸睛亮点，打破裙子单调沉闷感，吸睛更时尚。而且<UNK>元素层次感丰富，使整体更显时髦。,类型#裙*裙长#半身裙,5.5,准确性不足，漏掉了核心关键词‘章<UNK>贴设计’和‘<UNK>元素’，且引入了与关键词（半身裙）矛盾的‘长款过膝半身裙’描述；语言有一定的生动性和购买欲，但自然度较差，存在复读（‘搭配裤装单穿都是不错的’）和机械感（如‘内里<UNK>了薄里布’）。
936,这款半身裙，采用的是高档<UNK>呢面料，质地轻柔手感细爽飘逸，在视觉上呈现出优雅大气的名媛气质风采。其表面是仿麂皮花纹肌理的纹理，非常美观时尚。设计师们在这上面的设计心思独具特色，在腰头处加入了宽边弹力橡筋以及精致走线来收紧腰部的轮廓感，穿着起来舒适又显身材。另外在两侧都加入了斜缝的设计，将原本沉闷的款式瞬间变得立体丰富了起来。,半身裙备受美眉的喜爱，它可以搭配多种风格。此款半身裙最突出的亮点是腰封设计，采用腰封装饰，让裙子看起来更有设计感和时髦感，让半身裙变的不再单调，而是更加丰富和内涵。同时腰封设计可以更好的拉高腰线，让腿部看起来更加修长。因此，腰封设计是此款半身裙的点睛之笔。,类型#裙*裙长#半身裙,5.0,准确性：未包含关键词'半身裙'（仅出现一次），且AI生成的'<UNK>'无效。生动性：描述细节较多，但'高档呢面料'缺乏具体性，整体语言略显啰嗦。自然度：较通顺，无复读，但'设计师们在这上面的设计心思独具特色'表达生硬。整体评分中等偏下。
937,这款裙子真的是美！<UNK>地能看一眼就不会忘掉。上身效果很美、<UNK>显的太好了。这条裙子设计简单大方不失细节感裙子的面料很好，柔软舒适、垂感也很好，夏天穿也是透气又舒服半裙的设计也非常好穿，腰部的松紧度刚刚好，不用担心会勒着肚子而且不会很保守，可以适当的展示一部分美腿，也不会很过分所以整体偏优雅感觉不会太过张扬但是又足够的时尚和气质,半身裙在裙摆处添加双色织带点缀，与裙身底色形成鲜明对比，打破了单一色调带来的枯燥乏味感，为整体造型注入一丝活泼学院味道。,类型#裙*裙长#半身裙,5.5,准确性部分，关键词‘半身裙’已出现，但未明确提及‘裙长’。生动性不足，存在无意义词汇如‘<UNK>’和重复用词（‘美’、‘好’），语言平淡，缺乏购买冲动。自然度较差，句子结构混乱，多次断句不当，且有明显机械感。整体可读性低，需大幅优化。
938,优雅甜美的风格设计，让这款半裙更加凸显你的女性气质，时尚大方的设计风格更是可以让你时刻保持自信风范，彰显你的魅力。精选优质面料打造而成，柔软舒适的效果非常棒，上身效果更是别具一格，让你在人群中脱颖而出，成为更耀眼的女人。,这款的设计感在意左右两边长短不同，<UNK>断层的落差感，尤其上身后，能很明显的感受到细节的质感。这款半裙的版型比较修饰身材，能把身材曲线勾勒的很美，腰头的位置剪裁平整，上身很有型。,类型#裙*裙长#半身裙,4.0,待评测文案未包含商品关键词‘裙长’和‘半身裙’的细节，且缺乏对设计感、版型等的具体描述，语言虽然流畅但显空洞，不够生动，无法有效激起购买欲望。
939,半身裙不仅能够展现女性纤细的身材，又增添了许多女人味。本款裙子精选优质的面料，上身体验感舒适细腻。腰部采用宽腰头设计，更加贴合肌肤、修饰身形。同时其可拆卸的设计，丰富了整个造型的层次感和时尚度。,每一条半裙上面的颜色位置不是固定排列的，定做的<UNK>，不止颜色很特别，就连版型也是如此，下摆是呈360半圆弧度。关于360度旋转，纱裙为半透明的效果，更为仙气。为了方便日常穿着，还在里面加了一件单独的独立内衬，也就是带橡皮筋的安全短裤，可脱卸的设计，所以实际上是两件套，穿着更加方便。,类型#裙*裙长#半身裙,4.3,未包含任何商品关键词（类型#裙、裙长#半身裙），严重偏离参考答案；语言较平淡，缺乏购买欲望；文本通顺但未突出产品独特卖点（如颜色不固定、360度裙摆、内衬可脱卸）。
940,这一款半身裙浪漫的灯笼袖口设计，层次分明特别出彩，得体的剪裁贴合女性身体曲线，轻松遮住多余的小赘肉凸显苗条。时尚腰头的设计很精致，轻松修饰纤细腰线。特别是后幅珍珠扣点缀，看起来时尚大方增添看点。,精致的鹅黄半身裙，搭配上美观的花纹款式，穿上身后耀眼夺目，张扬属于自己的个性魅力，<UNK>春天的到来，刚好这款透气的裙子适合小仙女。,类型#裙*裙长#半身裙,6.0,文案未包含关键词【鹅黄】【花纹】【透气】，准确性不足；语言较生动但缺乏整体感染力，生动性一般；自然度尚可，略有堆砌感，整体不够流畅自然。
941,在面料方面，这款吊带衫精选优质面料制作而成，不仅手感细腻顺滑，而且穿在身上还非常舒适透气，亲肤性非常好，即使贴着肌肤也不会带来丝毫的刺激感。其领口是v字型的设计，能够更好地展现锁骨美。搭配半身裙能秒变美女。,真正好的版型一上身就能感受它带来的惊喜，r<UNK>就有这个能力。设计师在腰节处做了多道省位，包括间距，大小，长度，都是经过调整达到zui佳。,类型#裙*裙长#半身裙,4.0,准确性：待评测文案提及了‘半身裙’，但未包含‘裙’和‘半身裙’作为核心关键词，且错误地将商品描述为‘吊带衫’，与商品关键词‘类型#裙*裙长#半身裙’严重不符。生动性：语言较为平淡，缺乏吸引力，未能有效激发购买欲望。自然度：文案通顺但机械感较强，且因商品不符导致整体逻辑混乱。
942,<UNK>腰设计让女性穿出纤细的腰线，同时衬托大长腿；前襟两颗圆润饱满的扣子可方便拆卸也起到画龙点睛的效果，凸显细节的美感；搭配裙子可以演绎甜美风格，还可以搭半身裙穿出温婉柔美的感觉。,一件<UNK>半裙，如同一枚<UNK>的郁金香花朵，优雅中<UNK>含苞欲放的温润与羞涩，包容着整个身形，修饰这双腿的曲线，有着浑然天成般自然，无论是走路还是坐立，都是自然雅致的模样。,类型#裙*裙长#半身裙,5.5,待评测文案包含了关键词'半身裙'，但未提及'裙'、'半身裙'中的'裙'字（这里指整体类型），且缺少'裙长'关键词。生动性方面，'纤细的腰线'、'大长腿'、'画龙点睛'等描述有一定吸引力，但整体略显平淡，缺乏画面感和情感共鸣。自然度上，'衬托大长腿'与'搭配裙子可以演绎甜美风格'的句式稍显生硬，且存在搭配矛盾（裙子 vs 半身裙），有机械凑字感。综合来看，文案基本可用但不够出彩。
943,小立领的设计非常经典时尚彰显气质的优雅。圆筒半袖的设计可以很好的遮挡自己的手臂而且让整件半裙更显层次更加有设计感，腰部的扣子的装饰使整件裙子更有特点更加精致。,春夏天谁的衣柜里面没几条半裙？女孩子在夏天怎能<UNK>，搭配上很是需要，百搭而且还不容易出错。但半身裙款式、穿法基本上都<UNK>差别，怎么才能脱颖而出是关键，这重点就在挑选的款式上了。,类型#裙*裙长#半身裙,5.0,准确性方面，待评测文案未完全包含商品关键词：只出现“半裙”，缺少“裙长#半身裙”的具体体现。生动性上，语言较为普通，未能有效激发购买欲望。自然度尚可，但描述与关键词不符（如“小立领”“圆筒半袖”通常用于上衣，非半身裙特征），存在逻辑问题。综合评分5分。
944,一条简单有型的半身裙，既能让腿部更显修长，又能使身材显得更为纤细、高挑，无论是外出<UNK>或者是参加聚会，都能作为百搭单品进行搭配！裙摆处的毛须装饰设计十分精致，让人不禁赞叹它巧夺天工。,这款半身裙，选用的是优质的高品质面料，做工精湛，面料的质地细腻，手感柔软舒适，纹理清晰美观，穿着结实耐磨，内衬安全裤的设计长度适中，穿着舒适透气。,类型#裙*裙长#半身裙,7.0,准确性和完整性不足，未能覆盖所有关键词（如面料、做工、耐用性等）；生动性较好，语言有吸引力，能激发购买欲望；自然度较高，语句通顺，无明显机械感，但存在一处未知符号影响阅读。
945,此款BRAND假两件半身裙采用弹力腰身打造，不仅紧致贴合腰部曲线，还穿着舒适毫无束缚之感外。此外还有装饰系带造型的设计，既让此款半身裙在穿脱使用方便的同时又可谓点亮视觉，增加设计亮点之外。,半裙的腰头是借用旗袍的领型为设计，像穿上旗袍的高雅，散发古典韵味。裙身像孩童的画一样的贴布绣设计，充满童真的减龄感。既有优雅女人味又有少女感的一条半身裙。,类型#裙*裙长#半身裙,2.0,待评测文案未包含【商品关键词】中的'类型#裙'和'裙长#半身裙'，而参考答案包含了。语言方面，待评测文案用词机械，如'紧致贴合'、'毫无束缚之感外'等搭配不当，缺乏生动性和购买欲望，且有语病和重复（'之外'重复出现）。整体自然度低，读起来不顺。
946,这一季设计师灵感来源于古典艺术和时尚作品，将两者融合而创出一件件美轮美奂的仙气十足的作品。这款半身裙将中国水墨画中的亭台楼阁元素融入设计中，让人耳目一新，气质灵动又不失优雅风度。飘逸的设计款式与内敛的气质完美结合。轻柔面料的运用更使整体增添了丝丝梦幻感。在行走间似流水般动人心弦。,这款精心设计的半身裙，能在瞬间呈现出优雅迷人的美感，造就出匀称的身材曲线，迷人至极洒脱的个性的气息惹尽人们的喜爱，随时随地展显出优雅大牌气息，而且有很好的显廋效果，气质非凡。,类型#裙*裙长#半身裙,7.0,准确性方面，虽未直接提及'半身裙'和'显瘦'等关键词，但通过描述整体符合半身裙特征；生动性较强，语言富有画面感和文艺气息，但缺乏直接引发购买冲动的行动呼吁；自然度较好，无明显重复或机械感，整体流畅。
947,来自pawinpaw的女童打底裤，采用100%的腈纶面料制作，具有良好的透气性能与耐磨性，穿着舒适亲肤的同时不易起球变形。裤腰处的按扣设计，可以根据宝宝的<UNK>大小随意调整松紧度，不会对宝宝的小肚子产生勒痕哦。膝盖处采用了开衩的设计，既不束缚双腿又能让宝宝自由的舒展舞蹈的身姿。搭配一件个性的半身裙穿搭，就能轻松吸引别人的眼球了,来自于tao的女童半身裙，采用松紧的腰头设计，恰到好处的弹力不仅能紧贴于宝宝腰部，营造出舒适的穿着感，而且还有助于宝宝在日常穿脱时，更加的省时省力。裙身上精美的图案点缀，充满了时尚又俏皮的气息，宝宝穿着更能彰显天真的个性和满满的活力哦。,类型#裙*裙长#半身裙,5.5,准确性方面，待评测文案的商品是'女童打底裤'，而参考答案的商品是'女童半身裙'，且关键词'类型#裙'和'裙长#半身裙'均未出现，严重偏离商品要求；生动性一般，有描述但缺乏对比和情感渲染；自然度较低，存在'<UNK>'占位符，结尾'搭配一件个性的半身裙穿搭'与'打底裤'主商品逻辑矛盾，整体不够通顺。
948,这件女童的睡衣是由优质的面料制作而成，它穿在身上柔软又舒适，还能给你带来冬暖夏凉的效果。舒适的松紧裤头不会有勒肉的紧绷感，穿脱起来还很轻松呢。袖口采用了收束设计，可以勾勒出纤细手腕。而简洁的版型让男宝宝穿着更加美观。搭配上一条可爱时尚的半身裙，简直不要太美啊！,这件半裙的裙身是用细腻的网布，轻盈有质感不显臃肿，加上做了袭击的袭击的烫金工艺，整体更有细节感，还有加了同色系里布的设计，让整体的舒适度更好。,类型#裙*裙长#半身裙,2.0,准确性：文案中未包含关键词'半身裙'，反而误将商品描述为睡衣，严重偏离主题。生动性：语言略显生硬，如'冬暖夏凉'、'勾勒出纤细手腕'等描述与半身裙无关，无法激发购买欲望。自然度：文案前后矛盾，先讲睡衣再提半身裙，逻辑不通，有明显拼凑感。
949,这款来自BRAND的儿童<UNK>背心裤，采用舒适透气的网眼面料制作而成，宝贝穿着非常清爽无闷热之感；经典的圆领剪裁和松紧肩带设计，不仅贴合颈部不易变形的同时还方便了衣物的穿脱，而且不会给头部带来束缚感哦；后领处设有小开叉设计，让妈妈在为宝宝穿脱衣物的时候更加的便捷哦；前胸个性的猫咪图案装饰于胸前，让原本普通的款式看起来变得更加亮眼；还有一条宽大的半身裙，既能够遮住宝宝的双腿避免走光尴尬之外同时还很减龄，搭配在一起时尚又具有时尚感呢！,"层次设计半身裙,上面一层天丝麻裙摆活片设计,从侧面和下摆露出里面的丝裙摆,灵动又不失含,营造<UNK>半露的迷人风情，让你穿出个性与时尚。",类型#裙*裙长#半身裙,3.0,准确性：文案未包含商品关键词“半身裙”，而是提及“宽大的半身裙”，且整体描述的是儿童背心裤，与参考文案的商品类型（半身裙）不符，完全脱离主题。生动性：语言虽有一定描述，但针对的是不同商品，无法激发对半身裙的购买欲。自然度：有重复表述（如“时尚又具有时尚感”），且AI生成的句子较长，略显机械。综上，与参考文案要求严重偏离，得分低。
950,作为春夏出行的利器，连体裤能够解放你的双手，省去搭配的烦恼也多了几分慵懒的气质魅力。这款背带连体裤采用a型的廓形剪裁设计让下半身的比例更修长。腰间打揽的设计显得轻盈洒脱，又能够轻松遮住腰部腹部的小赘肉。袖部融入了灯笼袖的设计，整体更具小资情调与古典美结合浪漫的风格，让你轻松变身优雅摩登女郎。同时搭配同色系半裙来穿着，整体统一又不显单调。,非常百搭的一款半身裙时尚又富有气质，选取的面料非常细腻平实，而且有很好的抗皱感性，轻薄的面料也能给人带来很好的穿着体验，能够让人在行走中自带飘逸感。,类型#裙*裙长#半身裙,6.0,准确性问题：待评测文案主要描述连体裤，而非商品关键词‘半身裙’，仅在最后一句提及搭配同色系半裙，未突出半身裙特点。生动性尚可，但内容偏离核心商品；自然度一般，描述连体裤部分流畅，但整体与题目要求不相符。
951,这一款半裙采用a型廓形设计造型，上身包容性很强，任何身材都可以轻松驾驭；腰部的松紧，在保证舒适的同时也让整体更加立体挺括，富有时尚感。下摆的荷叶边元素增加裙子的层次感和甜美气息，行走间尽显魅力和飘逸洒脱风范。,雪花<UNK>半身裙，亮色纱线交错，清晰的编制肌理，低调而又不沉闷，因为面料本身比较别致，所以没有做其他装饰设计，简简单单就很耐看。,类型#裙*裙长#半身裙,8.0,文案准确包含了所有关键词（裙、半身裙），语言生动形象（如“行走间尽显魅力和飘逸洒脱风范”），富有购买欲，自然通顺无明显机械感；但未提及‘雪花’、‘亮色纱线’等参考答案中的细节，略有偏离商品核心特征。
952,在人群中，想要出奇的时尚。这款假两件设计的背心短外套就非常的合适。经典的方格图案布满整个衣身设计，简洁的背心设计，穿着起来轻松又随意。小a版型的下摆结合半裙的设计样式，轻松展示修长的身材曲线。搭配任何裙子都是非常完美的选择哦。,此款半身裙采用的是精致的粗呢小香风编织面料，从细节中传递出一种优雅<UNK>的气质。凹凸不平的表面，丰富了裙身的肌理感，奢华感油然而生。,类型#裙*裙长#半身裙,3.5,准确性: 文案主要描述背心短外套和假两件设计，未提及关键词'半身裙'和'粗呢小香风编织面料'，完全偏离商品。生动性: 语言有一定吸引力但描述对象错误，无法激发对目标商品的购买欲。自然度: 通顺无机械感，但内容与商品不相关。整体得分低。
953,在色彩上，以温柔淡雅的<UNK>为主色调，渲染唯美梦幻的配色主题，将女性的柔美气质凸显而出；而腰部的金属别针装饰，是打破沉闷感的神器呦~采用细密的面料精心剪裁而成的半裙，在行走的时候<UNK>摆随着步调微微摇曳，展现浪漫唯美的迷人气息！,这款百搭时尚的仙女半身裙，整体设计非常的飘逸随性，穿上之后每个女孩子都能瞬间变成小仙女啦。料子非常的轻盈，透气性也很好，穿到夏天也很舒适。,类型#裙*裙长#半身裙,6.0,准确性：未包含所有关键词，缺少“裙长#半身裙”中的“半身裙”和“裙长”信息，且出现<UNK>标记。生动性：使用了“温柔淡雅”“唯美梦幻”等词汇，有一定吸引力，但缺乏直接的利益点或使用场景描述，购买欲望较弱。自然度：整体通顺，但<UNK>和稍显堆砌的形容词有轻微机械感。
954,这款连衣裙整体设计新颖典雅，精美的印花彰显着女性的魅力与柔情。传统的中式设计，立领配以古典的盘扣，搭配在一起将端庄含蓄和温婉的气质完美诠释出来。袖口处做了收紧的处理，增加紧致感的同时也修饰着手形。腰部收褶的设计恰到好处地隐藏小肚腩，让女性更加窈窕动人。长款版型的裙摆更可掩藏腿部的缺陷，使得行走间带有轻盈浪漫之感。,这款改良旗袍连衣裙与我们平日里所见的连衣裙大有不同哦，尤其是将如此栩栩如生的<UNK>印花图案点缀在衣衣上，瞬间柔和了旗袍裙带来的传统正式感，平添了几分女性的趣味性与时尚感；还有那简洁的立领设计以及盘扣的点缀，已然成为旗袍连衣裙的标配，瞬间流露出一丝中式风韵味。,类型#裙*图案#印花*裙长#连衣裙*裙领型#立领*裙款式#盘扣,9.0,准确性上，文案包含了所有关键词（裙、印花、连衣裙、立领、盘扣），且未遗漏。生动性上，语言流畅有吸引力，如'典雅'、'柔情'、'端庄含蓄'等词营造了购买欲望。自然度上，通顺无机械感，但'紧致感'和'收褶'描述略显模板化。总体优秀。
955,很显气质的一条阔腿休闲裤，整体设计时尚中又不失个性。简约精致的吊带背心裙结合流畅的剪裁，展露出了迷人的肩部与手臂线条，让你尽情的释放魅力。个性的连体裤版式有着强大的兼容性，可以轻松驾驭多种场合。而腰间束绳的设计又为整款设计增加了与众不同的质感美感，融合上精致的钩花设计则展现了几分优雅的民族风气息。同时a字形剪裁的阔腿裤能够巧妙的修身显瘦腿部线条，使得整体穿着更为有范。,民族风连体裤，线条简约透彻，拥有自己冷静的一套处事<UNK>。绚烂色彩结合阔腿裤剪裁，露出修身的线条，显得十分刻板端正，不<UNK>。下半身的阔腿裤走特立独行的法则，避免腿型分明的尴尬。将比例很好的隐藏，可以<UNK>气场。,类型#裤*版型#显瘦*风格#简约*风格#民族风*图案#线条*裤长#连体裤*裤型#阔腿裤,8.0,准确性方面，文案涵盖了所有关键词（裤、显瘦、简约、民族风、线条、连体裤、阔腿裤），但‘风格#简约’和‘风格#民族风’的体现稍弱；生动性方面，语言较为吸引人，使用‘展露迷人线条’、‘释放魅力’等词语，能激发购买欲望；自然度方面，整体通顺，但‘个性的连体裤版式有着强大的兼容性’稍显机械，整段流畅度尚可。
956,此款衬衣以素色为基调搭配拼接的红白蓝条纹装饰袖口与领子设计吸睛抢眼，彰显个性且时尚。经典的单排扣门襟，穿脱方便美观大方又不失品质。采用大廓型直筒的设计。穿着宽松舒适自然修饰身材的同时又十分遮肉显瘦。精美的<UNK>polo领的设计，展现干练精神的面貌且帅气有型。,polo领BRAND单排扣的经典衬衫版型搭配略宽松的oversize版型，打破呆板，看起来更加轻松随意。在经典的法式蓝白竖条纹基础上增加格子拼接元素，匠心独具。还能从视觉上更加显瘦，而精致细腻的做工将衬衫的质感又提升一个level。,类型#上衣*版型#宽松*版型#显瘦*图案#条纹*图案#格子*衣样式#衬衫*衣领型#polo领*衣门襟#单排扣*衣款式#拼接,7.0,准确性：基本包含所有关键词，但未提及'格子'和'条纹'（仅提到'条纹装饰'，格子缺失），且'<UNK>polo领'显示未识别。生动性：语言较有吸引力，如'吸睛抢眼'、'帅气有型'，但部分表述稍显堆砌。自然度：整体通顺，但'大廓型直筒的设计'略显重复，有机械拼接感。
957,来自massimodutti的这款西服外套，采用经典时髦的格纹设计感，展现浓郁的复古绅士气质；两侧大口袋点缀其上修饰造型，个性时尚又便于携带随身小物；两侧边分别添加了拼接细节，打破暗灰色底色单调感，轻松提升整体层次感；搭配简洁版型剪裁，打造出利落干练的整体效果。选用优质羊毛面料，触手顺滑而柔软手感，穿着舒适不僵硬。配上纯黑色的内搭，打造优雅儒雅绅士。展现出独特的文艺气息。,柔软的<UNK>外套肩膀与胸口口袋处拼接着皮革材质，使表面呈现出丰富多变的质感；黑色与灰色相间的格纹之间，点缀着细小的花朵图案，颇具复古文艺气息的同时，又不会过于死板。,类型#上衣*颜色#黑色*颜色#灰色*风格#复古*风格#文艺*图案#格子*图案#复古*衣样式#外套*衣款式#拼接*衣款式#口袋,7.5,准确性方面，基本覆盖了所有关键词，但未明确提及黑色和拼接口袋；生动性较好，使用‘复古绅士’、‘文艺气息’等词汇，有一定吸引力；自然度较高，语句通顺，但稍显模板化。综合扣分点：遗漏了‘黑色’和‘拼接口袋’的具体描述，且‘打造优雅儒雅绅士’略显重复。
958,采用质地轻薄顺滑的桑蚕丝面料制作而成的假两件小a型连衣裙，表面光泽柔和细腻，触感自然清爽，穿着舒爽透气，夏季里感受凉爽和舒适。领口处采用了花边式立体的木耳元素设计，与袖口、下摆以及腰部位置加以拼接的褶皱木耳相得益彰，配合上飘逸甜美的羽毛印花的点缀，穿在身上摇曳<UNK>，甜美灵动的感觉瞬间萌化你的少女心，演绎出小女人独有的俏皮可爱范儿来。,oz家的这款真丝连衣裙，舒适质感搭配层次丰富的裙摆拼接，丰富而不会觉得繁琐，视觉上尽显优雅的气质！腰部拼接的木耳褶边，加以细碎的褶皱尽显俏皮和可爱感！裙身上<UNK>的印花，是一种很有艺术韵味的花朵，素雅好搭配的色彩，上身大气又尽显温柔感！,类型#裙*材质#蚕丝*图案#印花*裙长#连衣裙*裙款式#拼接*裙款式#木耳*裙款式#抽褶,7.5,准确性：基本包含所有关键词，但“裙长#连衣裙”未直接体现，如开头“假两件小a型连衣裙”隐含了裙长，但未明确说明。生动性：语言较生动，如“萌化你的少女心”，能激发购买欲望。自然度：总体通顺，但“摇曳<UNK>”中“<UNK>”为占位符，影响流畅，且“甜美的俏皮可爱范儿”有轻微重复感。
959,这款连衣裙整体都是选用同色系的颜色，搭配上中长款的版型以及后背交叉的系带袖子，时尚与舒适并存，又十分的显瘦。经典的v字领显得女性更加的优雅大方，加上两袖口的独特样式，更加展现出女性的柔美个性。,这件连衣裙的腰部带有侧边系带的装饰，十分美观也能够很好的勾勒腰部曲线。常见小v领修饰脖领曲线微露迷人锁骨，展现出女性独特的魅力。整体中长款修身的版型巧妙的包裹着身体，得体<UNK>，拥有十足的魅力。,类型#裙*版型#显瘦*裙长#连衣裙*裙衣长#中长款*裙领型#v领*裙衣门襟#系带,6.5,（1）准确性：缺失关键词‘显瘦’（原文提到但未强调，且未覆盖‘系带’作为腰部设计，而是描述为‘后背交叉的系带袖子’，不准确）；（2）生动性：语言较为流畅但缺乏亮点，如‘时尚与舒适并存’略显平淡；（3）自然度：整体通顺，但‘加上两袖口的独特样式’表述略生硬。关键词覆盖不全，细节与参考有差异。
960,<UNK>和黄色两种颜色的碰撞，带来不一样的视觉美感，淡雅素净的花朵铺陈于轻盈若透的雪纺面料上，让这款连衣裙散发出温柔梦幻的气息，在夏日里穿非常舒心舒适。而且这件裙子还有小立领的设计，显得十分大气。而飘逸大裙摆搭配上五分袖，则更添几分灵动的小女人味道。非常适合想要度假或者约会的时候穿搭哦。,这是款自带小清新感觉的连衣裙，穿起来很是减龄，清爽的黄色小碎花在雪纺的渲染下，格外具有层次感。色彩如同水墨画的晕染，那般富有想象力和动感，五分袖的设计格外端庄优雅，彰显出女性由内而外的自信与美丽。,类型#裙*材质#雪纺*颜色#黄色*风格#清新*图案#碎花*裙长#连衣裙*裙袖长#五分袖,7.5,准确性上，缺少'碎花'和'清新'关键词，但其他关键词均有涉及；生动性较好，使用了'温柔梦幻'、'舒心舒适'等感性词汇，能激发购买欲；自然度流畅，但开头的'<UNK>'错误影响通顺性，整体无明显机械感。
961,这条裤子采用黑色基调渲染，简洁大方不显张扬与突兀。优选优质纯棉材质制作而成，拥有非常好的透气吸汗性能和柔软亲肤的质感让你带来更好的上身享受体验。松紧高腰的设计完美贴合腰身勾勒女性完美纤细腰肢线条，七分长度剪裁让腿部线条更显秀气别致。宽松裤脚更添舒适感休闲感十足。,这款休闲裤是经典的黑色款，非常的实穿百搭，出街实力吸睛！采用纯棉的面料设计，上身质感更舒适。高腰的款式优化身材比例，七分的长度设计，更显双腿修长。宽松的裤身版型，更好的修饰臀部和大腿的线条。上身后彰显休闲时尚的气质感！,类型#裤*版型#宽松*材质#棉*颜色#黑色*风格#休闲*图案#线条*裤长#七分裤*裤腰型#高腰,8.2,文案准确覆盖了所有关键词，包括宽松版型、纯棉材质、黑色、休闲风格、七分裤、高腰，仅未明确提及线条图案，但整体准确度高。语言较为生动，如‘勾勒女性完美纤细腰肢线条’有画面感，但‘上身享受体验’略显累赘，购买欲望稍弱于参考答案。自然度方面，部分表述如‘不显张扬与突兀’稍显冗余，但无明显机器感。综合评分8.2分。
962,温暖舒适的藏青色面料，柔软有质感，适合贴身穿着。修身的长袖针织毛衣，简洁的印花装饰，让整件的色彩不再单调乏味。经典的小圆领设计，<UNK>颈部肌肤，更加优雅迷人，保暖防风。这款套头的毛衣采用纯羊毛面料，手感细腻柔和，内里添加氨纶的成分，不易起球变形不易缩水。,来自BRAND，黑豹嵌花毛衣。精选100％羊毛材质打造，软糯轻薄，穿着透气。简洁小圆领长袖套头款式设计，略微修身的版型作为内搭或是外穿皆出彩。个性黑豹印花图案装饰，彰显霸气设计细节。,类型#上衣*版型#显瘦*材质#羊毛*图案#印花*衣样式#毛衣*衣领型#圆领*衣袖长#长袖*衣门襟#套头,6.5,准确性上，遗漏了关键图案“黑豹”，且增加未提及的“氨纶”成分，与关键词“纯羊毛”矛盾；生动性一般，语言平实，缺乏大牌感；自然度尚可，但存在“<UNK>”乱码，且多处用词重复（如“柔软”），整体机械感较强。
963,经典修身款式，<UNK>腿剪裁设计，时尚百搭。束脚设计贴合腿部舒适无紧绷感，腰部抽绳束腰设计穿起来方便且美观大方。<UNK>以灰白色为基底色彩搭配黑色logo进行点缀，打造出具有复古气息的休闲裤。精选面料柔软舒适又富有质感和弹性，含棉工艺的运用让你告别束缚感受随性的活力。,这款复古束脚裤，经典时尚的纯黑色为底色，侧边的白色拼接，给整件裤子增添了一分活力感。精选优质棉质面料，手感舒适，纹理细致，耐洗耐磨。裤脚的罗纹缩口设计，防风有型又显瘦。腰部抽绳设计，可调节松紧度，穿着舒适，无束缚感。,类型#裤*版型#显瘦*材质#棉*颜色#白色*颜色#黑色*风格#复古*图案#复古*裤款式#拼接*裤款式#抽绳*裤口#小脚,5.5,准确性不足：缺少'白色'、'黑色'、'复古'、'拼接'、'棉'等关键词，且出现了未定义标签<UNK>；生动性一般：描述较为平淡，未能突出显瘦、复古等卖点；自然度较低：有不通顺的表述如'<UNK>腿剪裁设计'，整体有机械拼接感。
964,这款时尚又个性的风衣可以hold住大部分场合穿着，小个子mm也可以轻松驾驭哦~这款风衣选用军绿底色设计而成，尽显帅气干练气场；经典的小立领结合大翻领廓形剪裁处理，让整体穿搭更具年轻活力感；宽边腰带松紧可调节版型，结合前短后长的宽松直筒轮廓剪裁，上身舒适自在的同时还很显高呢！让你感受一下春季的新生感和满满的青春活力~常规版型适合搭配裙装和裤装进行搭配，凸显与众不同的魅力~,这款过膝长款风衣，采用经典军绿设计，搭配双排口点缀，立刻凸显优雅时尚范儿，<UNK>袢加上精致肩章，层次感分明，给整体大大加分，<UNK>形版型则不会显得臃肿。再加上宽松腰带的加持，瘦高的身材立体一秒体现。小立领设计，打破了风衣常规的翻领，勾勒出脖颈曲线。,类型#上衣*版型#宽松*颜色#军绿色*衣样式#风衣*衣领型#翻领*衣领型#小立领*衣长#常规*衣款式#腰带,7.5,准确性：漏掉了部分关键词如'翻领'（仅提到大翻领，但未明确写出'翻领'）、'双排扣'（原文有双排口）和'过膝'，且未提及'双排口'、'肩章'等细节。生动性：语言较有感染力，如“帅气干练气场”、“年轻活力感”等，能激发购买欲。自然度：语句通顺，无明显机械感，但“常规版型适合搭配裙装和裤装”稍显冗余。综合扣分在关键词遗漏和细节描写不足。
965,这款两件套连衣裙采用双层衣摆设计，内层雪纺面料，飘逸灵动仙气十足；外层纱线拼接百褶裙式样，增加层次感更有立体时尚气息。衣领为圆弧状剪裁结合珍珠装饰，提升女性柔美气质同时更显时髦度。前襟圆形排扣丰富视觉细节效果、增添趣味性同时方便穿脱更美观。整身由精致靓丽的几何印花元素点缀，整体造型更加时尚亮眼并且凸显了女性的优雅魅力。面料具有很好的垂坠感不易粘毛，而且不会产生静电，因此穿着更为舒适自在。,这款连衣裙甄选了柔软的雪纺面料打造，垂坠有型，穿着很舒适。弧形的领口，恰到好处的露出领口，浓浓的女人味。几何印花的造型，超级有女神范，自然百褶的元素，唯美浪漫。,类型#裙*材质#雪纺*图案#几何*图案#印花*裙型#百褶*裙下摆#弧形*裙下摆#垂坠*裙长#连衣裙,6.0,准确性上，文案基本包含了所有关键词，但缺少明确的‘百褶’和‘弧形下摆’提及；生动性较好，使用了‘飘逸灵动’、‘仙气十足’等词汇，但部分描述如‘珍珠装饰’和‘圆形排扣’未在关键词中出现，可能偏离核心卖点；自然度一般，整体通顺，但存在重复修饰，如‘时尚亮眼’和‘优雅魅力’略显堆砌，有一定机械感。
966,BRAND设计师带来的这款连衣裙采用两件套设计，外面一款经典的竖条格纹点缀白色的衬衫，自带优雅的<UNK>与时尚范儿；经典的格子纹路搭配v领的设计演绎出少女独有的俏皮可爱感；腰间加入荷叶边的束绳系带不仅能够展现甜美浪漫的气息更显整体的美感，同时黑白的搭配凸显优雅复古的英伦风；a袖剪裁自然垂坠与下摆形成呼应，上身打造微修身的合体廓形更能衬托出娇小玲珑的身姿。两件一体的连衣裙无需过多的心机搭配穿着就能轻松吸睛。,这件宽松款式的的格纹衬衫，特别选用了细密的黑白格纹，经典<UNK>的黑白格纹可以<UNK>是“格纹<UNK>”，暗黑系的配色加入反光的白色纹路形成的小格子，带来了许多活泼跳跃的感觉，又营造出英伦复古的怀旧文艺气息，这种格纹不仅时尚还暗藏显瘦心机。拼接的荷叶边，廓形立体飘逸灵动，垂于胸前更显浪漫甜美。领口黑色拼接系带，打造出v领视觉，精致又洋气。,类型#上衣*版型#宽松*版型#显瘦*颜色#白色*颜色#黑色*颜色#黑白*风格#英伦*风格#复古*风格#文艺*图案#格子*图案#复古*衣样式#衬衫*衣领型#v领*衣门襟#系带*衣款式#拼接*衣款式#荷叶边,6.0,准确性不足：未包含'宽松'、'显瘦'、'拼接'等关键词，且描述为连衣裙而非上衣；生动性一般：有一定画面感但用词较平，如'少女独有的俏皮可爱感'略显俗套；自然度尚可：整体通顺但稍显机械，如'无需过多的心机搭配'表述生硬。
967,格纹设计，简单素雅的气质，经典不过时。腰部做了褶裥处理，能够很好的收起腰腹的赘肉。包臀版型搭配鱼尾下摆，文艺又时尚。精选优质纯棉面料设计而成，穿着舒适，吸湿透气功能也强。衣身采用精美的打揽工艺，更加美观大方。袖口荷叶边设计，更显俏皮可爱。,藏青色的格纹图案，将整件包臀裙饰以文艺复古风的设计，100%的纯棉面料，舒适亲肤，贴合身形的同时。前身立体感的荷叶边点缀，结合下身的鱼尾裙下摆，更为凸显浪漫情怀。,类型#裙*材质#棉*风格#文艺*图案#格子*裙型#包臀裙*裙型#鱼尾裙*裙下摆#荷叶边,7.5,包含所有关键词，但未能完美融合；语言较生动但略显堆砌，如'精美打揽工艺'与商品无关；自然度较高，但'穿搭'描述未完全契合商品类型。
968,这款充满浓郁女性气息的连衣裙选用了极具活力的红色调，靓丽大方十分吸睛。经典的圆领设计简约大气，修饰出优美的颈部曲线；不规则的裙摆设计自然随性，增添了不少优雅感；腰身侧边的斜门襟与拼接口袋设计个性别致，为简约版型的裙子增添了几分俏皮小女人感觉，同时起到一定的层次划分作用，尽显纤细腰肢及纤美腿线；裙子下摆上采用的竖条纹拼接点缀出视觉冲击效果，衬托肌肤更显白皙有光泽；精美的花朵绣花工艺细腻精湛，上身效果特别柔美温柔，在春天到来之际穿上它出门更是能够赚足回头率，直筒廓形有着极强的包容作用，穿着又遮肉显瘦效果好。撞色的绣花装饰打破了裙身的单调，增加整体的色彩层次和趣味性。,富有设计感的一款连衣裙，用红色与条纹的撞色不规则拼接，凸显新颖有个性，吸睛亮眼，不仅丰富视觉感受，更层次鲜明。侧边还有一个刺绣的点缀，精美可爱，让衣身更加时髦靓丽，充满个性帅气。连衣裙的版型是修身直筒的，搭配简约的圆领，方便好穿，也很百搭显瘦，不挑身形。,类型#裙*版型#显瘦*颜色#红色*风格#简约*图案#条纹*图案#刺绣*图案#撞色*裙型#直筒裙*裙长#连衣裙*裙领型#圆领*裙款式#拼接*裙款式#不规则,7.5,文案基本覆盖关键词，语言生动，但缺少'图案#撞色'的准确体现，部分表述稍显机械，如'在春天到来之际穿上它出门更是能够赚足回头率'略显刻意。
969,一款非常百搭的时尚短外套，衣身上以纯净清爽的白色调为基础色，整体给人一种干练舒适的休闲感。立体修身的裁剪配合简洁的廓形，上身挺括有型的同时更添青春活力气息。腰部的背带设计可自由拆卸，搭配一条同色系的时尚半身短裙，打造甜美清新的学院风少女模样；也可将下摆扣上，穿出别样的风情和时髦格调。胸前大方的贴袋实用，可以方便放置一些小物品，也丰富了整体的细节感和实用性，打造舒适自然的穿着体验。衣袖两侧开叉的处理，与胸口的设计相呼应，彰显出轻松随性之感。自然收拢的下摆结合了松紧的设计，穿脱更加灵活方便。,休闲感十足的一款背带裙，是少女的专属。修身的版型，勾勒出婀娜多姿的黄金曲线。自然腰的打造，彰显出优雅大方的少女感，清新的本白色仿佛在诉说着一个简单的故事，雅致而又十分的显韵味，简单呈现出都市时尚摩登感。,类型#裙*版型#显瘦*颜色#白色*风格#休闲*风格#清新*裙型#背带裙*裙腰型#自然腰,4.0,准确性方面，文案未包含关键词“显瘦”、“白色”、“休闲”、“清新”、“背带裙”、“自然腰”，而是错误地描述为“短外套”，完全脱离商品。生动性方面，语言虽有一定描述，但对象错误导致无效。自然度方面，语句通顺，但整体流畅于错误商品，缺乏实际价值。
970,很有时尚感的一条格纹连衣裙，上身有种日本<UNK>的风格特点，展现出优雅大方的气质，带有淡淡的日系气息。精致的小立领设计，衬托出颈部秀丽的优美曲线。肩膀采用镂空的处理，增加整体的吸引力，让小性感悄然绽放开来。腰部采用不规则的压褶的设计，勾勒出婀娜多姿的身段，尽显女性的柔美大方之感。腰身的彩色拼接点缀着整条，显得格外有文艺范。,镂空的挂脖领设计个性且十分吸睛，精巧别致的露出性感的锁骨，却不失文艺的气息，洋溢出日系风格的时尚感。不规则的压褶处理，结合衣身与衣袖的双层拼接，不显单调且充满了层次感，还可以遮肉，举手投足间凸显灵动柔美感。裙摆的大胆设计使原本中规中矩的连衣裙瞬间变得时髦又有趣，洋溢出随意风的惬意感。凹凸有致的立体格子装饰，彰显精致感，迸发着时尚亲和力，尽显知性优雅的气息。使整体透露出日系风格的甜美。,类型#裙*风格#日系*风格#文艺*风格#知性*风格#性感*图案#格子*裙下摆#压褶*裙长#连衣裙*裙款式#拼接*裙款式#勾花镂空*裙款式#不规则,6.5,准确性方面，缺少'拼接'、'勾花镂空'、'不规则'关键词，且'格纹'应改为'格子'；生动性尚可，但部分用词如'日本<UNK>'、'秀丽'略显生硬；自然度较好，无明显机械感，但'散发着'、'点缀着'等表述稍显重复。整体尚可但不够全面。
971,一袭温柔的色调的飘逸连衣裙穿起来很是显品味，优雅的大裙摆造型修饰身材很显气质。v字的领口和袖口的刺绣镂空设计打造出假两件的既视感，喇叭袖的设计增加几分小性感的味道。腰部采用收腰的处理凸显出纤细有致的身材比例。微喇的中长款式也刚好包裹住大腿部的赘肉。,一款洋气而性感的镂空连衣裙，整体采用了镂空的刺绣面料，给肌肤带来舒适的清爽感，透视也增加了性感的韵味；自然散开的喇叭袖，微露肌肤性感而优雅；收腰大摆的中长款版型，上身尽显高挑身姿。,类型#裙*风格#性感*图案#刺绣*裙型#大裙摆*裙长#连衣裙*裙衣长#中长款*裙袖型#喇叭袖*裙款式#勾花镂空*裙款式#收腰,7.5,准确性：包含所有关键词，但“大裙摆”被描述为“优雅的大裙摆造型”，符合要求；生动性：语言较流畅，使用了“飘逸”、“显品味”等词汇，但缺乏强烈购买驱动；自然度：通顺自然，无明显机械感，但略显平淡。
972,一件白衬衫在春夏季节绝对是必备的单品，无论是日常、上班还是旅游都可以搭配出不同的风格和气质！对于上班族来说，选择白色的衬衣搭配黑色系带西裤，非常简洁的ol风~而日常就选择这样一条百褶的高腰短裤，上身搭配一件素色的小衫很有名媛范哦。,这是一款ol通勤风的西装裤。设计师选用经典黑色，<UNK><UNK>显得腿很直哦！裤脚卷起来露出白色的设计，特别有感觉，打造个性时尚。,类型#裤*颜色#白色*颜色#黑色*风格#通勤*风格#ol,3.5,准确性：待评测文案提到了黑色西裤和OL风，但商品关键词要求是白色、黑色、通勤、OL风格且类型为裤，而文案却以白衬衫为主，并提到短裤和名媛范，与商品类型和风格不完全匹配，遗漏了白色裤子的元素。生动性：语言较流畅，但描述重点偏离商品，对裤子的描述较少，购买欲望不强。自然度：通顺自然，无复读或机械感。
973,一款<UNK>的早春感复古风衬衫连衣裙，采用的是纯白色的渲染，简洁大方又凸显气质美。领口的设计可谓是点睛之笔，将左边的肩膀裸露出来，而右边的则用黑色的条纹进行遮盖起来。打造出一种小露香肩的既视感。同时以中长的款式呈现。宽松的下摆，修饰身形效果很赞，轻松显瘦拉长身高比例，面料是纯棉的面料，亲肤柔软上身效果佳。,issdm这款竖条纹露肩衬衫带来满满复古BRAND风。经典的竖条纹元素时尚减龄更具年轻风采。足量纯棉面料质感绵软舒适穿着更亲肤透气。宽松慵懒的版型轮廓鲜明生动方便自由舒展身躯更展现年轻活力。酷劲十足的纯黑色调优雅高级不做作。个性十足的穿衣肩带设计带来一丝潮酷十足的哥特式风范气场十足。中长款版型显高显瘦更有气质。,类型#上衣*版型#宽松*版型#显瘦*材质#棉*颜色#黑色*风格#复古*图案#条纹*图案#复古*衣样式#衬衫*衣长#中长款*衣款式#露肩,5.5,文案覆盖部分关键词但漏掉黑色、复古、显瘦等核心元素，生动性不足且存在拼写错误（UNK），自然度一般，因此评分中等偏低。
974,纯白色的衣身，带着淡雅和纯洁的自然气息，结合v型娃娃领口的设计，轻松的展露优美的天鹅颈，也令整体尽显出清纯和可爱感。而且袖部和前片拼接了花边的点缀，将活泼趣味与灵动韵味释放出来，再配以交叉后背的两根彩色飘带，带来活力满满的时尚美感，也让整条裙子更为减龄。宽松微a型的裙摆剪裁，搭配侧缝开叉的设计，上身穿着更舒适的同时让裙子自带显瘦的功效。,白色花边拼接娃娃领，配合飘带设计，妥妥的心机，乖巧的风格，减龄指数飙升；宽松的裙型，自然随身且十分显瘦；裙摆<UNK>，宽摆设计，增加了整体层次感，既活泼又提气精神。,类型#裙*版型#宽松*版型#显瘦*颜色#白色*裙下摆#花边*裙领型#娃娃领*裙款式#拼接*裙款式#飘带,9.0,文案准确包含了所有关键词，如白色、花边、娃娃领、飘带、宽松、显瘦等；语言生动形象，使用了‘淡雅’‘纯洁’‘天鹅颈’等词汇，富有感染力，能激发购买欲；描述自然流畅，无机械复读感，整体结构清晰。
975,这款来自BRAND的休闲长袖上衣，以温柔细腻的<UNK>色为底色设计而成，在胸口处以精致的花边装饰与点缀，尽显少女甜美时尚风范，而整体采用的拼色竖排扣设计，又给衣身带了一抹亮丽的色彩，轻松展现出简约大气的品牌质感。而直型下摆的运用更衬托出纤细腰肢，搭配一款纯白色的休闲中裤，显得优雅恬静，让人爱不释手哦~,<UNK>的这款拼色休闲女鞋，简约而自然，充满个性化。采用拼色粉色底+经典系带款式，是此单品的一大重要亮点，穿起来既年轻又有活力，特别好看。外型讨巧，包裹性良好，可搭配各种裤型，漂亮又实用。轻盈鞋身设计，让你几乎忘记鞋子的存在，使步伐更加轻松。,类型#裤*颜色#粉色*风格#简约*风格#休闲*图案#拼色,1.0,待评测文案准确但内容与商品关键词严重不符。关键词要求描述‘裤’、‘粉色’、‘拼色’等，但文案描述的是‘上衣’，且涉及少女风、花边等，偏离商品核心。此外，语言虽有生动性但未围绕关键词展开，无法有效促进购买。整体自然度较好，但主题错误导致得分极低。
976,整身红白相见的配色令人眼前一亮，尤其是鲜艳大方的红色印花，仿佛带来一股热情四射的美少女气质。别具一格的v领设计不仅展现女性柔美颈部轮廓，还散发出一股浓郁的女人味，而袖口荷叶边的加入，为整体造型增加了灵动气息。,大气活泼的红色裙身，会是一抹很独特的存在；精致的v领，能优化颈部的曲线，还能在不经意间，看到迷人的事业线；腰间增加了荷叶边的点缀，既能优化腰部的曲线，还带着立体的美感；精美的印花，装饰着衣身，丰富了裙身的色彩，精美有韵味会吸睛；轻薄的材质，透气性<UNK>保护肌肤。,类型#裙*颜色#红色*图案#印花*裙下摆#荷叶边*裙领型#v领,5.5,准确性：缺关键词‘裙下摆荷叶边’（描写的是‘袖口荷叶边’，错误），未提及‘材质轻薄透气’。生动性：有感染力但用词稍显夸张。自然度：较通顺，但‘红白相见’应为‘红白相间’错别字。
977,简单清爽的BRAND这款两件套采用干净白色的打底连衣裙设计，搭配上时尚简约的设计格调，让整体裙摆随步伐摇曳生姿的同时更显舒适自然。搭配着浪漫的小飞袖造型，结合着精致的荷叶边设计，凸显出甜美可爱感的同时，轻松打造优雅迷人的都市丽人形象，衬托你的气质与魅力。搭配白搭衬衫，让整体的层次更加丰富立体，精致而又不失干练美感！,这款衬衫崇尚简约风格，一切从简但又不失别样质感。简单白色的运用，看起来毫无瑕疵，有种<UNK>的气质。前襟和袖口的荷叶边设计，使整体散发着优雅清纯的韵味，时尚无比。,类型#上衣*颜色#白色*风格#简约*衣样式#衬衫*衣款式#荷叶边,6.0,准确性方面，关键词‘白色’、‘简约’、‘衬衫’、‘荷叶边’均有涉及，但‘上衣’和‘荷叶边’描述为‘打底连衣裙’和‘小飞袖’，略有偏离；生动性尚可，但存在冗余描述，如‘让整体裙摆随步伐摇曳生姿的同时更显舒适自然’，购买欲望一般；自然度偏低，出现‘BRAND’占位符，且‘搭配白搭衬衫’疑似打错，整体通顺但机感明显。
978,这款宽松舒适的空调开衫，运用清新的纯色渲染，没有过多的杂乱装饰，只靠版型的个性以及优质的纯棉面料打造出属于自己风格的时尚。干净纯色的设计给人一种清爽感，搭配下摆的插袋设计，不仅起到了装饰作用。更可放置一些随身小物品哦~宽松的开衫与袖子的廓形相呼应，让人穿着时感觉舒适又随性。整体给人带来休闲的味道。,拥有春天般清新的纯色开衫，在春季怎么能少。基础的纯色系渲染，在搭配上能与衣橱所有的衣物组合，打造宝贝帅气的模样。宽松随性的版型，穿着休闲又日常，精选柔软的棉面料，让宝贝在春季穿着刚刚好，清爽又透气，享受舒适的穿着感。,类型#上衣*版型#宽松*材质#棉*颜色#纯色*风格#休闲*风格#清新*图案#纯色*衣样式#开衫,7.5,准确性方面，待评测文案覆盖了所有关键词，但将‘开衫’描述为‘空调开衫’略有偏差；生动性较好，运用了‘清爽’‘时尚’等词汇，但部分表述（如‘版型的个性’）略显生硬；自然度尚可，整体通顺，但存在轻微机械感，如‘属于自己风格的时尚’不够自然。总体评分7.5分。
979,此款儿童连衣裙采用了精致的圆领设计，不仅能给小宝贝带来更为舒适合身的穿着体验感。同时又能够在不经意间将小宝贝温雅又可爱的气质彰显的更加淋漓尽致呐。<UNK>满印式的印花图案装饰裙身，能增强衣身的立体层次感和鲜明的视觉效果。而简约优雅的h型廓形设计，则对身材具有极佳的包容能力呢。,经典的h型版型，打造出精致的连衣裙。秀气简约的印花，让你更具名媛韵味。简洁大气的圆领设计，更能修饰优美脖颈和脸型。尽情彰显女性优雅的魅力。暗色系的颜色，低调又有内涵。连衣裙的面料也很舒适，给你亲肤新体验。,类型#裙*版型#h*风格#简约*图案#印花*裙长#连衣裙*裙领型#圆领,5.5,1. 准确性：待评测文案包含了所有关键词（类型#裙、版型#h、风格#简约、图案#印花、裙长#连衣裙、裙领型#圆领），但增加了“儿童”限定，与商品关键词不匹配。2. 生动性：语言较为生动，有“小宝贝”、“淋漓尽致”、“鲜明”等词汇，但整体偏向儿童风格，与参考答案的“名媛韵味”、“女性优雅”不符，降低了购买欲望。3. 自然度：文案通顺，但存在<UNK>标记，且有“呐”、“呢”等语气词，略显机械感，且“满印式”表述不够常见。综合评分5.5。
980,这是一款采用经典利落的裁剪风格设计的风衣，精致的走线，使得这件风衣的线条得到了很好的诠释和展示。两侧带有经典的口袋设计，使得这件衣物在实用性和美观性方面都表现的非常好。胸口单排大扣子的加入与肩部的撞色<UNK>的设计相得益彰。没有多余的点缀装饰，非常百搭耐看，日常搭配中可以轻松运用纯色打造出优雅和干净的感觉。,简洁大气的风衣廓形，自带着飘洒的自由属性，清爽的<UNK>没有冗杂的线条，只用纯色与材质彰显内心的纯粹气质。两道斜插口袋轻巧<UNK>在两侧，可以舒适自在地安放双手。<UNK>正中点缀着一只撞色小扣，轻巧透出一点玩趣的少女个性，打破单一色调点亮整体。,类型#上衣*颜色#纯色*图案#纯色*图案#线条*图案#撞色*衣样式#风衣*衣款式#口袋,7.0,待评测文案涵盖了关键词（风衣、线条、口袋、纯色、撞色），但缺少“纯色”作为独立关键词的明确提及，且“撞色”仅体现在肩部，与参考答案中的小扣子撞色不同；语言较为平实，缺乏生动性和购买欲望，有机械感（如“使得...得到了很好的诠释和展示”）；整体通顺但不够自然。
981,休闲风十足的纯白色t修身牛仔短外套，采用宽松的慵懒版型设计，穿起来具有时尚摩登感，而且不挑身材显胖。贴身的设计显得十分随性自在，穿着舒适凉爽，同时字母设计的刺绣与提花元素增添了层次感和甜美优雅感，使整体更加立体和饱满。搭配任何裙裤或短裤都非常有味道！,时髦帅气的字母刺绣元素设计，很能突显女性青春活力的感觉。宽松休闲的长款牛仔裙款式，显瘦又遮肉，随性又让人轻松自如哦！百搭又个性十足！,类型#裙*版型#宽松*版型#显瘦*风格#休闲*图案#字母*图案#文字*图案#刺绣*裙型#牛仔裙,4.5,文案严重偏离商品关键词，描述的是白色T恤牛仔外套而非牛仔裙，且未提及‘显瘦’‘裙型’等核心关键词，存在错误描述（如‘显胖’），准确性极差；语言有一定生动性但内容错误导致购买欲望低；通顺但内容不符逻辑，机械感明显。
982,简单又不会太沉闷的整体设计，带着甜酷少女的时髦与时尚。创意十足的双层拼接设计，在半边卫衣上加入了网纱的性感小背心，打造出假两件的层次美感。袖子部位的白色竖条纹点缀，与整体斑马的造型相呼应，个性前卫，复古感十足。下摆的地方是长款的设计，搭配了裤装的组合，让你轻松穿出高挑身材，同时宽松舒适的轮廓感，带来舒适的穿着效果。,这款由黑白色打造的卫衣，打破传统卫衣的局限性，衣袖处采用网纱拼接，复古优雅中充满着性感魅惑。宽窄不一的斑马纹，打破世俗的旧看法，创意无限让人浮想联翩。上身的效果宽松舒适，却能勾勒出前凸后翘的好身材，尤显做工精致。,类型#上衣*版型#宽松*材质#网纱*颜色#白色*风格#复古*风格#性感*图案#斑马纹*图案#复古*图案#创意*衣样式#卫衣*衣款式#拼接,7.5,准确性上，待评测文案覆盖了大部分关键词，但缺少‘白色’和‘复古’的明确提及，且‘斑马纹’被描述为‘斑马造型’，略有偏差。生动性方面，使用了‘甜酷少女’、‘个性前卫’等词汇，有一定吸引力，但整体略显平庸，不如参考答案突出‘性感魅惑’。自然度较好，语句通顺，无机械感，但个别表述如‘创意十足的双层拼接设计’稍显啰嗦。综合评分7.5分。
983,本款丹尼爱骆驼的男士铅笔牛仔裤，采用独特的丹宁制作工艺处理，呈现出微旧的色彩和质感；精选优质的全棉牛仔面料，手感细腻光滑，上身穿着具有挺括有型的造型感；个性的磨白点缀裤身，增添几分帅气气质且不乏怀旧格调，经典的五袋设计，融合了复古的元素；以独特的明线进行缝制并利用不同色调进行碰撞拼贴，结合撞色的条带装饰于脚踝，凸显时尚魅力与活力气息，提升整体品质效果的同时增添青春活力的视觉感受更显简约休闲的设计理念。,这款铅笔裤采用棉质混纺面料，吸湿透气，手感厚实，穿着舒适。裤身两侧经典复古对称插袋，随意休闲，具有良好的实用性。设计师在简约的版型设计上添加了撞色拼接的元素，让简约的牛仔裤多了几分街头时尚腔调，同时又不失减少原本的复古调性。,类型#裤*材质#棉*材质#牛仔布*材质#混纺*风格#复古*风格#简约*风格#休闲*图案#复古*图案#撞色*裤型#铅笔裤*裤款式#拼接,7.5,准确性较好，基本覆盖所有关键词，但未明确提及'混纺'（虽提到'全棉牛仔面料'，但未体现混纺特性）。生动性较高，语言有画面感和吸引力，如'微旧的色彩和质感''挺括有型''磨白点缀'等。自然度一般，存在个别冗余和机械感，如'增添青春活力的视觉感受更显简约休闲的设计理念'句式偏长且略显堆砌。总体不错，但可更精准和简洁。
984,这款加绒暖裤采用了微弹面料制成，亲肤舒适，且不易变形起皱；经典的束脚设计能够起到收缩脚腕防风保暖的作用提升裤子的时尚感；独特的剪裁方法加上微微的水洗做旧工艺，凸显的服装的个性又让整件裤子<UNK>宽松不紧绷，更显轻松随意的态度。无论日常穿还是运动时都有它的身影哦！,水洗做旧工艺让整款裤子的色彩感得到很好的调试，让裤子不显平凡枯燥。而宽松的裤腿加上小脚的设计，增加了裤子穿着的舒适性还不显拖沓累赘，更加便于日常出行和运动。,类型#裤*版型#宽松*材质#水洗*风格#运动*裤口#小脚,6.0,准确性：缺少关键词'运动'，且'宽松'未直接体现，仅通过'宽松不紧绷'暗示；'小脚'以'束脚'代替，不够准确。生动性：语言有一定吸引力，但'加绒暖裤'与关键词'水洗'、'运动'不符，产生困惑。自然度：存在<UNK>占位符，不自然；'凸显的服装的个性'有语法问题。总体缺乏对关键词的完整覆盖和准确传达。
985,精致的a字廓形搭配下摆的鱼尾装饰设计，整体造型更显婀娜多姿的气息，尽显优雅高贵的女性魅惑气质；舒适大方的圆领设计搭配精美的钉珠点缀，更具时髦吸睛的亮点和视觉的美感；高领衣袖结合半透的设计，更显灵动浪漫气息哦；舒适的针织面料更是衬托出女性的柔美线条的同时带有贴身的柔美感哟；立体的褶皱收腰处理，打造完美身形曲线的美感，宽松的裤脚更能修饰腿型的缺陷问题呢！,舒适的圆领，修饰颈部线条，时尚狐狸头针织图案，立体生动。高领保暖，褶皱弹力，鱼尾裙摆，充满浪漫风情又结实耐穿，风格精致、迷人而不失物料的轻薄、飘逸的特性。重工钉珠点缀，轻奢华丽的质感璀璨闪耀光泽。收腰a字版型收腰塑型效果好，上身高贵名媛范，宽松的设计不挑身材。,类型#裙*版型#宽松*材质#针织*风格#高贵*图案#线条*裙型#a字*裙型#鱼尾裙*裙领型#圆领*裙领型#高领*裙款式#钉珠*裙款式#抽褶*裙款式#收腰,7.0,准确性较好，包含大部分关键词（版型、鱼尾、圆领、钉珠、高领、针织、褶皱、收腰），但缺少‘线条’、‘抽褶’（褶皱可对应）、‘宽松’（提到宽松裤脚但未强调版型宽松）、‘风格高贵’（未直接体现高贵气质），且存在错误：称为‘裤脚’而非裙摆，不符商品类型。生动性较高，使用了‘婀娜多姿’、‘魅惑气质’等吸引性词汇，但部分表达如‘时髦吸睛的亮点和视觉的美感’略显冗余。自然度中等，整体通顺但有重复结构（如‘美感’出现两次）和机械感（如‘哟’字生硬）。建议修正关键词遗漏和类型错误。
986,简单的一件半身裙就能让整体穿搭变得和谐<UNK>。时尚的设计剪裁不显束缚，修饰高挑的腿部线条，勾勒曼妙好身材。<UNK>的设计，贴合腰腹曲线，舒适耐穿且修身合体。不规则的开衩设计是细节感所在，行走间自带灵动俏皮气质，提升优雅的气质。,这款半身裙采用贴身版型设计，有一定的廓形度，上身舒适无束缚。正面不规则斜向小开叉，隐约露出腿部线条，非常显瘦。满<UNK>的提花猫咪面料，设计感十足，为你赚足回头率。,类型#裙*版型#显瘦*图案#线条*裙下摆#开叉*裙长#半身裙*裙款式#不规则,8.0,包含了所有关键词，但缺少'线条'相关的描述；语言较生动，但‘优雅’‘灵动’等词略显笼统；整体通顺自然，无复读感，但‘修饰高挑的腿部线条’与‘显瘦’关联不够直接。
987,皮毛一体式穿着，保暖的同时更添舒适与慵懒的时尚气质，下摆采用独特的收褶设计，层次感十足。纯黑色系的服装给人高贵冷艳的大气之感，蕾丝裙摆的设计也是恰到好处，别致有型。肩部点缀蕾丝拼接更是让人眼前一亮，独特新颖的创意风格更显个性，时尚的前开拉链搭配螺纹闭合领口，方便穿脱又美观大方，上身后更觉精神利落。短款的版型修饰了下半身的比例，同时彰显出纤细腿形。袖子上的撞色设计也增添了细节亮点，打破黑色的单调乏味更能衬托出女性的甜美优雅气质。,全新的时代，让我们摒弃千篇一律的设计。极具创意个性的黑色蕾丝短款外套，给了我们独特的视觉感受。黑色短款上衣能够拉高腰际线，修饰身形，塑造出大长腿女神形象。衣摆处的撞色螺纹拼接，彰显着新时尚趣味。而金属拉链又毫无突兀的期待装饰的作用，让衣身看起来更加时尚大气。,类型#上衣*材质#蕾丝*颜色#黑色*图案#创意*图案#撞色*图案#蕾丝*衣样式#外套*衣长#短款*衣门襟#拉链*衣款式#拼接*衣款式#螺纹*衣款式#拉链,6.5,准确性欠缺：漏掉了'图案#撞色'（仅提到袖子撞色，但未强调'图案'）、'图案#创意'不明确，且未提及'衣门襟#拉链'；生动性中等：部分描述如'皮毛一体式'与蕾丝材质矛盾，细节过多但重点不突出；自然度尚可：语句通顺，但存在表述不一致（如'蕾丝裙摆'与商品定位'外套'不符）。
988,这是一款充满复古典雅气息的短外套，上身效果很棒。领口处添加了复古十足的立领设计，与黄色的底色相衬，使黑色的衣身更富有现代时尚感。<UNK>上使用了亮橙色的字母装饰，打破了单一感，同时彰显个性。可拆卸的小挂饰装饰在帽子边缘和衣摆，十分可爱美观哦。搭配牛仔裤就很吸睛了！！,来自BRAND的牛仔裤，依旧采用了复古的黑色牛仔布来塑造，并将黄色的车缝线密集缝制，让黑色的裤身添入了几分靓丽感。正面设计以简洁款式为主，<UNK>背部则是经典的大m从腰头下一只贯穿至裤腿上，并将其印制出黄色的字母装饰，让经典得到颠覆，使得裤身潮感十足。,类型#裤*材质#牛仔布*颜色#黑色*颜色#黄色*风格#复古*图案#字母*图案#文字*图案#复古,2.0,待评测文案描述的是短外套，而商品关键词明确为裤子（类型#裤），完全偏离产品类型。虽然部分关键词如黑色、黄色、复古、字母出现，但缺失牛仔布、图案等，且整体内容不相关。语言较为通顺但描述对象错误，无法激发对牛仔裤的购买欲。
989,这是一件设计感很强的长款风衣廓形。气质经典的翻领，干练大方；衣身前襟采用了立体多片<UNK>的设计，极具层次感与造型感；两侧的贴布设计，带来时髦的视觉效果；后中带腰的版型可以很好地修饰身材。另外还有质感超好的天丝缎面腰带，更显优雅高级品质感。,BRAND这款天丝轻薄风衣采用了层次感的翻领设计，显得十分有个性，展现个人气质。腰间带有可拆腰带设计，方便人们秀出腰线，展现好身材。,类型#上衣*材质#天丝*衣样式#风衣*衣领型#翻领*衣款式#腰带,9.0,文案准确包含了所有关键词，且描述生动具体，如'立体多片设计'、'后中带腰'等细节增添了吸引力，语言自然流畅，几乎没有机械感，唯一的小瑕疵是使用了<UNK>占位符，影响了完整度。
990,来自韩国的服装品牌BRAND<UNK><UNK>这款背心裙，采用了质地轻盈的天丝双绉面料制成，上身舒适透气性强。以经典款式中的风衣式剪裁呈现，搭配腰间腰带设计，有效提高腰线位置，打造出大长腿即视感。同时经典的气质小翻领和圆弧形下摆相结合，显得摩登有范儿又不失可爱俏皮气息。无论是做内搭穿出叠穿的时髦造型或是单穿都能展现女性魅力。,BRAND打造的一款比较适合初春搭配的薄款风衣，采用大翻领的设计，更加的潇洒，更能凸显你的气场。可以拆卸的腰带设计，随心搭出专属自己的风格，凸显你的魅力。采用的是天丝的面料，轻盈又爽滑，穿起来更加的舒适。,类型#上衣*材质#天丝*衣样式#风衣*衣领型#翻领*衣款式#腰带,6.5,准确性上，待评测文案未包含'风衣'和'天丝'（只提了'天丝双绉'，但材质关键词是'天丝'），且错写为'背心裙'，严重偏离商品类型；生动性一般，虽有些描述但不够突出卖点；自然度较好但存在拼写错误（BRAND<UNK><UNK>）。
991,这款连体裤采用了经典的绿色调基调，洋溢着满满的青春气息，展现出属于小女生的活力与俏皮感；简洁的系带领<UNK>了荷叶袖口的点缀，透着女性柔美的一面；v字的领口微露锁骨，隐约中散发出魅惑与性感的气质；而袖口与腰带同色系的织带交织，勾勒出立体层次感和造型感；腰身两侧设有贴袋，方便插手兼具实用效果，同时配以别致的竖纹条纹压褶装饰于腰间，更显俏丽；再运用别致的花边环绕着脚口和圆环系结收尾，为整体注入一丝甜蜜气息的同时更添浪漫清新的魅力，并加以可调节的两道宽腰带束出纤细的小蛮腰，加上个性的叠袢设计在两侧，打造高挑身材比例。结合挺括利落的立裁式阔腿剪裁，不仅优化穿着舒适度还能展现都市时髦女郎的优雅大气韵味。,连体裤是十分减龄又有范的单品，上身不用担心穿搭，又轻松显气质。这款连体裤是十分清新的绿色设计，淡淡的条纹极具气质范，<UNK>缝的包边彰显精致的做工。裤子是无袖的设计，具有性感的气息，阔腿裤的版型搭配摇曳的荷叶边，更显俏皮和活力，也带来满满的青春范。,类型#裤*颜色#绿色*风格#青春*风格#清新*风格#性感*图案#条纹*裤长#连体裤*裤型#阔腿裤,6.5,准确性：覆盖了所有关键词，但未突出'连体裤'。生动性：细节丰富但略显堆砌，购买欲望一般。自然度：部分句子较长，有机械感，如'结合挺括利落的立裁式阔腿剪裁'略显生硬。
992,充满浓浓艺术感的格纹连衣裙让优雅与活力碰撞在一起。复古而富有层次感的花呢面料凸显文艺气息十足的女性气质，袖子处的荷叶边的修饰更添一份甜美俏皮感，精致的小圆扣彰显细腻的做工，上身更显名媛风。经典的v字娃娃领设计更具复古英伦风范。腰部有装饰用的抽绳系带，在视觉上具有很好的遮肉效果，同时还能展现迷人的身材曲线，更显女性温婉柔情的一面。,最近时尚界大玩复古风潮，90年代的复古裙型，又再度流行起来。像这样一件极具文艺与复古味道的连衣裙，将双层荷叶边塑造娃娃领效果，甜美中透出怀旧的情调。格子图案的加入渲染英伦气息，让身上气质更显优雅干练。腰部的抽绳系带，让裙摆更显蓬松效果，展现淑女的一面。,类型#裙*风格#淑女*风格#英伦*风格#复古*风格#文艺*图案#格子*图案#复古*裙下摆#荷叶边*裙长#连衣裙*裙领型#娃娃领*裙衣门襟#系带*裙款式#抽绳,8.0,文案包含了所有关键词，准确性高；语言生动，能激发购买欲；自然度较好，但存在些许冗余，如'淡淡的文艺气息'略显重复，且'遮肉'表达稍显直白，整体优秀。
993,这是一款非常具有神秘感的裙子，藏蓝的色彩给人稳重感，上身很显气质。面料选用的手感相当舒适，质地厚实，又极具垂顺度，穿上后不会产生折痕或起球现象。裙身点缀着亮片的星星图案，点亮造型的吸睛亮点，又增添了甜美气息。经典的百褶裙设计不仅让裙子增加了浪漫优雅的味道，更彰显出唯美温婉的气质。腰间的系带起到了装饰的效果，为整体造型加分不少，展现女性柔美的一面。长度刚刚盖到膝盖左右的位置，让你尽情地尽享女性的青春活力。适合约会或是日常出行穿搭，既个性时髦又不失温柔文艺的感觉。,对于爱好学院风的文艺少女来说，百褶裙简直就是<UNK>的标志。百褶裙是学院风的经典单品，可以说是永不过时。这条百褶裙采用了文艺的藏蓝色，看起来温和低调充满了宁静的气息。简单的设计搭配亮片装饰让这条裙子穿起来更加少女。面料的原因让裙子拥有良好的垂坠感，穿在身上不会显得臃肿。这样一条裙子完全可以<UNK>衣柜。,类型#裙*颜色#藏蓝色*风格#文艺*裙型#百褶*裙下摆#垂坠*裙款式#亮片,7.8,文案涵盖了所有关键词（藏蓝色、文艺、百褶、垂坠、亮片），语言生动有吸引力，但‘神秘感’稍偏离文艺风格，略有堆砌感，整体通顺自然。
994,"将经典耐看的黑白色系加入进时尚而性感的性感，以充满女人味的荷叶边为点缀；运用了个性独特的拼接手法,让整体看上去更有一番趣味感,也避免了单色的单调乏味。一字领的拼色设计,小露香肩的同时修饰出优美的颈部线条与肩部轮廓,结合别致的袖口收皱处理,展现女性优雅迷人的身姿曲线后还呈现出一种灵气感,完美诠释了法式时装的新腔调美感。整条裙子充满了浪漫气息，上身显得格外轻盈、迷人,很有女神范儿。将连衣裙打造得更有内涵和气质。",这是女神款一字领连衣裙，简洁性感的露肩一字领口设计令优美的肩颈线条一览无余。充满立体结构感的夸张袖口和下摆丰盈荷叶边裙摆，与收腰裁剪形成廓型上的对比，加以经典的黑白拼色，更是本季不容错过的主打元素。,类型#裙*颜色#黑白*风格#性感*图案#拼色*图案#线条*裙下摆#荷叶边*裙长#连衣裙*裙领型#一字领*裙款式#露肩*裙款式#收腰,7.0,准确性方面，基本覆盖了所有关键词，但未明确提及‘裙下摆#荷叶边’和‘裙款式#收腰’。生动性较好，运用了‘女神范儿’等有吸引力的词汇，但部分表述如‘时尚而性感的性感’略显冗余。自然度一般，存在‘后还呈现出’等不通顺处，且有重复‘性感’一词，略显机械。综合扣减3分。
995,BRAND的这款印花长袖衬衫采用精美的花朵印花点缀而成，穿起来不仅看起来很有档次感还很凸显气质呢。再加上经典的单排扣设计简洁美观修饰衣身的同时更是很舒适方便哦。搭配舒适的纯棉材料精心缝制而成的宽松版型不紧绷舒适修身哦.,本款上衣整体采用较为宽松的直筒版型设计，藏肉显瘦，不挑身材，适合各种身形的人穿着。飘带领的领口设计，使得本款衬衫穿在身上看起来十分的甜美可爱。单排扣的衣门襟设计，又使得本款衬衫十分的经典大方。精美的印花图案装饰，使得本款衬衫不显得单调，上身给人一种独特的时尚魅力。长袖的设计，更加的贴合手臂曲线，上身更加的舒适贴身。,类型#上衣*版型#宽松*版型#显瘦*图案#印花*衣样式#衬衫*衣袖长#长袖*衣门襟#单排扣,7.0,准确性方面，包含了全部关键词，但细节处理不足。生动性一般，使用了“档次感”、“凸显气质”等词汇，但缺乏具体形象描述，吸引力有限。自然度较好，语句通顺，但“简洁美观修饰衣身的同时更是很舒适方便哦”略显拖沓。综合评分7分。
996,<UNK>的这款连衣裙甄选柔软亲肤的天丝面料，穿着时带给人舒适自在的质感体验；而其精致唯美的花朵装饰设计，则打破衣身的沉闷单调性并彰显出专属的小资女人的气质。加之腰间细腰带的设计，增添整体时髦韵味的同时尽显苗条好身材；最后设计师还为这款裙子设计了时尚的长袖口造型，显得优雅有女人味。,这一款廓形简洁的长袖连衣裙，我们选用了优质的天丝面料，天丝材质细腻顺滑，手感柔软舒适，却不失筋骨，有着爽滑的触感，非常适合做春夏季的时装搭配。,类型#裙*材质#天丝*裙长#连衣裙*裙袖长#长袖,6.5,待评测文案包含了所有商品关键词（裙子、天丝、连衣裙、长袖），准确性较好。生动性方面，使用了‘甄选’‘舒适自在’‘精致唯美’等词汇，有一定感染力，但‘<UNK>’影响了表达。自然度上，语句通顺，但有堆砌感，如‘彰显出专属的小资女人的气质’稍显冗余。整体质量中等，故评分6.5。
997,这款衬衫采用了修身版型，搭配上利落的剪裁设计，不仅上身效果舒适又灵活，还穿着更显得挺括美观；而翻领的版型设计，更添职业女性的干练气质。同时，这款衬衫在肩头处采用了分割设计，打破了整体性，给人眼前一亮的感觉，尽显轻松洒脱的运动感，彰显出独特的时尚品味。适合日常上班、商场休闲以及办公室等场合穿搭，更加具有优雅的通勤效果。,简单配色和基础翻领设计让这款衬衫看起来大方利落，不加修饰反而更具穿搭性，日常休闲、运动出游甚至是通勤场合皆可穿着；且修身版型设计显高不挑人，驾驭轻松穿出绅士范；辅以袖口的搭扣让穿法灵活多变，时尚出街。,类型#上衣*版型#显瘦*风格#通勤*风格#运动*风格#休闲*衣样式#衬衫*衣领型#翻领,7.5,准确性上，除‘运动’风格未体现外，其余关键词均覆盖；生动性较好，但缺乏显瘦和搭扣细节；自然度尚可，略有机械感。总分7.5。
998,时尚的纯色的连衣裙，领部点缀了柔美的花边设计，尽显甜美的气质。加上百褶的腰部的设计，穿着立体挺阔，更加的舒适耐穿。再加上经典的褶皱木耳边设计，增添了美感，俏皮又减龄哦！袖口的收紧设计，更显手腕纤细美。,有时候纯色布料看多了会造成视觉上的疲劳，但这款连衣裙却不会。虽然其主体部分只采用了一种面料，但在它的裙摆处融入了细腻褶皱工艺处理，所呈现出来的是层次丰富的百褶裙摆，它结合前襟的木耳边装饰，给连衣裙增添了浓浓的甜美气息。,类型#裙*颜色#纯色*图案#纯色*裙型#百褶*裙长#连衣裙*裙款式#木耳边*裙款式#抽褶,8.0,准确性方面，包含了所有关键词（除裙款式中木耳边和抽褶外，但已覆盖木耳边），但未明确提及抽褶。生动性较好，使用了柔美、甜美、立体挺阔等词语，有一定购买欲望。自然度较高，但腰部百褶与木耳边有重复感，略显机械。
999,这款裙子选用优质天然植物纤维素面料制成，具有较好的吸湿性和透气性，夏天穿着舒爽自在不闷热；精选纯棉质地内里，亲肤柔顺舒适，与柔软透气的雪纺面料的搭配让整体风格看起来更加飘逸、优雅，行走间更有仙气；绣花点缀，立体有细节感，凸显优雅韵味。小立领设计结合宽松a版形，适合各个年龄层次的人穿出不同的美感。面料轻薄且垂坠性好，上身轻松遮肉显气质。适合出游时穿着的，在夏日里让人也感到十分清凉。,胸襟处彩色花朵刺绣，充满民族风情，透露一丝古典美感。优质雪纺面料配上宽松裙摆样式，不仅活动方便，还呈现飘逸灵动美感。做工整齐细腻，一丝不苟，彰显高端品质。优质纯棉内里，亲肤柔软，呵护宝宝的每一寸娇嫩肌肤。,类型#裙*版型#宽松*材质#棉*材质#雪纺*图案#刺绣,7.0,准确性方面，包含了材质（棉、雪纺）、图案（刺绣）、版型（宽松）等关键词，但缺少裙类型。生动性较好，有感官描述和购买欲望激发，如“仙气”“遮肉显气质”。自然度较高，但部分表述略机械，如“内里”与前文“面料”衔接不够自然。整体中等偏上。
1000,简约的小v字低圆领设计，尽显女人味的同时，更显迷人锁骨美，胸前与袖子点缀着粉色珍珠点缀其中，为这款裙子增加了优雅的气质感；亮钻珍珠的拼接更添浪漫气息，时尚而大气。弹力捏褶设计穿着舒适不拘束，修饰腿部的完美曲线展露无遗；单侧的开叉加上腰间同布系带的设计，勾勒出曼妙的身姿，轻松打造高挑动人的形象！细腻柔软的针织面料手感极佳，亲肤性能更好，透气性佳的它上身也更加的随性轻盈。,针织亮丝的材质，把人带入未来科技感的新领域。简约的拼接小圆领，区分层次感。藕粉色闪着微微的星星光泽，好似人鱼<UNK>一般的梦幻迷人。开叉系带的袖口，摩登时尚。外搭的v领吊带裙，具有减重的视觉效果。,类型#裙*材质#针织*颜色#粉色*风格#简约*裙下摆#开叉*裙领型#圆领*裙领型#v领*裙衣门襟#系带*裙款式#亮丝*裙款式#拼接,6.5,准确性较低，未提及亮丝、拼接、V领等关键词；生动性较好，但部分表述（如'粉色珍珠点缀其中'）与关键词冲突；自然度一般，有重复感（如'珍珠'多次出现）。
1001,充满灵气的一款半身长裙；洋溢着浪漫气息的肩部与两侧，采用了飘绕的荷叶边作为装饰，既能衬出甜美范又可修饰出优雅的女神韵味；不规则的下摆设计，丰富了层次并显出曼妙身姿，使时髦的穿着洋溢着性感的女人味；而贴心的松紧高腰，能够穿脱自如凸显着纤柔的身线，穿上它让你摇曳生姿。,高腰的版型，使双腿看起来更加修长，实现了身材比例的完美分割。包臀设计，展现出曼妙的身材曲线，散发出性感的女性气息。不规则的荷叶边设计是整条裙子的亮点，上身更是造型感十足。,类型#裙*风格#性感*裙型#包臀裙*裙下摆#荷叶边*裙腰型#高腰*裙款式#不规则,7.5,准确性上，覆盖了‘荷叶边’、‘不规则’、‘高腰’等关键词，但缺少‘包臀裙’和‘性感’（‘性感女人味’勉强算），且‘类型#裙’未明确点出；生动性较好，用词如‘飘逸’、‘层次’、‘摇曳生姿’有吸引力；自然度稍弱，‘肩部与两侧，采用了飘绕的荷叶边’表述略冗余，‘穿着洋溢着性感的女人味’有堆砌感。
1002,采用垂顺有型的面料打造出一款立体感十足的半身裙，整体版型采用的是简洁利落的a字款式，再结合经典的条纹装饰，看起来更有几分活力气息。再加上衣身上的印花设计，既充满了时尚的造型，又带来甜美的时尚韵味。配上舒适的腰部剪裁，适合日常通勤或旅行出游穿着。而且可拆卸的阔腿裤还能修饰出高挑身材，展现出大长腿风采哦。,阔腿裤样式和竖条纹元素结合，更好的修饰身形，掩藏身材上的小缺点，显得身高腿长。作为近两年流行热点，阔腿裤利落大气的裤型更加适合通勤风格，增强女性职业感，气场强大。精致的印花蝴蝶穿梭在竖条纹间，增添几分灵动和有趣。,类型#裤*风格#通勤*风格#青春*图案#条纹*图案#印花*裤型#阔腿裤,5.0,准确性不足：未包含关键词'青春'、'飘印'（应为'印花'但出现多次）、'阔腿裤'描述为可拆卸，不准确；且文案提及半身裙和A字款式，与商品关键词'裤'矛盾。生动性中等：语言较流畅，但部分描述如'立体感十足'略显平淡，缺少购买冲动。自然度尚可：无明显复读或机械感，但'配上舒适的腰部剪裁'与前后文衔接生硬。整体缺乏对竖条纹、通勤风格的突出，与参考答案差距较大。
1003,黑色的设计，优雅而深沉，自带神秘气质。整体采用蕾丝的款式，带来唯美的感觉。若隐若现的透视薄纱，增添了一些小诱惑的气息，衬托出你的性感气息来；加上松紧的下摆和袖口收边处理，彰显细节的美好，尽显女性成熟知性的姿态；结合宽松的<UNK>，展现轻便随意的感觉，让整条裙装洋溢着满满的高级感。配以及膝长裙摆造型，展现出温柔又浪漫的独特个性。,这款宽松的长裙，穿着起来有着性感的感觉。精美的蕾丝花装饰衣身，既充满年轻女孩的活力，又展现着知性优雅的熟女风范。黑色调自带一分清冷气质，米色调轻松打造青春少女风，两款可满足你任何场合的需求。,类型#裙*版型#宽松*材质#蕾丝*颜色#黑色*风格#知性*风格#性感*图案#蕾丝*裙长#长裙,7.5,准确性方面，文案包含了黑色、蕾丝、宽松、长裙、性感、知性等关键词，但缺失了风格中的'知性'明确提及（虽有'知性姿态'，但未作为风格点明），且未明确提到'米色调'，另外出现了UNK标签（疑似'面料'或'版型'的未识别词）。生动性较好，使用了'优雅而深沉''若隐若现''小诱惑'等词汇，能激发购买欲。自然度基本通顺，但'给予的<UNK>'略显生硬，且整体句子结构稍显堆砌，略有机械感。
1004,这一款牛仔裤休闲连体的设计，精致优雅特别出彩，利落的剪裁加上合体版式的处理，把女性的身姿曲线显露出来，显得格外的高挑纤美。时尚的撞色白条装饰袖子，丰富视觉轻松减龄。高腰设计提升腰线自然显高，宽松直筒的轮廓，不挑身材，而且特别的时尚气质。竖向条纹，丰富视觉自然青春。,这款很有青春气息的牛仔裤采用白色作为色调设计，撞色的明线的条纹勾勒其中，衬托出十足的活力气息，同时又营造了视觉上的立体感。宽松的直筒版型轮廓不挑身材，穿搭起来慵懒而休闲，自由驾驭感十足。高腰的版型剪裁着身更具舒适度，贴合不同人的需求。,类型#裤*版型#宽松*材质#牛仔布*颜色#白色*风格#休闲*风格#青春*图案#条纹*图案#撞色*裤型#直筒裤*裤腰型#高腰,6.0,准确性：遗漏了材质（牛仔布）和颜色（白色）关键词，且将袖子描述为撞色白条（应为裤身条纹），不准确。生动性：有一定吸引力，但部分描述不贴切（如'休闲连体'，牛仔裤非连体）；自然度：通顺但小有机械感（如'修身曲线'与宽松版型矛盾）。
1005,这一款外套采用了经典的圆领款式，在视觉上修饰脖颈的柔美线条，凸显出女性的优雅气质。加上简洁流畅的下摆，勾勒窈窕的身姿，衬托女性的迷人风情。精致的细节处，采用涤纶面料制作而成，触感细腻柔软且亲肤透气舒适。落肩的设计，不仅美观大方更是显气质。撞色的拼接设计，彰显别致简约的美感，展现女性成熟大气的风采，衬托出知性妩媚的气质。,raive这款粗花呢外套，采用涤纶材质打造，触感柔软舒适；整体采用杂色拼色的设计，色彩搭配和谐，温婉又不失活力；简约的低圆领，能够柔和脖颈线条，打造天鹅颈；慵懒型的落肩款式，彰显随性自如格调；撞色勾边处理，能够冲击视觉亮点，活跃整体氛围，打造优雅知性的名媛气质。,类型#上衣*材质#涤纶*风格#简约*风格#知性*图案#拼色*图案#线条*图案#撞色*衣样式#外套*衣领型#圆领*衣袖型#落肩袖,7.5,准确性较好，但遗漏了拼色、线条、杂色等关键词，且未体现撞色勾边和整体杂色拼色的设计。生动性一般，有吸引人的描述如修饰脖颈线条、彰显气质，但缺乏冲击力。自然度较高，语句通顺，无明显复读或机械感。整体不错，但细节与参考答案有差距。
1006,"这件卫衣属于<UNK>款式设计,非常的好穿搭,上身遮肉效果非常的明显。经典的抽绳设计，更增加了几分俏皮的可爱感觉!前短的设计，可以拉长腿部比例。轻松打造大长腿视觉。袖口与下摆的收紧设计,增加整体空间的饱满感,显瘦修身的款型穿着更加舒适自在!简洁流畅的线条加上柔和颜色搭配显得非常随性慵懒。",七格格卫衣连衣裙在腰部处加入了可调节抽绳设计，使裙身的版型样式获得巧妙的提升与蜕变，层次感明显的同时很好的勾勒了腰部处的线条轮廓，缔造出纤细的视觉美感，傲人小蛮<UNK>分钟<UNK>。可调节抽绳的融入也带来了很大的实用性，以便于在上身穿着时可以根据自己的腰围进行适当灵活的调节，就算是微胖型的姑娘也可以轻松灵活的驾驭，既时髦又显瘦。,类型#上衣*版型#显瘦*图案#线条*衣样式#卫衣*衣款式#抽绳,7.5,准确性上，包含关键词但未明确提及'线条'；生动性较好，用词如'俏皮可爱''拉长腿部比例'有吸引力；自然度较高，语句通顺无明显重复，但'遮肉'略显口语化，整体较符合电商文案风格。
1007,采用优质的天丝面料剪裁而成，垂坠挺翘，光泽度好，贴身穿着舒爽透气没有负担感。简洁的v领口设计，露出纤细修长的颈部线条。松紧有度的荷叶花边袖，尽显公主气息。立体修身的剪裁工艺，加上个性大胆的不规则裙身和宽边的收腰设计，凸显女性的窈窕多姿。经典的格纹点缀其上，时髦个性还带出满满的青春活力与校园气质，洋溢着浪漫的女人味儿。,格子是永不褪流行的经典元素，搭配天丝质感的吊带裙，更显别致优雅。v领设计增加精致感，能很好的修饰脸部线条。同色系带收腰提高腰线，勾勒曲线更显婀娜。不规则荷叶下摆增加层次感，修饰腿部线条，更显瘦显高挑。,类型#裙*版型#显瘦*材质#天丝*风格#青春*图案#格子*图案#线条*裙下摆#荷叶边*裙领型#v领*裙款式#不规则*裙款式#收腰,8.0,准确性：基本包含了所有关键词，但未明确提及“格子”和“线条”，需改进。生动性：语言比较吸引人，但部分表述略显堆砌，如“松紧有度的荷叶花边袖”与商品关键词中的“荷叶边”对应，但“花边袖”不够准确。自然度：整体通顺，无机械感，但个别句子较长。
1008,这一款针织衫时尚的一字肩设计，穿着简约又不失女人味，而且很好的修饰颈部和肩部的线条，看起来性感迷人。优雅的喇叭袖口设计，轻盈大方精致利落。加上优雅系带的装饰，透着朦胧的美感，让优雅中透露出性感味道。,能够让你在一票极简风格中，领略到不一样美感的针织衫甚是独特！一字领带出流畅的设计线条，加入一点性感的小心思，就是肩部的系带穿绳，个性十足的同时，展示出性感的锁骨线，让你在简约中美美的迎来春天的穿搭！舒适贴身的款式，也是属于实穿又时髦的BRAND!,类型#上衣*风格#简约*风格#性感*图案#线条*衣样式#针织衫*衣领型#一字领*衣门襟#系带,6.5,准确性较高，覆盖了大部分关键词（如针织衫、一字肩、性感、系带），但缺少“线条”和“简约”的明确提及。生动性一般，使用了“时尚”、“优雅”等词汇，但整体缺乏细节和画面感，购买欲望不够强。自然度较好，语句通顺，但存在一定机械感，如“优雅的喇叭袖口设计，轻盈大方精致利落”略显堆砌。综合评分6.5分。
1009,整体简洁的版式风格凸显优雅女性魅力，经典的西装领设计，干练、大方、时尚，衬托出精致的脸庞。腰部独特的小细节，打破单调且无拘无束，彰显设计感十足。裙摆的开衩设计，穿着舒适惬意，更显优雅大气。,一款很显女性风骨的单品，穿出不凡气质。优雅的西装领设计，经典时尚增添女性干练气场；裙摆式开叉下摆，带来更多活动空间，自由随性，穿出洒脱气质。,类型#裙*裙下摆#开叉*裙领型#西装领,8.0,准确性上，包含了裙下摆开叉和西装领，但未提及'开叉'而用了'开衩'，基本正确；生动性较好，使用了'无拘无束'、'精致脸庞'等，有购买欲；自然度流畅，但'腰部小细节'稍显笼统，整体自然。扣分因未完全覆盖关键词。总分8分。
1010,时尚的直筒款式的衬衫，经过利落而又别致的<UNK>花边水洗处理之后，不仅能够给整体带来十足的精致与美感，还彰显了细节的精妙做工哦！修身的小翻领设计看起来简单大方，上身却能够展示出你的干练十足的好气质呢。而直线的版型裁剪搭配上3d立体的剪裁手法更是能够起到修饰身形的作用，轻松穿出好身材，让你休闲之余又散发出迷人的女人味。,这款军事徽章休闲衬衫选用特色牛津纺面料制作，经过怀旧水洗工艺处理后，复刻出自然落色效果，更显时尚美观；翻领的设计让衣身更加具有时尚感，干练精神，更显年轻活力；而修身版型采用立体裁剪设计，提升时尚气质，彰显男士独特魅力。,类型#上衣*版型#显瘦*版型#立体剪裁*材质#水洗*风格#休闲*衣样式#衬衫*衣领型#翻领,6.5,准确性上，关键词基本覆盖但遗漏了'水洗'（误写为'<UNK>花边水洗'），'显瘦'未体现；'女人味'与商品关键词'风格#休闲'和'男士独特魅力'矛盾，性别指向错误。生动性尚可，但使用了'哦'等口语化表达，略失专业感。自然度一般，部分语句有机械感，如'而直线的版型裁剪搭配上3d立体的剪裁手法'略显重复。
1011,裙子采用高腰剪裁的样式设计而成，给人视觉上提高腰线感的同时具有修饰腿部不足的作用。再加上白色的色调加上竖向排列的蓝白条纹纹理点缀于其间，不但使这款裙子穿着起来具有显高同时又带有修身的效果，而且整体上还更显简洁而大气哦。除此之外，这样一款极具个性风韵的高腰设计的半身裙，还采用了自然垂落的下摆和翻领口造型来打造哟，这样的装饰给裙子的时尚度加分了不止一点点呐。,这款BRAND的半身裙，采用高腰修身的剪裁。其在视觉上巧妙的修饰着身材曲线，较短的裙摆露出修长的双腿，瞬间穿出大长腿的既视感。除此之外，其白色条纹的裙身点缀，具有较强的视觉冲击，在个性吸睛的同时，尽显不凡的穿搭品味。,类型#裙*版型#显瘦*颜色#白色*图案#条纹*裙腰型#高腰*裙长#半身裙,7.5,准确性方面，已包含所有关键词（裙、显瘦、白色、条纹、高腰、半身裙）。生动性上，使用“提升腰线”“修饰腿部不足”“显高修身”“简洁大气”等表达，较具吸引力，但“个性风韵”“翻领口造型”等描述略显冗余。自然度上，部分语句如“不但…而且…还…”稍显啰嗦，且有“露出修长的双腿”与原文“露出腿部”不符，但整体通顺无明显机械感。
1012,这款衬衫的亮点在袖子处，通过大片的包布装饰形成假两件的设计感。配上清新的嫩蓝色和清爽的白色色调，带来几分小公主的高贵气质。甜美中带有丝丝温婉动人的女神范儿。袖子上的荷叶花纹设计打造出精致的泡泡袖造型，同时具有着极好的遮肉效果，上身轻松勾勒出柔美的手臂曲线。加上圆润的荷叶花边下摆以及干练帅气的衬衫翻领，整体更显时髦小淑女的乖巧大方气质。采用天然柔和的全棉面料加以制作，柔软亲肤穿着更舒适。,这是一款专为女童打造的精致淑女范衬衫。拥有清新柔美的蓝色与白色两个色系，纯粹的色彩似将美好的梦想牢牢守护，同时凸显气质的高贵与优雅。采用纯棉面料并添加氨纶弹力成分，上身包容感更强，配合立体多片式剪裁，更显纤细窈窕的腰身曲线。小巧的翻领，易于衬托宝贝乖巧圆润的脸蛋，而压褶泡泡袖肩的设计，更是将甜美与浪漫尽情挥洒。,类型#上衣*材质#棉*颜色#白色*颜色#蓝色*风格#淑女*风格#高贵*风格#清新*衣样式#衬衫*衣领型#翻领*衣袖型#泡泡袖,8.0,文案覆盖所有关键词，语言生动有画面感，但遮肉效果、女神范等描述与女童衬衫定位不完全匹配，略微影响自然度。
1013,选用优质的纯棉的面料制作，具有非常好的耐穿性，而且具有良好的吸湿和透气性。清新飘逸的款式设计，给人带来一丝温婉可人的气息让人眼前一亮。简洁大方的圆领口搭配领口的系带设计，显得更为美观时尚。精美的花朵刺绣，带着一种别具的韵味，更具复古优雅的气质。简单好穿的宽松连衣裙造型，更好的修饰身材曲线更显气质。,一款柔软透气的棉质连衣裙；具有复古韵味的绣花图案，巧妙的蔓延在袖部，精致唯美又不失趣味的设计感，为单调的裙身赋予了清新素雅的韵味；腰间可调的同色系系带，收紧则凸显纤腰穿出优雅范，松弛而系则显宽松穿出随性的魅力。,类型#裙*版型#宽松*材质#棉*风格#复古*风格#清新*图案#复古*图案#刺绣*裙长#连衣裙*裙衣门襟#系带,6.5,准确性一般：包含了‘棉’‘宽松’‘复古’‘刺绣’‘系带’等关键词，但未提及‘图案-复古’‘清新’‘裙衣门襟-系带’中的关键‘复古图案’和‘清新’风格，且‘裙衣门襟-系带’理解不准确（实为门襟系带，而非领口系带）。生动性尚可：使用了‘飘逸’‘精美’‘别具韵味’等词汇，但不够细腻，缺乏画面感。自然度较好：语句通顺，无明显复读或机械感。综合扣分点：关键词遗漏、部分描述不精准。
1014,这是一款充满甜美少女气息的衬衣，时尚宽松廓形与立体小香风相碰撞，完美勾勒出柔美动人的女性曲线。领部运用了绑带元素点缀设计理念，将少女柔美温婉的气质散发得淋漓尽致。结合清新的纯色搭配，彰显优雅气质风范。而腰部采用了精致松紧收腰，衬托出完美的曲线美感。适合于职场女性和约会两穿哦！纯色搭配更是方便穿搭，打造出不一样的女神范儿来哦！这款时尚衬衫上身尽显你的高雅大气与干练稳重，简约不简单的设计感让你轻松秒变人群焦点噢！,这款连衣裙采用衬衫设计风格，尽显职场简约干练气息，整体版型比较宽松，但是在腰部添加绑带设计，有收腰效果，勾勒完美身材曲线。衣身的纯色面料制作，简约大方，打造甜美淑女气质，轻薄面料自带垂感，清新时尚。,类型#上衣*版型#宽松*颜色#纯色*风格#淑女*风格#简约*风格#清新*风格#职场*图案#纯色*衣样式#衬衫*衣款式#绑带*衣款式#收腰,7.5,文案包含了所有关键词，准确性高；语言生动，使用了‘甜美’、‘完美勾勒’等词，有一定吸引力；但部分表述略显夸张和重复，如‘淋漓尽致’、‘完美曲线’出现两次，自然度稍欠。整体优于常见AI文案，但仍有改进空间。
1015,此款条纹短款半裙采用了经典的蓝白条纹面料设计，既美观大气又十分百搭。简洁利落的前襟，轻松穿着尽显休闲范儿时尚版型设计，完美打造出迷人好身材，吸晴十足。而恰到好处的开衩设计，让你随意走动都不会有不适感哦!,简洁的短款半身裙，在侧边做了两条条纹的装饰，让裙子变得休闲时髦起来，更具百搭性。裙摆的开叉设计，让你穿着更舒适，无束缚感。,类型#裙*风格#休闲*图案#条纹*裙下摆#开叉*裙长#半身裙*裙衣长#短款,7.0,待评测文案覆盖了所有关键词（条纹、短款、半身裙、开叉/开衩、休闲），但准确性略有不足：前襟描述与关键词无关；生动性较好，使用了'美观大气''百搭''吸晴十足'等词语，能激发购买欲；自然度一般，部分语句稍显生硬，如'简洁利落的前襟'与条纹半裙不符，整体略有机械感。
1016,精致的羽毛装饰在整件衬衣上有着非常亮丽的光泽效果，不仅增强了裙身整体的立体感和时尚感更显质感，还使整条裙子不再沉闷单调；而细长的系带造型又能够凸显出纤细的腰肢让你更加纤瘦高挑，同时与裙身的花朵刺绣相呼应更能呈现出唯美浪漫的氛围。,古典风格的衬衣，选用素雅的颜色，聚集<UNK>仙气。领口系带设计，翩翩东方少年的感觉。狐狸<UNK>图案刺绣，打破沉闷，<UNK>乐趣，下摆两边大的开叉，给腰身更多一点的自由空间。,类型#上衣*图案#刺绣*衣样式#衬衫*衣门襟#系带,3.0,准确性：遗漏了'刺绣'和'衬衫'关键词，错误描述为'裙子'；生动性：部分描述有吸引力但偏离商品；自然度：通顺但存在机械感，如'裙身'与衬衫不符。
1017,一款适合度假游玩的沙滩短裤，它整体采用了纯色的设计理念，干净简洁又百搭。加上精致的翻盖口袋装饰，不仅实用性强还增添了一丝独特的设计感，让你更显潮流时尚的姿态，同时也可以作为拍照时的装饰物。搭配上略微宽松的样式，上身穿着更加的柔软舒适，也带着几分慵懒随性的气息，轻松打造出时尚休闲的惬意美感。,这件韦恩泽维尔宽松休闲纯色短裤，本身在设计风格中就是非常的与众不同的，主要就是体现在裤子上的翻盖口袋装饰，让一条再简单不过的裤子展现出不一样的潮流。裤子采用的宽松的版型设计，让你不管有再粗的腿也能很好的穿着，采用的优质面料，透气吸汗，也是非常的亲肤。,类型#裤*版型#宽松*颜色#纯色*风格#休闲*风格#潮*图案#纯色*裤长#短裤*裤款式#口袋,8.2,准确性高，涵盖所有关键词；生动性较好，语言流畅有吸引力；自然度佳，无明显机械感。不足在于未突出翻盖口袋的独特性和衣身版型的包容性，但整体优秀。
1018,这一款男士针织毛衣采用经典的<UNK>领子设计，显得硬气有型。同时配以时尚的开衫款式，更显男性自由洒脱的一面。结合衣身的潮流印花装饰与后背可爱的图案，更是增添了一份少女感，更显休闲气息。,这是一款集柔软凉爽。不易产静电、起毛和起球为衣身的开衫，在我们印象中。提到开衫可能会联想到毛衣开衫，但是这款开衫是夏季的，透气又舒适。独特的印花底纹潮流时尚，流苏的装饰点缀个性新颖。蝙蝠版型设计休闲又时髦。,类型#上衣*风格#休闲*风格#潮*图案#印花*衣样式#开衫*衣样式#毛衣,4.5,准确性较低：未包含'毛衣'和'流苏'关键词，且'后背可爱的图案'与商品关键词'潮'冲突，导致准确性不足；生动性不足：'硬气有型'与'少女感'矛盾，削弱购买欲望；自然度一般：'<UNK>'符号显机械，且'可爱'与'潮'风格不符。
1019,veromoda的这款修身针织衫选用优质的纯棉面料制成，上身柔软贴身，亲肤保暖又透气舒适；简洁利落的剪裁配上个性v领设计彰显出女性的曼妙曲线，凸显性感的锁骨轮廓且修饰脸型更加纤小精致迷人。半开叉袖口与下摆细节处搭配，流畅舒适的弧线感尽显时髦优雅的气质。肩部压褶工艺使袖子与衣身的线条更加丰富而立体，视觉上让整体层次感十足。此外，以品牌logo为灵感的<UNK>设计装饰，美观时尚更显简约。,这款来自massimodutti的针织衫，<UNK>百分百全棉材质，自带亲肤触感，具有较好的弹力和透气性，结实耐穿。整体的版型简约大方，在修身的廓形下尽显高挑纤细的身形魅力。v领的领口直观展现颈部的线条和傲人的锁骨，性感十足。领口和下摆加入的罗纹束口，干练大气。,类型#上衣*版型#显瘦*材质#棉*风格#简约*风格#性感*图案#线条*衣样式#针织衫*衣领型#v领*衣款式#罗纹,7.5,关键词覆盖全面，但‘半开叉袖口’和‘肩部压褶’偏离了给定关键词（未提及），且‘优美弧线感’略显堆砌。整体生动自然，但可更紧扣‘简约性感’风格。
1020,这款优雅的长裙采用繁复精致的印花工艺在裙子正面装饰出立体的花朵图案，打造出立体感和层次感，搭配复古的杏桃粉色，衬托女性优雅的气质。腰间的本布腰带的设计，不仅可以轻松突出女性的腰部线条，尽显婀娜多姿的身姿，还能增添装饰的效果。<UNK>两侧的荷叶边的设计，增添整体的层次和视觉上的效果，同时结合喇叭袖的设计，给整体营造出浪漫唯美的气息，彰显着甜美可爱的少女气质。领子和袖子的收口中加入本布织带的细节设计，时尚别致。,一袭飘逸长裙再点缀甜美印花图案，温婉间不失清爽感，彰显了优雅气质。荷叶边收口的喇叭袖设计经典复古，体现了做工的精致繁复，增添了浪漫的风情。腰部的系带设计拉长了腿部线条，看起来更显高挑纤细。,类型#裙*风格#复古*图案#复古*图案#线条*图案#印花*裙下摆#荷叶边*裙长#长裙*裙袖型#喇叭袖*裙袖型#收口*裙衣门襟#系带,6.5,准确性方面，文案包含了所有关键词，但存在<UNK>标记，影响了完整性。生动性较好，使用了立体感、层次感、婀娜多姿等词汇，但部分表达（如‘增添装饰的效果’）略显平淡。自然度存在复读问题，两次提到‘荷叶边的设计’，且描述顺序混乱，未按裙身、袖、腰等逻辑顺序展开，有机械感。综合扣分。
1021,清新花卉印花连衣裙，彰显柔美的女性魅力范儿。领口采用荷叶边的装点，增添些许甜美浪漫的气息。整体修身的版型，完美勾勒你的曼妙身姿。收腰的设计，尽显女性的曲线美。飘逸的袖子设计，增加灵动之美。整条的版型非常的修身显瘦，能够很好的掩饰你身材上的缺陷。这样的一条连衣裙特别适合春日穿哦。,设计师将清新的花卉印花元素使用在裙子的设计当中，结合上荷叶边，赋予了连衣裙更多几分的甜美气质。收腰版型的设计非常贴心，可以避免裙子的腰身过于宽大，穿上之后，显瘦效果颇为不错，能够让你的身形看着更为窈窕。,类型#裙*版型#显瘦*风格#清新*图案#植物*图案#印花*裙下摆#荷叶边*裙长#连衣裙*裙款式#收腰,8.0,准确性方面，待评测文案包含了所有关键词，如印花、荷叶边、收腰、显瘦、清新等。生动性较好，使用了‘柔美’、‘浪漫’、‘曼妙身姿’等词汇，能激发购买欲望。自然度较高，语句通顺，但‘整条的版型’稍显重复，整体无机械感。扣分在于部分表达略显冗余，如‘尽显女性的曲线美’与‘修身版型’略有重复。
1022,"双排扣的风衣是时尚圈经久不衰的经典元素之一，不仅造型感强，而且时尚实用，随意搭配就彰显出你的品位。绑带的设计，增添了几分柔韵的女人味，结合下摆的假两件拼接设计，打造出层次感和丰富性，又展现出了你的气质与品位。整体版型简约大方，穿着起来轻松惬意，既优雅又有型的时髦美。
此款风衣精选优质的面料制成，手感细腻顺滑，柔软又不失筋骨有型。内衬采用优质的毛呢面料制作而成，舒适透气，保暖性强。",所有的时尚都离不开经典的延续。这款风衣的设计经典而简约，上身却自然流露出一份洒脱感。翻驳领挺括有型，加之衣片拼接立体感十足。双排扣开合飒爽帅气，开合穿着都有范儿。束腰绑带勾勒出纤细腰姿，随意<UNK>一个<UNK>整体更有美感。,类型#上衣*风格#简约*衣样式#风衣*衣门襟#双排扣*衣款式#拼接*衣款式#绑带,7.0,准确性方面未包含'拼接'关键词（虽然提到了假两件拼接，但直接描述不够明确），其他关键词齐全；生动性较好，有感染力；自然度较高，但部分表述稍显模板化，如'展现出你的品位'出现两次，略有重复感。
1023,<UNK>刺绣设计是这款披肩的一大亮点，将精美的花朵和叶子的点缀在长裙之上，充满浓郁的异域风情。同时，精致的勾花镂空的袖口设计，上身之后尽显女性优雅气质，凸显浓浓的民族风韵味；修身的版型搭配过膝的裙摆，让女孩子的俏皮与可爱一览无余。,这条民族风的波西米亚长裙，有几处心机设计特别夺目。首先是精致的手工刺绣，传承了民族文化的美感而不失严密的针法，其次就是腰部镂空设计，既能遮肚又显瘦。,类型#裙*版型#显瘦*风格#民族风*图案#刺绣*裙长#长裙*裙款式#勾花镂空,5.0,准确性不足：遗漏关键词'类型#裙'（文案描述为披肩），且'版型#显瘦'未明确体现。开头出现<UNK>错误，自然度降低。生动性中等，但细节与商品不符（如袖口设计实际为腰部镂空）。整体需要修正。
1024,此款<UNK>女士中长款外套，采用优质面料制作而成。加上独特的品牌logo和时尚潮流字母相组合设计，十分经典。后背精美的印花设计，彰显品质感。整体打造了完美的视觉外观。,在多风的季节，还是让孩子穿着巴拉巴拉中长款版型的女童外套吧，它不仅能很好的修饰身材，而且还很防风穿着不怕冷呢。看它身后那不同色彩的字母印花图案，在打破衣身单调性的同时，还给整体增添了一丝时尚气息，能轻松塑造具有潮流气息的萌娃形象哦。,类型#上衣*风格#潮*图案#字母*图案#文字*图案#印花*衣样式#外套*衣长#中长款,6.0,待评测文案在准确性上基本覆盖了所有关键词（中长款、外套、字母、印花、潮），但将'潮'弱化为'时尚'，且缺少'上衣'和'文字'；生动性不足，语言平淡，缺乏感染力，未能激发购买欲望；自然度一般，虽有'经典''彰显品质感'等词，但整体机械感较强，不如参考文案流畅自然。
1025,设计师为这条裤子特别选取了柔软亲肤的灯芯绒材质，穿着起来舒爽有弹性。侧边融入撞色的宽绗缝线和刺绣设计，层次鲜明凸显品质。独特的翻边裤脚设计修饰腿部修长线条，增添几许俏皮的浪漫气息。腰间两个对称的口袋点缀，可以随身放置小物品，也起到修身效果哦！上身穿着露出性感小蛮腰。,修身版型，收裤脚设计，修正腿型衬出纤细柔美的腿部线条，精致显瘦。穿着时挽起裤脚，形成撞色的翻边观感，更具个性感。两侧口袋设计，实用美观。裤管花朵刺绣设计，增添几分神秘浪漫的气质。,类型#裤*版型#显瘦*风格#性感*图案#线条*图案#刺绣*图案#撞色*裤款式#口袋*裤口#翻折,7.0,缺少关键词'性感'和'显瘦'，但整体语言生动，有购买欲望，通顺自然。
1026,这款充满时尚设计感的长袖吊带<UNK>着一件简单、易搭的连衣裙，让你无需花费太多的心思搭配，就能彰显出十足的魅力和风情。经典的v字形领口配合宽长的金属链吊带，带来满满的性感女人味。立体的花朵装饰点缀衣身，增添了几分甜美气息。下摆自然垂下的荷叶边打造出优雅迷人的气质，行走间尽显优雅大方。,<UNK>推出的度假风的吊带连衣裙，采用的是深v的设计，很好的拉长你的脖颈，同时还能露出你优美的锁骨，显得超性感。吊带的款式设计，可以轻松凸显你的高挑感，看起来魅力十足。裙身上的立体装饰，更有设计感，让裙子更有仙气。,类型#裙*风格#性感*裙长#连衣裙*裙款式#立体装饰*裙款式#吊带,5.0,准确性上，未包含关键词'裙款式#立体装饰'（原文提到立体花朵装饰，但关键词为立体装饰，不够准确），且裙长描述不明确；生动性一般，但'经典v领'、'金属链吊带'等描述较有画面感；自然度尚可，但稍显冗长，整体机械感不强。打分综合考虑准确性扣分较多，生动性中等，自然度较好。
1027,宽松的纯色打底衫，自带几分职业通勤款的感觉，上身十分的舒适、帅气。直筒的衣身剪裁利落干净，很好的遮肉显瘦。小v字领口的设计十分贴心，既能拉长颈部线条，还能更好的修饰脸型。面料轻薄透气，贴身穿清爽又柔软。,一件舒服好穿的打底可以说是衣橱里的许多单品的“救星”了。温柔的猪猪这款通勤感打底衫，采用v领设计，更加修饰肩颈线条；领口采用包边工艺，不易变形，更显质感；腰身微宽松版型，不限制身材，轻松掩盖不完美之处，更加显瘦；纯色设计，低调优雅。,类型#上衣*版型#宽松*版型#显瘦*颜色#纯色*风格#通勤*图案#纯色*图案#线条*衣样式#打底衫*衣领型#v领,8.0,准确性上，待评测文案包含了关键词如宽松、纯色、打底衫、通勤、显瘦、V领，但缺少了“版型显瘦”的明确表达和“线条”关键词，不过整体覆盖较好。生动性方面，语言如“自带几分职业通勤感”、“拉长颈部线条”、“遮肉显瘦”等具吸引力，能激发购买欲。自然度上，语句通顺，无明显复读或机械感，但“清爽又柔软”稍显常见。总体优秀，扣分因关键词遗漏和细节不够丰富。
1028,纯白色的造型简洁素雅。整体设计低调又耐看。侧缝的条形竖纹与腰间的黑白撞色相呼应，给单色调衣身注入了新鲜感，更显层次。自然垂下来的一字后袋提升了整体的包容性更显时尚干练魅力。哈伦微喇型的九分中裤修饰腿部流畅线条，裤脚的百褶花边让整体的造型更加轻盈灵动有活力。,腰部的撞色设计将白色条纹缀在腰间，双层纹路不但增添了层次感还有着黑白色彩的对比显得简洁中有精致的设计感。九分裤长设计的哈伦版型有着彰显腿长的效果，看上去<UNK>修长很有拔高身形的作用。上松下紧的设计让裤子完美地贴合腿部线条，勾勒出腿型的优势。醋酸纤维的面料使得裤身有适当的弹性，不论腿粗还是细都能驾驭好，有着自然的垂坠感。,类型#裤*颜色#白色*颜色#黑白*图案#条纹*图案#线条*图案#撞色*裤长#九分裤*裤型#哈伦裤,7.5,准确性方面，未提及醋酸纤维面料、上松下紧设计，但其他关键词基本覆盖。生动性较好，使用了'注入新鲜感'、'轻盈灵动'等吸引眼球的表达。自然度较高，语句通顺，无明显机械感。但关键词覆盖不全，且部分描述与参考答案不符（如裤型为微喇而非哈伦），因此扣分。
1029,这款来自BRAND的开衫精选优质的天丝面料制作而成，柔软亲肤的同时穿着更透气吸汗；采用经典的宝蓝色的基调融入精湛的刺绣装饰在胸前，凸显出高雅高贵的气质美感；而时尚大方的连帽与袖臂点缀相结合，使衣身更具层次感之余穿着也倍感年轻减龄；加上衣摆处的品牌logo标识彰显出品牌的质感；再加之独特的网孔式针织纹理的加入点缀着，既丰富了整体细节亮点又能起到很好的防风保暖效果；前襟两侧斜插式的口袋方便存放随身物品而且穿脱也更加便捷休闲。,针织开衫的实穿性能非常强，已然成为了都市女性衣橱必备的单品。这款开衫选用宝蓝色调，凸显出优雅且高贵的气质。添加了天丝材质，触感是爽滑而舒适的。采用连帽设计，又展现出了随性的休闲范。而大口袋的设计，不仅实用还提升了造型感。再加上小狗刺绣的点缀，还增添了趣味性和活力。,类型#上衣*材质#天丝*材质#针织*颜色#宝蓝色*风格#休闲*风格#高贵*图案#刺绣*衣样式#开衫*衣款式#口袋*衣款式#连帽,6.0,待评测文案包含了所有关键词，但内容冗长，部分描述重复（如'点缀着'、'凸显出'），且'BRAND'和'品牌logo'未经实测为虚构信息，降低了真实感。语言可读性较低，缺乏简洁生动的表达，购买欲望较弱。
1030,这款吊带连衣裙选用精致的钩花面料制作而成，让整体透露出性感的女人味儿。搭配上立领的设计，更显端庄温婉之美。而那镂空的丝绒装饰是整件连衣裙的一大特色，不仅起到了很好的点缀效果，穿上身还透着甜美浪漫的柔美情怀，穿着回家穿也是十分居家。,一款别致的两件套长衫连衣裙，多种穿搭，各具风格。肩部镂空的丝绒吊带裙，保留了传统中式立领，居家外穿皆适宜，传统中带着性感的小心思。,类型#裙*材质#丝绒*风格#居家*风格#性感*裙长#连衣裙*裙领型#立领*裙款式#勾花镂空,6.5,准确性方面，文案提到了丝绒、镂空、立领、居家等关键词，但缺少'两件套'和'勾花镂空'，且将'勾花镂空'误写为'钩花面料'，与关键词不完全匹配。生动性尚可，使用了'女人味儿'、'端庄温婉'等词汇，但整体略显堆砌，购买欲望一般。自然度较好，语句通顺，但'穿着回家穿'表述稍显冗余。综合评分6.5分。
1031,这款雪纺衫设计师做了两件套的设计款上身，内层的透视网纱结合领口绑带的加持展现十足的女人味。而外层的浪漫微透的羽毛裙摆更带来几分俏皮。飘逸的轻盈蓬起<UNK>设计让步履间更显迷人气质，让你更加楚楚动人，同时也能有效的隐藏你身形上的缺陷曲线美展露无遗。立体时尚的荷叶边也是一大亮点，增添了几抹灵动精致感。,这一款雪纺衫时尚的荷叶边装饰，随风摇曳轻盈出彩。精挑细选顺滑柔软的布料，泛着柔亮的光泽，穿着体验度不一般。加上领口绑带，精致美丽错落有致。整体看起来，款型不会显得单调，更显轻松随意感。,类型#上衣*衣样式#雪纺衫*衣款式#绑带*衣款式#荷叶边,7.5,文案包含所有关键词（雪纺衫、绑带、荷叶边），生动性较好，但自然度因个别表达不通顺而扣分。
1032,设计师将经典的黑白色调进行<UNK>搭配，碰撞出令人心动的时尚火花，带来别样的视觉美感。v字领口的剪裁设计，打造出若隐若现的朦胧美感和十足的迷人风情，轻松演绎都市摩登女郎韵味；a型廓形的剪裁，凸显窈窕身姿曲线；与同款的背心短裤组合在一起，上身效果极佳，尽显纤细迷人的小腿线条和性感圆润的大腿；简洁大方的圆环点缀在腰间，丰富整体造型美感，打破沉闷感的同时尽显女性的端庄和典雅风范，彰显出了品牌的独特魅力和严谨的高工艺水准。简约却不简单的两件套服饰，让优雅的女性魅力得到了更好的彰显。,长袖上衣加短裤的巧妙结合，瞬间让平淡无奇的造型立刻变得生动俏皮，特别的吸睛亮眼。此款黑白撞色上衣，显得非常有气质，简约中透露着时髦味道，既清雅又显气质，大v领设计，更为性感抚媚，且展露迷人纤细的颈部线条，波动着男士的心，且短裤的搭配，穿着干练脱俗，更加增添女人的柔情，洋溢着青春活力感。,类型#裤*颜色#黑白*风格#简约*风格#性感*图案#线条*图案#撞色*裤长#短裤,5.5,准确性不足：遗漏了'裤长#短裤'、'风格#简约'、'图案#线条'等关键词，且AI生成的文案包含'背心短裤'与商品描述不符，同时存在未知标记<UNK>。生动性中等：语言较为流畅，但缺乏互动感和情感共鸣，购买欲望激发一般。自然度一般：部分表述略显冗余（如'端庄和典雅风范'），且整体结构偏机械，未完全贴合商详页风格。
1033,<UNK><UNK>的这款白底红苹果刺绣衬衣采用了白色的设计效果穿上身后能够轻松打造出男生气质的细腻感，棉质面料和七分袖的设计能够展现出绅士的商务范儿，同时也能轻松驾驭日常和休闲场景；红色的苹果刺绣在低调中又能增加细节美。经典的尖领更是让人穿起来清爽而又干净。,太平鸟与可口可乐推出的一款<UNK><UNK>品，而且还是男士衬衫，尖领以及七分袖的设计定位于半休闲的场合。全身采用素净的白色，用料是纯棉质地，尽显柔和斯文的气质。而可口可乐的logo以白色刺绣的形式低调点缀于腰间。,类型#上衣*材质#棉*颜色#白色*风格#休闲*图案#刺绣*衣样式#衬衫*衣领型#尖领*衣袖长#七分袖,6.5,准确性方面，文案遗漏了‘尖领’关键词，且‘白底红苹果刺绣’与商品关键词‘白色’、‘刺绣’不符，存在虚构（红苹果）；生动性中等，有一定描述但‘男生气质的细腻感’稍显别扭；自然度一般，‘能够轻松打造出’‘能够展现出’等重复句式略显机械。
1034,一袭花苞领的吊带裙显得非常的甜美浪漫，搭配着一件优雅浪漫的连衣裙，两者之间碰撞出别样的火花，打造出清纯唯美的造型感，显得人落落大方更有气质。花苞领的设计时尚而优雅，既能够展现女性的婉约浪漫的气质感又能够展现出女人味和独特魅力。加上性感的深v领设计，更显迷人锁骨与天鹅颈，衬托出迷人的香肩与白皙的肌肤，吸引众人的眼球更加的靓丽。同时加入个性的后背交叉以及高腰的版型设计，再加上优雅的开衩设计，打造出性感撩人的迷人姿态。,一款甜美优雅气质连衣裙，选用一字带v领设计，展现<UNK>的时尚魅力。另外选用花苞袖设计，丰富整体造型美感，更显甜美气质。搭配开叉裙摆设计，打造出一款与众不同的气质美衣，也就是此款连衣裙的亮点之处。,类型#裙*裙型#花苞裙*裙下摆#开叉*裙长#连衣裙*裙领型#v领,6.5,文案包含大部分关键词，但遗漏了「花苞裙」且误用为「花苞领」，准确性不足；语言生动但重复较多，自然度有待提升。
1035,设计师在领口及衣身上的大面积钉珠装饰，为这款连衣裙增添丝丝时尚个性，别致又可爱。精致的小立领设计，衬显迷人的锁骨曲线。花边的拼接设计，彰显女性柔美与俏皮气质。宽宽松松的样式加上恰到好处的微喇叭中袖造型，穿着舒适又有很好的遮肉效果。上身自带街拍范儿，让你成为行走的时尚焦点。,镶边立领搭配精致的花边和桀骜的钉珠，将新时代年轻女孩的性情展现的淋漓尽致。拼接的半灯笼袖设计，不会显得手臂粗壮，还给整条裙子增添了活力。这条连衣裙，精致华美的同时又兼具桀骜不驯的街头气息，自由自在做自己，才是年轻人应有的态度。,类型#裙*风格#街头*裙下摆#花边*裙长#连衣裙*裙领型#立领*裙袖型#灯笼袖*裙款式#拼接*裙款式#钉珠,6.5,漏掉了'街头风格'和'灯笼袖'两个关键词，'微喇叭中袖'描述不准确；语言较生动但缺乏参考答案中的叛逆个性；通顺自然但细节有偏差。
1036,"这款两件套由内层的吊带背心和外层的风衣组成。<UNK>了性感的露肩设计，让穿着者更显妩媚动人的气息。而精致的翻领和立体花边装点则提升了细节处的美感,让人产生如沐春风之感。时尚的双排扣和长袖子可以更好地修饰身材比例，带来时髦的设计感。",这款风衣双排扣的设计，延续了军装的那种英姿飒爽的感觉，加入了两侧露肩设计，展现优美性感的肩部曲线；简洁的翻领设计，凸显女性的大气干练气场，上身效果立体感强；同色系<UNK>袢设计，勾勒出纤细腰身和迷人曲线。,类型#上衣*风格#性感*衣样式#风衣*衣领型#翻领*衣门襟#双排扣*衣款式#露肩,5.5,准确性方面，遗漏了'双排扣'和'露肩'两个关键词，且'风衣'属性被拆分描述，完整性不足；生动性上，'妩媚动人'、'如沐春风'等用词尚可，但购买欲望不强；自然度较好，语言流畅，无明显机械感。总体评分中等偏低。
1037,在裤腰处选择一条本布带，方便穿脱的同时还有着修饰腰部的效果。同时还可以系起一个甜美可爱的小蝴蝶结，瞬间提升精致度。加上同色的腰带设计，起到了收束腰线的作用，能拉伸整体的时髦感。<UNK>上松紧带的处理，使得活动方便而自如，带来舒适的穿着体验效果。以及微喇的长款版型设计，打造出了高挑的视觉效果。再加上略微有透视的面料，则能够显露纤细迷人的腿部线条，结合阔腿的造型设计又打造出一番摩登复古的look。,设计师新颖的将金丝绒面料与阔腿裤的版型相结合，赋予了裤装几分复古的风情，垂顺的面料呈现出拉长腿部线条的视觉效果，更显高挑纤细身姿。松紧带设计，即穿脱更方便，又令其舒适没有束缚感。裤头蝴蝶结系带点缀，尽显女性闲适的自在感。,类型#裤*风格#复古*图案#蝴蝶结*图案#复古*图案#线条*裤型#阔腿裤*裤款式#松紧带,7.0,准确性方面，包含所有关键词（阔腿裤、松紧带、蝴蝶结、复古、线条），但有重复提及如“腰带”。生动性较好，使用了“甜美可爱”、“摩登复古”等词汇，但部分表述如“收束腰线”略显平淡。自然度存在不足，如“<UNK>”标记和“上松紧带的处理”表述别扭，整体略显冗长。
1038,以黑白条纹的纹理为裙身的装饰，营造了一种复文艺复兴时期的欧洲格调，显得雅致而有底蕴。经典的x版型，加上收腰设计让这款连衣裙呈现出了女性的优雅与知性。领口处的系带领，再加上蝴蝶结点缀其中，更突显出温婉大气的一面。不规则的剪裁下摆，使裙子更有层次感。门襟处的别针设计，彰显出了独特的设计风格。,这款收腰连衣裙走的是端庄知性的风格路线，尽显出你的温柔温和的性情，非常的优美迷人。配合黑白条纹的设计，尽显出复古端庄的气质。不规则的裙摆，尽显出你的华丽大方。配合蝴蝶结的袖袢，体现出新鲜新颖的视觉效果，说明其品质可嘉。,类型#裙*颜色#黑白*风格#复古*风格#知性*图案#条纹*图案#蝴蝶结*图案#复古*裙长#连衣裙*裙款式#不规则*裙款式#收腰,8.5,关键词覆盖较全（缺“复古”明确提及但隐含），语言生动自然，逻辑连贯。虽未直接说“复古”但用“文艺复兴”替代尚可，整体优秀。
1039,这款小清新的男士polo衫采用柔软、细腻的棉质面料，具有良好的吸湿透气性，带来舒适的穿着体验；经典的圆领领口简洁大方结合了宽松自然的剪裁，能够很好的隐藏身上的赘肉。胸前加入独特的英文贴布绣，打破纯色的单调感，带出满满的运动活力气息；后背采用大片的logo装饰，提升了品牌辨识度，同时注入了一丝时尚的学院风气息。,仿佛是专门为了夏天而存在的一款polo衫，纯净耐看的纯色系列穿出男性的好气色，瞬间年轻好几岁不是问题。经典的版型延续了一贯的舒适性，上身宽松不紧勒肌肤，更显随性慵懒。柔软的纯棉材质轻松吸汗透气，即使是在运动后的状态也能完美应付。干净的纯白色更显清新文艺。,类型#上衣*版型#宽松*材质#棉*颜色#纯色*风格#文艺*风格#运动*风格#清新*图案#纯色*衣样式#polo,7.0,文案包含了大部分关键词，但遗漏了'风格#文艺'和'图案#纯色'（实际描述为'纯色'但强调贴布绣打破了纯色）。语言较生动，有细节描述，但部分表述如'带出满满的'略显夸张。自然度较好，没有明显机械感。整体准确性和吸引力良好，但可更贴合参考答案的文艺清新风格。
1040,作为都市女性衣橱的必备单品之一：西装，这次在肩章上运用了蕾丝花边的设计手法，呈现出两截式的既视感。再加上拼接式袖口，带来一丝若隐若现的朦胧美感。,春暖花开，万物复苏。又到了西装发挥作用的时候，西服的<UNK>硬朗是不可磨灭的。这款袖口蕾丝的皮西装，中和了中性的感觉，在帅气与女人之间随意切换，肌理感pu皮面料。袖口与拼接蕾丝可脱卸，复古风十足~,类型#上衣*材质#蕾丝*图案#蕾丝*衣样式#西装*衣款式#拼接,5.5,准确性方面，待评测文案覆盖了‘蕾丝’、‘西装’、‘拼接’，但未提及‘上衣’、‘图案’、‘衣样式’等关键词，且遗漏‘袖口蕾丝’和‘皮’材质；生动性一般，语言较为平实，缺乏情感和场景描写，购买欲望不强；自然度较好，语句通顺无重复，但略显机械，缺少参考文案的节奏感和生活化表达。
1041,这款来自BRAND设计师原创设计的西装连衣裙，由经典与时髦元素结合的廓形设计而成，搭配领口的蕾丝拼接，使整体造型显得更为立体丰富。腰部配有同色系腰带可自由调节腰围大小，让穿着舒适自在的同时彰显利落干练范。,春暖花开，万物复苏。又到了西装发挥作用的时候，西服的<UNK>硬朗是不可磨灭的。这款袖口蕾丝的皮西装，中和了中性的感觉，在帅气与女人之间随意切换，肌理感pu皮面料。袖口与拼接蕾丝可脱卸，复古风十足。,类型#上衣*材质#蕾丝*图案#蕾丝*衣样式#西装*衣款式#拼接,6.0,准确性不足：缺少'蕾丝'材质、'蕾丝'图案、'衣袖'元素，且未完全覆盖所有关键词。生动性一般：虽有时髦、立体等描述，但缺乏场景感和情感触发。自然度尚可：通顺但略有机械感，如'由...搭配...使...'句式。总评中等偏下。
1042,简约而又凸显气质的衬衫，选用纯白的色调来打造，百搭而且优雅，可以轻松地搭配服饰。肩袖的绿白条纹设计，给整体的造型增添了俏皮感而且十分显肤色。宽松的设计更凸显高挑身材和显瘦的效果，小不规则的下摆设计，为整体增添了一丝随性自然感，更加彰显休闲格调。优质的面料穿着舒适保暖又抗皱，非常实用耐穿。,纯粹利落的经典衬衫款式，打造休闲时尚风，这款BRAND白色女士衬衫，简约的白色百搭又不乏大气美感。不规则的弧形下摆处理，让整体更具随性自然的休闲气息。宽松版型上身具有显瘦的效果，个性绿色贴布点缀，带来夏季清爽之感。,类型#上衣*版型#宽松*版型#显瘦*颜色#白色*颜色#绿色*风格#简约*风格#休闲*衣样式#衬衫*衣款式#不规则,7.0,准确性较好，覆盖了大部分关键词如宽松、显瘦、白色、简约、休闲、衬衫、不规则，但缺少'绿色'（提及了绿白条纹但未明确说绿色）和'版型'（未直接提及版型一词）。生动性尚可，使用了'俏皮感'、'显气质'等词，但整体不够突出。自然度较好，语句通顺，但有一点机械感，如'非常实用耐穿'与夏季风格不符（提及保暖抗皱，略显突兀）。
1043,这款半身裙采用包臀的裁剪设计，在视觉上可以很好的拉高腿部的比例；裙摆处开衩的设计，若隐若现地将腿型进行修饰；牛仔面料本身自带怀旧风的味道，复古又时髦；后腰处的装饰<UNK>毛边装饰，增添设计感的同时也增加整体的层次感，小性感的气息不言而喻；修身的款式上身效果很好，完美展示腿部的曲线。,牛仔半裙的出<UNK>相信是每个mm都知道的，这是一款既复古又有范的牛仔半裙，全手工的漆点尽显个性和潇洒，为半裙增添满满的不羁气质。半裙是修身的包臀版型设计，视觉上尽显你的曼妙身材，也性感又抢眼。裙身有一道开叉设计，搭配下摆的毛边设计，更添率性气息。,类型#裙*版型#显瘦*材质#牛仔布*风格#复古*风格#性感*图案#复古*裙型#牛仔裙*裙型#包臀裙*裙下摆#开叉*裙下摆#毛边*裙长#半身裙,7.0,文案覆盖了几乎全部关键词（缺'性感'、'复古'提及但略弱），准确性较好；语言较生动但有机械感（如'若隐若现地将腿型进行修饰'稍显生硬），自然度一般；缺乏明显购买欲激发，整体中上。
1044,这件外套采用了经典的款型设计，穿着彰显女性韵味，衬托你的个人气质！时尚小翻领的设计，不仅修饰脸部的曲线还能美化颈部，整体利落干净不拖泥带水；面料硬挺有质感，显得优雅大方又不乏气质的气场，下摆开叉的设计，打破了沉闷与单调感，时尚又减龄，让穿着随性自如不受拘束！,这件风衣外套在设计上极具突破性，不再是经典的风衣廓形，做了很多创新和改变。首先保留了翻领设计，但是不再是规矩的翻领，还有面料不再是挺阔的面料，加上下摆的百褶处理，穿着更显飘逸和灵动，没有一点点拘束感。,类型#上衣*衣样式#风衣*衣样式#外套*衣领型#翻领,6.0,准确性方面包含关键词，但‘硬挺面料’与参考文案‘飘逸灵动’矛盾，存在错误；生动性一般，有‘女性韵味’‘优雅大方’等套话；自然度流畅，但‘穿着彰显女性韵味，衬托你的个人气质’略显冗余。整体得分中等。
1045,这件风衣外套采用毛呢面料制作而成，具有很好的版型感和挺括度以及抗皱效果。上身帅气时尚，展现男士的干练沉稳气质。经典的翻领设计，显得脸小，精神气质好。两侧贴兜的设计，实用美观，可置放些随身物品很是方便贴心。,风衣的干练和帅气，是其他外套无法给予的，上身随意但又不乏气场的这款风衣，简洁的翻领设计，流畅的剪裁尽显干练大气；同色系<UNK>袢设计，勾勒纤细腰身展现出迷人的曲线；后背开叉和贴布点缀的亮点，增添设计细节又洒脱随性。,类型#上衣*衣样式#风衣*衣样式#外套*衣领型#翻领,6.5,准确性方面，虽然包含了'风衣''外套''翻领'等关键词，但缺少'衣样式'中的'风衣、外套'外其他样式描述，且未提及'衣领型'以外的领型细节。生动性上，语言较平实，如'显得脸小，精神气质好'缺乏画面感，购买欲望不足。自然度尚可，但'版型感和挺括度以及抗皱效果'略显罗列，有轻微机械感。
1046,简洁的连体裤设计时尚大方，采用舒适透气的亚麻面料制作而成，上身后亲肤柔顺又透气自然，即使贴身穿着也不易产生不适感。镂空的连肩袖设计凸显女性独特气质之余又可以修饰手臂曲线。腰部搭配的是橡筋松紧式腰头的设计，简单方便而且十分百搭，穿脱更加便利。略显宽松的裤子剪裁打造小蛮腰同时还拉长了腿型，九分的长度显高挑又不失端庄稳重。,这款连体裤版型宽松，对衣者的身材要求没有过多要求；九分裤设计则是小个子妹子们不可错过的显高武器，而腰间系绳设计，更是进一步提升了腰线；同时圆环镂空搭配系绳更方便调节腰部的松紧程度。亚麻面料上身舒适，是值得尝试的时尚单品。,类型#裤*版型#宽松*材质#亚麻*裤长#九分裤*裤长#连体裤*裤款式#勾花镂空*裤腰型#松紧腰,7.5,准确性较好，覆盖了所有关键词，但未提及'勾花镂空'而用了'镂空'，略有偏差；生动性不错，语言较生动但未突出亚麻面料的独特质感；自然度较高，整体通顺，但存在一些机械表达如'打造小蛮腰同时还拉长了腿型'略显生硬。综合评价中等偏上。
1047,经典的经典款圆领设计，穿起来简洁大方有型又好看，同时可以修饰颈部曲线，穿着舒适自在且又时尚百搭。腰间小圆环镂空的装饰处理，层次感丰富精致不失单调，还能起到修饰腰部和腿部赘肉的效果，从而实现显高显瘦的视觉效果。衣身做了两粒同色扣子的点缀装饰，方便穿脱的同时更增添美观性。下摆与袖口压线宽松的设计是整件设计一大亮点，看起来简单大方，能遮住小肚腩腿上肉来显出曼妙身材，更能展现个性与时髦风范。,<UNK>让你孕期也能魅力依旧，经典的圆领，更具百搭感，宽松的镂空袖子设计，让裙子更立体，同时还能显瘦遮肉。精致的花瓣领设计，整体造型更具女人味，后背的一字纽扣设计，更适合孕妈穿着。,类型#裙*版型#宽松*版型#显瘦*裙领型#圆领*裙款式#勾花镂空*裙款式#纽扣,7.5,准确性上，关键词基本覆盖，但缺少'勾花镂空'，'腰间小圆环镂空'可视为相关但不够精确。生动性较好，使用了'简洁大方有型'、'时尚百搭'等吸引人词汇，能激起购买欲。自然度上，语言较通顺，但存在复读现象如'经典的经典款'，稍显机械。整体评分7.5。
1048,这款男士牛仔裤精选优质的面料作为主要材料，穿着舒适亲肤柔软，时尚更百搭。修身的版型和干净利落的剪裁，拉长身材比例更显纤细。加上经典的高腰设计搭配裤脚的翻卷工艺，显得个性不羁。简洁有型的深蓝选择更为清爽干练。精致的走线均匀，更是细节的展现和体现。,misssixty的这条牛仔裤采用了时尚大气的烟灰色，改变了常规的深蓝色带来的审美疲劳。它是高腰裤的版型，腰身部位用一排扣子装饰，适合外穿把纤细的腰身展露出来。带有弹力的修身版型，让你即使是穿着牛仔裤也不会感到束缚感。,类型#裤*版型#显瘦*材质#牛仔布*颜色#深蓝色*裤腰型#高腰,7.0,待评测文案包含了所有关键词（类型#裤、版型#显瘦、材质#牛仔布、颜色#深蓝色、裤腰型#高腰），准确性高。语言有一定生动性，如‘个性不羁’、‘清爽干练’，但开头‘精选优质面料’略显通用，购买欲望中等。文案通顺自然，无明显机械感，但‘时尚更百搭’略口语化，整体质量良好。
1049,"夏天就要来了。作为衣柜里必不可少的牛仔短裤总是备受关注,这条白色的牛仔裤,款式比较日常百搭,但是它独特的剪裁设计却是别有一番风味。以经典的a字版型结合高腰线剪裁，从视觉上拉长腿部线条。再采用个性鲜明的毛边圆环织带装饰腰间，让这款经典白底色系的短裤更添了一丝个性色彩。简约而又有范儿。",设计剪裁立体有心意，穿着更加有型有范儿。设计师匠心独制，高腰阔腿设计修饰腿部线条为此款白色牛仔短裤添彩，另外做旧毛边工艺设计又将短裤点缀得恰到好处。简约大方的牛仔面料，使每个女孩子都能轻松驾驭，展现夏日里的好身材，释放女生独特魅力。,类型#裤*材质#牛仔布*颜色#白色*风格#简约*图案#线条*裤长#短裤*裤型#阔腿裤*裤腰型#高腰*裤口#毛边,8.0,准确性：包含所有关键词（类型#裤、材质#牛仔布、颜色#白色、风格#简约、图案#线条、裤长#短裤、裤型#阔腿裤、裤腰型#高腰、裤口#毛边），但“A字版型”未明确提及阔腿裤，可视为相近。生动性：语言较吸引人，如“别有一番风味”、“拉长腿部线条”、“个性色彩”等，能激发购买欲，但缺少对“简约大方”的强调，整体略逊于参考答案。自然度：通顺流畅，无复读或机械感，但“圆环织带”与参考中的“毛边工艺”略有差异，可能引入不准确细节。
1050,小立领设计，凸显脖颈的纤细修长，甜美优雅<UNK>，在袖口和领口上加入木耳花边点缀更加显得俏皮可爱，减龄又活泼。内里连衣裙采用压褶处理而成的褶皱，自然蓬松。气质套头的领子，后背隐形拉链，方便穿脱又美观大方。不规则的下摆设计，使裙子飘逸灵动，浪漫风情尽显。上衣的腰部做了收紧线的设计加上网纱拼接，若隐若现之间尽显小女人特有的柔性感。整体设计的亮点在于，上身与下摆处的不规则褶皱及裙身百褶的设计，修身不显拖沓更能衬托出凹凸有致的完美身材。,内搭的连衣裙，几乎每个人都有一件。但是像这件这么性感妩媚的很少，没有拉链，套头就可以穿，网纱的垂感很好，因此是很显瘦的，而且大身网纱另外做了压褶，因此有了百褶的效果，不规则木耳边抽褶拼接，更添吸晴亮点。,类型#裙*版型#显瘦*材质#网纱*风格#性感*裙型#百褶*裙下摆#压褶*裙长#连衣裙*裙衣门襟#拉链*裙衣门襟#套头*裙款式#拼接*裙款式#拉链*裙款式#木耳边*裙款式#抽褶*裙款式#不规则,7.5,准确度较高，涵盖了大部分关键词，但缺少'拉链'、'套头'、'性感'、'拼接'、'抽褶'等；生动性较好，语言有吸引力，但略显啰嗦；自然度一般，存在重复（如'褶皱'多次出现）和'<UNK>'未知符号，部分描述与商品不完全匹配。
